forecast_made_at,actual,train_mean,persistence,seasonal_naive,moving_average,drift,ridge,gradient_boosting,lstm
2024-11-07 02:00:00,8.547272727272727,9.148200559789531,8.67090909090909,10.238181818181818,8.776143939393942,8.58181818181818,9.127774910656868,8.804057809839286,9.226337440279378
2024-11-07 03:00:00,9.358333333333333,9.148200559789531,8.559999999999999,9.280833333333332,8.700102272727275,8.25583333333333,9.061080620025184,8.502700460846333,9.191530054836088
2024-11-07 04:00:00,9.406,9.148200559789531,8.495454545454546,9.184444444444445,8.60709090909091,8.123409090909092,9.02570608037603,8.552460267543998,9.156235948198757
2024-11-07 05:00:00,9.366666666666667,9.148200559789531,8.539090909090909,9.205,8.566363636363638,8.376181818181818,9.034791712121384,8.531118197447844,9.129878123536951
2024-11-07 06:00:00,9.471111111111112,9.148200559789531,8.547272727272727,9.190000000000001,8.535454545454547,8.423636363636364,9.060408163301197,9.000376830539073,9.11533480063984
2024-11-07 07:00:00,9.441818181818181,9.148200559789531,9.358333333333333,9.213333333333333,8.73503787878788,10.156666666666666,9.378583151188215,9.174642458706128,9.198134173960993
2024-11-07 08:00:00,9.47090909090909,9.148200559789531,9.406,8.9925,8.962674242424244,10.316545454545455,9.445365184311486,9.261148730289518,9.284729867729958
2024-11-07 09:00:00,9.499090909090908,9.148200559789531,9.366666666666667,8.975,9.169568181818184,10.194242424242425,9.12237883784488,9.131911406890792,9.368836809852548
2024-11-07 10:00:00,9.555454545454545,9.148200559789531,9.471111111111112,8.984,9.40052777777778,10.394949494949497,9.108511961107371,9.163656782286873,9.46040215262587
2024-11-07 11:00:00,9.636666666666667,9.148200559789531,9.441818181818181,8.996666666666668,9.421398989898991,9.52530303030303,9.25194874799673,8.947158728260465,9.539683485611976
2024-11-07 12:00:00,9.803,9.148200559789531,9.47090909090909,9.059999999999999,9.437626262626264,9.53581818181818,9.254696235760964,8.976426494589703,9.615489770157422
2024-11-07 13:00:00,9.889999999999999,9.148200559789531,9.499090909090908,8.98,9.470732323232324,9.63151515151515,9.345722795446914,8.930549656330399,9.682275635486635
2024-11-07 14:00:00,10.078,9.148200559789531,9.555454545454545,8.924545454545454,9.491818181818182,9.639797979797978,9.128502291383203,8.865409818298273,9.70994792272932
2024-11-07 15:00:00,10.27888888888889,9.148200559789531,9.636666666666667,8.858181818181817,9.540530303030305,9.831515151515152,9.436151437275976,9.138830285130124,9.680024980635446
2024-11-07 16:00:00,10.582222222222223,9.148200559789531,9.803,8.9725,9.623553030303032,10.135090909090911,10.358634051844122,9.170351155792954,9.704893408503576
2024-11-07 17:00:00,10.331818181818182,9.148200559789531,9.889999999999999,8.86,9.721280303030305,10.28090909090909,10.86122123815766,9.543390292298536,9.75693008742273
2024-11-07 18:00:00,9.981428571428571,9.148200559789531,10.078,8.76,9.851916666666668,10.600545454545454,10.558538812447178,9.60382675126956,9.835160988364866
2024-11-07 19:00:00,10.08125,9.148200559789531,10.27888888888889,8.864166666666668,10.012472222222225,10.921111111111113,11.00677027780626,9.969463615671081,9.930665585044828
2024-11-07 20:00:00,10.275714285714287,9.148200559789531,10.582222222222223,8.8675,10.20727777777778,11.361444444444444,11.238674194438135,10.040476160833709,10.047539730803562
2024-11-07 21:00:00,10.275454545454545,9.148200559789531,10.331818181818182,8.702,10.317732323232326,10.773636363636365,11.241786912136766,9.95884412869723,10.118535397447193
2024-11-07 22:00:00,10.27,9.148200559789531,9.981428571428571,8.67090909090909,10.293589466089468,9.884857142857143,11.196942755952946,9.71066856266644,10.13727606999757
2024-11-07 23:00:00,10.204,9.148200559789531,10.08125,8.559999999999999,10.244179743867246,9.883611111111112,11.19068782911594,9.56877488805869,10.153754221155774
2024-11-08 00:00:00,10.14,9.148200559789531,10.275714285714287,8.495454545454546,10.167552759740262,9.96920634920635,11.212538218284417,10.009390111383977,10.175589240168007
2024-11-08 01:00:00,10.0,9.148200559789531,10.275454545454545,8.539090909090909,10.153461850649352,10.219090909090909,10.665975459389346,10.069551609599332,10.18330959227931
2024-11-08 02:00:00,10.1525,9.148200559789531,10.27,8.547272727272727,10.22560470779221,10.558571428571428,8.883161768177258,9.996083562676521,10.182376123477422
2024-11-08 03:00:00,10.14,9.148200559789531,10.204,9.358333333333333,10.25629220779221,10.32675,8.880518099389949,9.630446698275,10.167202319160243
2024-11-08 04:00:00,10.17,9.148200559789531,10.14,9.406,10.222363636363639,10.004285714285714,8.87181041237907,9.604117188149106,10.14175335481779
2024-11-08 05:00:00,10.2,9.148200559789531,10.0,9.366666666666667,10.153500000000003,9.724545454545455,8.796403642180294,9.651906124105428,10.099676837620803
2024-11-08 07:00:00,9.968571428571428,9.148200559789531,10.14,9.441818181818181,10.108125000000001,10.076,8.796982724441452,9.69441291572893,10.032680389822477
2024-11-08 08:00:00,9.965,9.148200559789531,10.17,9.47090909090909,10.115625000000001,10.2,8.827811614216134,9.69441291572893,9.993899853017357
2024-11-08 09:00:00,9.909090909090908,9.148200559789531,10.2,9.499090909090908,10.165625000000002,10.399999999999999,8.81098463004642,9.671765750436823,9.95642648378841
2024-11-08 11:00:00,9.834545454545454,9.148200559789531,9.968571428571428,9.636666666666667,10.105714285714287,9.797142857142855,8.778659468477493,9.810187503014197,9.837962367437822
2024-11-08 12:00:00,9.743333333333334,9.148200559789531,9.965,9.803,10.054464285714287,9.76,8.820157287941532,9.796044314807245,9.76919051002807
2024-11-08 13:00:00,10.184166666666668,9.148200559789531,9.909090909090908,9.889999999999999,9.981737012987015,9.618181818181817,9.01417932055383,9.796044314807245,9.704059005865565
2024-11-08 14:00:00,10.049090909090909,9.148200559789531,9.843333333333334,10.078,9.92149891774892,9.602380952380955,9.734467735288336,9.577445949716493,9.666610342385884
2024-11-08 15:00:00,9.67,9.148200559789531,9.834545454545454,10.27888888888889,9.887992424242425,9.70051948051948,9.788508562812124,9.577445949716493,9.627970404638086
2024-11-08 16:00:00,9.794444444444444,9.148200559789531,9.743333333333334,10.582222222222223,9.83257575757576,9.521666666666668,9.687273454621623,9.560214357187771,9.581107343054805
2024-11-08 17:00:00,9.785833333333333,9.148200559789531,10.184166666666668,10.331818181818182,9.9013446969697,10.459242424242428,9.790969856605537,9.765144171376038,9.57186102185958
2024-11-08 18:00:00,9.766363636363636,9.148200559789531,10.049090909090909,9.981428571428571,9.952784090909093,10.254848484848484,9.819751369686903,9.752306332309512,9.554332000957123
2024-11-08 19:00:00,9.752727272727272,9.148200559789531,9.67,10.08125,9.91164772727273,9.505454545454546,9.732577755768231,9.563256788413335,9.508621890550582
2024-11-08 20:00:00,9.73,9.148200559789531,9.794444444444444,10.275714285714287,9.924425505050507,9.845555555555555,9.73572008381898,9.578734002535,9.472250845165732
2024-11-08 21:00:00,9.716666666666667,9.148200559789531,9.785833333333333,10.275454545454545,9.824842171717172,9.387499999999998,9.67742657002464,9.595965595063722,9.44131428648496
2024-11-08 22:00:00,9.715454545454547,9.148200559789531,9.766363636363636,10.27,9.754160353535354,9.483636363636363,9.571398767863112,9.354243224995942,9.414576003011174
2024-11-08 23:00:00,9.704444444444444,9.148200559789531,9.752727272727272,10.204,9.774842171717172,9.835454545454544,9.500777476204043,9.362552737486324,9.389783589092056
2024-11-09 00:00:00,9.735,9.148200559789531,9.73,10.14,9.758731060606062,9.665555555555557,9.403119748621634,9.391572813121236,9.36476116367463
2024-11-09 01:00:00,9.738181818181818,9.148200559789531,9.716666666666667,10.0,9.741439393939396,9.6475,9.3644532086103,9.370425461564329,9.342521186792952
2024-11-09 02:00:00,9.752727272727272,9.148200559789531,9.715454545454547,10.1525,9.728712121212123,9.664545454545458,9.337016193729827,9.370425461564329,9.323137483894625
2024-11-09 03:00:00,9.829,9.148200559789531,9.704444444444444,10.14,9.716641414141417,9.656161616161617,9.313239473892232,9.370425461564329,9.307986439992122
2024-11-09 04:00:00,9.903,9.148200559789531,9.735,10.17,9.717891414141416,9.739999999999998,9.31288482433824,9.41069622268114,9.298233942737188
2024-11-09 05:00:00,9.886363636363637,9.148200559789531,9.738181818181818,10.2,9.723270202020203,9.75969696969697,9.333204602361405,9.38650643989867,9.291565651887572
2024-11-09 06:00:00,9.878,9.148200559789531,9.752727272727272,10.084285714285713,9.732588383838385,9.789999999999997,9.34223985316734,9.40345464018794,9.286747276964087
2024-11-09 07:00:00,9.772727272727273,9.148200559789531,9.829,9.968571428571428,9.763727272727275,9.953555555555557,9.332098756732952,9.40345464018794,9.289401248308662
2024-11-09 08:00:00,9.750833333333334,9.148200559789531,9.903,9.965,9.805727272727275,10.071000000000002,9.405016075221416,9.616693966866588,9.299579773838293
2024-11-09 09:00:00,9.713,9.148200559789531,9.886363636363637,9.909090909090908,9.84277272727273,10.034545454545455,9.446871899068455,9.576423205749776,9.309305571376012
2024-11-09 11:00:00,9.73,9.148200559789531,9.772727272727273,9.834545454545454,9.86002272727273,9.716454545454546,9.415204980701807,9.357190973767286,9.313848170805013
2024-11-09 12:00:00,9.73,9.148200559789531,9.750833333333334,9.743333333333334,9.821981060606063,9.598666666666668,9.413617932619688,9.357190973767286,9.30676732312272
2024-11-09 13:00:00,9.77,9.148200559789531,9.713,10.184166666666668,9.778640151515154,9.539636363636362,9.400542498766857,9.384357526844234,9.295370507490887
2024-11-09 14:00:00,9.737272727272726,9.148200559789531,9.71888888888889,10.049090909090909,9.738862373737376,9.559777777777779,9.484392522963276,9.37899848843213,9.284440304676586
2024-11-09 15:00:00,9.755454545454546,9.148200559789531,9.73,9.67,9.728180555555557,9.687272727272727,9.42657184498873,9.656188811839703,9.274926499975557
2024-11-09 16:00:00,9.795,9.148200559789531,9.73,9.794444444444444,9.722972222222225,9.709166666666667,9.443028263746594,9.348929056836882,9.26740201874055
2024-11-09 17:00:00,9.75,9.148200559789531,9.77,9.785833333333333,9.737222222222224,9.827,9.400948530970458,9.373118839619353,9.262839114881789
2024-11-09 18:00:00,9.763333333333334,9.148200559789531,9.737272727272726,9.766363636363636,9.741818181818182,9.755656565656563,9.420159714383363,9.626119380244456,9.260964395939665
2024-11-09 19:00:00,9.835454545454546,9.148200559789531,9.755454545454546,9.752727272727272,9.74818181818182,9.780909090909091,9.404099428709749,9.598952827167508,9.263976211581639
2024-11-11 01:00:00,9.641666666666667,9.148200559789531,9.7025,9.910833333333334,9.714333333333336,9.636666666666668,9.47060198145809,9.420558276510294,9.424436733819228
2024-11-11 02:00:00,9.619166666666667,9.148200559789531,9.692727272727273,9.89625,9.706515151515152,9.661454545454546,9.44818756106891,9.577567325869616,9.415741015262357
2024-11-11 03:00:00,9.577272727272726,9.148200559789531,9.715,9.888181818181819,9.702973484848487,9.700833333333334,9.463058975912105,9.577567325869616,9.410757554382428
2024-11-11 04:00:00,9.611818181818181,9.148200559789531,9.764166666666666,9.878181818181817,9.718598484848487,9.826666666666666,9.473032874081508,9.596962771644419,9.41134441319416
2024-11-11 05:00:00,9.632000000000001,9.148200559789531,9.641666666666667,9.842,9.703390151515153,9.580833333333334,9.440768761508897,9.5725303954074,9.404051937425411
2024-11-11 06:00:00,9.738888888888889,9.148200559789531,9.619166666666667,9.895833333333334,9.685000000000002,9.54560606060606,9.454371008132677,9.337086104929195,9.396203874098429
2024-11-11 07:00:00,10.4475,9.148200559789531,9.577272727272726,9.853333333333333,9.650568181818183,9.439545454545453,9.447898709202647,9.110757407499182,9.386073738766665
2024-11-11 08:00:00,10.195,9.148200559789531,9.611818181818181,9.909090909090908,9.612481060606061,9.459469696969697,9.496960129332079,9.331506819767233,9.380162790988706
2024-11-11 09:00:00,9.956363636363635,9.148200559789531,9.632000000000001,9.905454545454546,9.610064393939396,9.622333333333335,9.491660088236861,9.31211137399243,9.376635875064602
2024-11-11 10:00:00,10.158888888888889,9.148200559789531,9.738888888888889,9.856666666666667,9.639994949494952,9.858611111111111,9.588684985058594,9.545893367139396,9.388747212090482
2024-11-11 11:00:00,10.12,9.148200559789531,10.4475,9.852,9.85755176767677,11.317727272727273,9.873051898554007,10.16506109666647,9.469706493425171
2024-11-11 12:00:00,9.894,9.148200559789531,10.195,9.826666666666666,10.003347222222224,10.77818181818182,9.965573582913212,9.733352220431183,9.536985403805625
2024-11-11 13:00:00,9.95375,9.148200559789531,9.956363636363635,9.873333333333333,10.084438131313131,10.280727272727269,9.861572155515493,9.733352220431183,9.586807222030004
2024-11-11 14:00:00,10.036666666666667,9.148200559789531,10.158888888888889,9.931818181818182,10.189438131313132,10.578888888888889,9.8348161975014,9.855106009503546,9.651802455504642
2024-11-11 15:00:00,10.30375,9.148200559789531,10.12,9.882222222222222,10.107563131313134,9.792499999999999,9.851264371527789,9.89071702635448,9.71077755929759
2024-11-11 16:00:00,9.792727272727273,9.148200559789531,9.894,9.888333333333334,10.032313131313133,9.593,9.848954360504873,9.873485433825758,9.748107119667143
2024-11-11 17:00:00,9.833,9.148200559789531,9.95375,9.768333333333333,10.031659722222223,9.951136363636364,9.953014204558373,9.825557398242855,9.788918537148412
2024-11-11 18:00:00,10.178,9.148200559789531,10.036666666666667,9.724,10.001104166666668,9.914444444444445,9.91311875320589,9.745024298763205,9.835525495433227
2024-11-11 19:00:00,9.844,9.148200559789531,10.30375,9.729166666666666,10.047041666666669,10.487500000000002,10.000972030491633,10.06956003784291,9.907063667259992
2024-11-11 20:00:00,9.901,9.148200559789531,9.792727272727273,9.701666666666666,10.021723484848486,9.691454545454546,9.857451036391675,9.539026554577758,9.92504303311949
2024-11-11 21:00:00,9.726363636363637,9.148200559789531,9.833,9.7025,9.991535984848486,9.712250000000001,9.839924371083864,9.55625814710648,9.950777913012962
2024-11-11 22:00:00,9.72090909090909,9.148200559789531,10.178,9.692727272727273,10.02686931818182,10.319333333333335,9.803052162024025,9.761187961294747,10.009216639426729
2024-11-11 23:00:00,9.75090909090909,9.148200559789531,9.844,9.715,9.91193181818182,9.384249999999998,9.734006045674578,9.590371581484671,10.030656950051126
2024-11-12 00:00:00,9.805,9.148200559789531,9.901,9.764166666666666,9.939000000000002,10.009272727272727,9.595145511589914,9.811920420653701,10.059476498366882
2024-11-12 01:00:00,9.701666666666666,9.148200559789531,9.726363636363637,9.641666666666667,9.912340909090911,9.619727272727273,9.527121400898384,9.326078527298653,10.069300535301275
2024-11-12 02:00:00,9.261,9.148200559789531,9.72090909090909,9.619166666666667,9.798068181818184,9.26381818181818,9.505650072724391,9.317769014808272,10.079236234441002
2024-11-12 03:00:00,9.788333333333334,9.148200559789531,9.75090909090909,9.577272727272726,9.774795454545455,9.65781818181818,9.465906303761932,9.314166641469132,10.093430757326756
2024-11-12 04:00:00,9.0225,9.148200559789531,9.805,9.611818181818181,9.750795454545457,9.709,9.442075977804716,9.324248003909613,10.111676050424386
2024-11-12 05:00:00,9.188571428571427,9.148200559789531,9.701666666666666,9.632000000000001,9.744621212121213,9.676969696969696,9.431422413907228,9.346399926310461,10.120076491507534
2024-11-12 06:00:00,8.824,9.148200559789531,9.261,9.738888888888889,9.62964393939394,8.801090909090908,9.31024748779169,9.000597478723183,10.082152485521359
2024-11-12 07:00:00,8.723636363636363,9.148200559789531,9.788333333333334,10.4475,9.639000000000001,9.825757575757578,9.483034563038158,9.326320504750734,10.106984292465876
2024-11-12 08:00:00,8.8475,9.148200559789531,9.0225,10.195,9.443375000000001,8.240000000000002,9.229756494184862,8.87213867837482,10.04529889989204
2024-11-12 09:00:00,8.870909090909091,9.148200559789531,9.188571428571427,9.956363636363635,9.315101190476192,8.675476190476187,9.306704510817601,8.922216777235846,10.013656184755948
2024-11-12 10:00:00,8.783636363636363,9.148200559789531,8.824,10.158888888888889,9.205851190476192,8.387,9.261546173520081,8.881818614142512,9.939508881546857
2024-11-12 11:00:00,9.184999999999999,9.148200559789531,8.723636363636363,10.12,8.93967694805195,7.6589393939393915,9.335455954979796,8.692384483764405,9.851438186460165
2024-11-12 12:00:00,8.85,9.148200559789531,8.8475,9.894,8.89592694805195,8.6725,9.298336879181397,8.981443034372985,9.784946212553782
2024-11-12 13:00:00,8.672,9.148200559789531,8.870909090909091,9.95375,8.816511363636366,8.553246753246755,9.37621806095072,8.981443034372985,9.726631841653532
2024-11-12 14:00:00,8.741666666666667,9.148200559789531,8.783636363636363,10.036666666666667,8.806420454545457,8.743272727272727,9.330650825511134,8.966113652311183,9.66139918009247
2024-11-12 15:00:00,9.596,9.148200559789531,9.184999999999999,10.30375,8.921761363636364,9.646363636363635,9.475468404231382,9.073766341372215,9.641904690389374
2024-11-12 16:00:00,7.087142857142857,9.148200559789531,8.85,9.792727272727273,8.922386363636365,8.8525,9.401910613976622,8.8790651233506,9.592720893276384
2024-11-12 17:00:00,6.9525,9.148200559789531,8.672,9.833,8.872659090909092,8.47309090909091,9.332350514702997,8.681391334378777,9.531146044340492
2024-11-12 18:00:00,7.2316666666666665,9.148200559789531,8.741666666666667,10.178,8.862166666666669,8.699696969696971,9.260487389203785,8.73599196201091,9.478424996713402
2024-11-12 19:00:00,6.955454545454546,9.148200559789531,9.596,9.844,8.964916666666669,10.007000000000001,9.511404163385265,9.447028526108138,9.508271341257887
2024-11-12 20:00:00,6.958,9.148200559789531,7.087142857142857,9.901,8.524202380952383,5.324285714285715,8.846498548303956,7.579634018855739,9.298990434724963
2024-11-12 21:00:00,6.912727272727272,9.148200559789531,6.9525,9.726363636363637,8.094327380952382,5.232999999999999,8.698249348359424,7.412869404324146,9.099142856832845
2024-11-12 22:00:00,11.011,9.148200559789531,7.2316666666666665,9.72090909090909,7.716827380952383,5.721666666666666,8.543629838159406,7.5478128878628645,8.927021026409548
2024-11-12 23:00:00,9.483333333333334,9.148200559789531,6.955454545454546,9.75090909090909,7.056691017316019,4.314909090909092,8.337515933642253,7.368009201920531,8.746438534639275
2024-11-13 00:00:00,6.642499999999999,9.148200559789531,6.958,9.805,7.024405303030305,6.828857142857143,8.181274008424241,7.749403880680909,8.584428930311192
2024-11-13 01:00:00,7.248888888888889,9.148200559789531,6.912727272727272,9.701666666666666,7.014462121212123,6.872954545454545,8.122533376531138,7.4949128754380325,8.436583355749203
2024-11-13 02:00:00,6.334545454545455,9.148200559789531,11.011,9.261,7.959295454545456,14.790333333333333,9.02392812244475,12.301119551738095,8.657281564718835
2024-11-13 03:00:00,6.29,9.148200559789531,9.483333333333334,9.788333333333334,8.591265151515152,12.011212121212122,8.993515752848595,9.635028343265507,8.775548642992378
2024-11-13 04:00:00,6.31,9.148200559789531,6.642499999999999,9.0225,8.512390151515154,6.326999999999998,8.44429331446734,7.200824119401525,8.648471533438256
2024-11-13 05:00:00,8.922,9.148200559789531,7.248888888888889,9.188571428571427,8.596430555555557,7.585050505050505,8.530231328204197,7.339278249395064,8.561538470018426
2024-11-13 06:00:00,6.379166666666666,9.148200559789531,6.334545454545455,8.824,7.427316919191921,1.6580909090909106,8.180321235769815,6.648007096484502,8.398071615550732
2024-11-13 07:00:00,9.942222222222222,9.148200559789531,6.29,8.723636363636363,6.628983585858587,3.096666666666666,8.125642687756821,6.8907476836880175,8.230640023293297
2024-11-13 08:00:00,5.839166666666666,9.148200559789531,6.31,8.8475,6.545858585858587,5.9775,7.726228933250565,8.175148357894702,8.08347118200099
2024-11-13 09:00:00,5.897272727272727,9.148200559789531,8.922,8.870909090909091,6.964136363636365,10.595111111111112,8.340746846895524,10.626484426990865,8.145781805111298
2024-11-13 10:00:00,5.948,9.148200559789531,6.379166666666666,8.783636363636363,6.975291666666669,6.423787878787878,7.810557350897602,7.5870004867489955,8.054287758850613
2024-11-13 11:00:00,6.687777777777778,9.148200559789531,9.942222222222222,9.184999999999999,7.888347222222224,13.594444444444445,8.738076839313555,10.685698857173152,8.22945920519859
2024-11-13 12:00:00,5.975,9.148200559789531,5.839166666666666,8.85,7.77063888888889,5.368333333333333,7.962622192785105,7.400566149642094,8.120361923520932
2024-11-13 13:00:00,5.939,9.148200559789531,5.897272727272727,8.672,7.014457070707072,2.8725454545454543,7.8764675608015295,7.444954482246693,7.991946107653631
2024-11-13 14:00:00,5.95875,9.148200559789531,5.948,8.741666666666667,6.906665404040407,5.516833333333334,8.210393304876627,7.157812293464457,7.85821310875789
2024-11-13 15:00:00,7.401999999999999,9.148200559789531,6.687777777777778,9.596,6.093054292929295,3.4333333333333336,8.176091542390363,7.725929035700821,7.780036239483925
2024-11-13 16:00:00,5.907777777777778,9.148200559789531,5.975,7.087142857142857,6.127012626262628,6.110833333333333,7.539070343611533,6.951842912267931,7.676642192483628
2024-11-13 17:00:00,5.8950000000000005,9.148200559789531,5.939,6.9525,6.137444444444446,5.980727272727273,7.616433437046267,7.989324401024877,7.578883390716854
2024-11-13 18:00:00,6.824166666666667,9.148200559789531,5.95875,7.2316666666666665,6.1401319444444455,5.9695,7.467905293031088,6.7522336359286275,7.492630756702422
2024-11-13 19:00:00,7.409166666666667,9.148200559789531,7.401999999999999,6.955454545454546,6.318687500000002,8.11622222222222,7.74504071459484,8.287669745530991,7.503619173654259
2024-11-13 20:00:00,7.4799999999999995,9.148200559789531,5.907777777777778,6.958,6.301881944444446,5.8405555555555555,7.419735821650442,6.58049457295756,7.46703832393413
2024-11-13 21:00:00,7.528181818181818,9.148200559789531,5.8950000000000005,6.912727272727272,6.290881944444446,5.851000000000001,7.6784259262629835,6.542508356950566,7.4161948646176805
2024-11-13 22:00:00,7.555,9.148200559789531,6.824166666666667,11.011,6.507236111111113,7.689583333333333,7.613104986542822,7.1753693238960095,7.4055217864025025
2024-11-13 23:00:00,7.565833333333334,9.148200559789531,7.409166666666667,9.483333333333334,6.50902777777778,7.416333333333334,8.328695189645199,8.043658635539117,7.437163042537653
2024-11-14 00:00:00,7.717777777777777,9.148200559789531,7.4799999999999995,6.642499999999999,6.902083333333335,9.052222222222222,7.7076871238512,7.9407736021543665,7.512582302766885
2024-11-14 01:00:00,9.817272727272726,9.148200559789531,7.528181818181818,7.248888888888889,7.31037878787879,9.161363636363635,7.704210137977883,7.769031166559546,7.596727750355969
2024-11-14 02:00:00,6.513,9.148200559789531,7.555,6.334545454545455,7.493087121212123,8.285833333333333,7.910289070765085,7.904091469748336,7.675746365906012
2024-11-14 03:00:00,6.51,9.148200559789531,7.565833333333334,6.29,7.53225378787879,7.722500000000001,8.030320183101402,8.278310898145378,7.751666452524836
2024-11-14 04:00:00,6.738888888888889,9.148200559789531,7.717777777777777,6.31,7.591698232323234,7.955555555555555,8.005533982576821,8.175439264335878,7.831408246207841
2024-11-14 05:00:00,7.274545454545454,9.148200559789531,9.817272727272726,8.922,8.16397095959596,12.106363636363636,8.765395714257869,11.95695104844069,8.063262949037684
2024-11-14 06:00:00,7.29625,9.148200559789531,6.513,6.379166666666666,7.9034709595959605,5.471,8.017155634264217,7.419034515631781,8.04587243595787
2024-11-14 07:00:00,7.276999999999999,9.148200559789531,6.51,9.942222222222222,7.639512626262627,5.454166666666666,8.09941147689497,6.805439523192523,7.988219916517704
2024-11-14 08:00:00,7.263,9.148200559789531,6.738888888888889,5.839166666666666,7.394790404040405,5.760000000000001,7.854540661609411,6.965583530691152,7.927408368240644
2024-11-14 09:00:00,7.697777777777778,9.148200559789531,7.274545454545454,5.897272727272727,6.759108585858588,4.731818181818182,8.074632295976345,7.62846813419198,7.8985971848636165
2024-11-14 10:00:00,7.297499999999999,9.148200559789531,7.29625,5.948,6.954921085858588,8.0795,7.952379456519111,7.823650571793033,7.890479789962972
2024-11-15 12:00:00,10.341666666666667,9.148200559789531,9.762500000000001,7.275555555555556,9.678943181818184,10.106111111111113,10.049741872376872,9.35547643710087,9.72258039057455
2024-11-15 13:00:00,10.815000000000001,9.148200559789531,9.884444444444444,10.436363636363636,9.707554292929295,9.998888888888889,10.289183574266136,9.606189350129632,9.795305265133148
2024-11-15 14:00:00,11.155,9.148200559789531,9.99,7.085,9.815736111111114,10.422727272727274,10.45891414939665,9.563356725367415,9.86449366731148
2024-11-15 15:00:00,11.504545454545454,9.148200559789531,10.158,7.264545454545455,9.948736111111113,10.689999999999998,10.487133108254497,9.563356725367415,9.940152009161535
2024-11-15 16:00:00,11.47181818181818,9.148200559789531,10.341666666666667,7.45,10.09352777777778,10.920833333333333,10.539897374496825,9.844016164682689,10.01699243357378
2024-11-15 17:00:00,11.629166666666668,9.148200559789531,10.815000000000001,7.625,10.32616666666667,11.745555555555558,10.906662074545428,10.059246979635095,10.119359635711982
2024-11-15 18:00:00,11.86,9.148200559789531,11.155,7.742727272727273,10.617416666666669,12.319999999999999,11.122888011486877,10.845963056352437,10.237505543957397
2024-11-15 19:00:00,12.17,9.148200559789531,11.504545454545454,7.819166666666667,10.954053030303031,12.851090909090908,11.39494479262603,10.851258356281921,10.377248848595162
2024-11-15 20:00:00,12.126666666666667,9.148200559789531,11.47181818181818,7.906999999999999,11.23659090909091,12.601969696969695,11.401153271296184,10.858499938775122,10.496408373427474
2024-11-15 21:00:00,12.319090909090908,9.148200559789531,11.629166666666668,8.046666666666667,11.440132575757577,12.443333333333335,11.46245583624263,10.950516896276595,10.62567439777631
2024-11-15 22:00:00,12.711,9.148200559789531,11.86,8.25375,11.616382575757576,12.565,11.43183740425496,11.017700365251557,10.764633051708143
2024-11-15 23:00:00,13.09,9.148200559789531,12.17,8.377272727272727,11.782746212121214,12.835454545454546,11.497737526285107,11.14401695819993,10.919037078665594
2024-11-16 00:00:00,12.922222222222222,9.148200559789531,12.126666666666667,8.614166666666668,11.946458333333336,12.781515151515153,11.389127177962955,11.101499590687498,11.04337488963679
2024-11-16 01:00:00,12.93875,9.148200559789531,12.319090909090908,8.766363636363637,12.118939393939396,13.009015151515149,11.450866681204433,11.138839670927357,11.176264585988783
2024-11-16 02:00:00,13.24625,9.148200559789531,12.711,8.922857142857143,12.331689393939396,13.562000000000001,11.528717811045023,11.099763929375163,11.334229839709126
2024-11-16 03:00:00,13.447272727272725,9.148200559789531,13.09,9.23125,12.561689393939396,14.01,11.560164833780828,11.033184260455188,11.510214533181474
2024-11-16 04:00:00,13.726666666666667,9.148200559789531,12.922222222222222,9.418888888888889,12.760578282828284,13.717777777777778,11.305824360769282,11.033184260455188,11.633458093447112
2024-11-16 05:00:00,14.168333333333335,9.148200559789531,12.93875,9.77,12.915493055555558,13.558409090909093,11.211347110093485,10.734981786665188,11.746841919888672
2024-11-16 06:00:00,14.45,9.148200559789531,13.24625,9.557272727272727,13.049305555555557,13.7815,11.262103579598044,10.329110645320803,11.880988691451208
2024-11-16 07:00:00,14.796363636363635,9.148200559789531,13.447272727272725,9.626000000000001,13.138623737373738,13.804545454545451,11.43441777165014,10.307050504811885,12.011850571029028
2024-11-16 08:00:00,15.12857142857143,9.148200559789531,13.726666666666667,9.762500000000001,13.33973484848485,14.53111111111111,11.57343858492329,9.97863052600291,12.151859608371467
2024-11-16 09:00:00,15.455000000000002,9.148200559789531,14.168333333333335,9.884444444444444,13.647130681818183,15.397916666666669,11.767822309742003,10.323134563256039,12.31766884021616
2024-11-16 10:00:00,15.805000000000001,9.148200559789531,14.45,9.99,13.948068181818183,15.653749999999999,11.88581237188416,9.499642193825169,12.481161762167329
2024-11-16 11:00:00,15.901,9.148200559789531,14.796363636363635,10.158,14.28534090909091,16.145454545454545,12.11223299092075,9.422664983095595,12.656284283350427
2024-11-16 12:00:00,15.868888888888888,9.148200559789531,15.12857142857143,10.341666666666667,14.635817099567102,16.530476190476193,12.346080280825651,9.937800796728082,12.828528098410711
2024-11-16 13:00:00,15.940000000000001,9.148200559789531,15.455000000000002,10.815000000000001,14.957483766233768,16.741666666666667,12.571535166528061,10.494224384639425,13.004184419404663
2024-11-16 14:00:00,12.937142857142858,9.148200559789531,15.805000000000001,11.155,15.296233766233769,17.160000000000004,12.796153705256966,10.699972923042633,13.183121352647238
2024-11-16 15:00:00,4.404,9.148200559789531,15.901,11.504545454545454,15.57239285714286,17.005636363636363,13.104726256901552,10.884561289493737,13.332937794313345
2024-11-16 16:00:00,4.275454545454545,9.148200559789531,15.868888888888888,11.47181818181818,15.757472222222225,16.609206349206346,13.349089407498454,11.51877438439084,13.443590760060754
2024-11-16 17:00:00,4.246666666666667,9.148200559789531,15.940000000000001,11.629166666666668,15.878722222222224,16.425,13.51618263824503,11.48362543361147,13.545227489061292
2024-11-16 18:00:00,4.244166666666667,9.148200559789531,12.937142857142858,11.86,15.16175793650794,10.069285714285714,12.773540093773127,12.16582357793574,13.261675519564477
2024-11-16 19:00:00,4.421818181818182,9.148200559789531,4.404,12.17,12.28750793650794,-7.093,10.472898245388215,8.987066669461852,12.037865725003217
2024-11-16 20:00:00,5.045454545454546,9.148200559789531,4.275454545454545,12.126666666666667,9.389149350649353,-7.317979797979797,9.753678041823846,8.391858074310466,11.355091413293696
2024-11-16 21:00:00,4.865454545454546,9.148200559789531,4.246666666666667,12.319090909090908,6.46581601731602,-7.446666666666668,9.340842150996862,8.877083066912299,10.760723318253872
2024-11-16 22:00:00,4.76,9.148200559789531,4.244166666666667,12.711,4.292571969696971,-4.448809523809524,8.75691504731243,8.883875319800081,10.230355855747383
2024-11-16 23:00:00,4.785,9.148200559789531,4.421818181818182,13.09,4.297026515151517,4.439636363636364,8.372746974501068,8.510348113621458,9.762922107019628
2024-11-17 00:00:00,4.9675,9.148200559789531,5.045454545454546,12.922222222222222,4.489526515151518,5.815454545454546,8.444355849544012,8.368672742826986,9.392126306902606
2024-11-17 01:00:00,4.95888888888889,9.148200559789531,4.865454545454546,12.93875,4.644223484848487,5.484242424242425,8.136861711599686,7.647839064500193,8.990905777793165
2024-11-17 02:00:00,4.61125,9.148200559789531,4.76,13.24625,4.77318181818182,5.275833333333333,8.10741955877079,7.689763526567759,8.591289979501763
2024-11-17 03:00:00,4.816666666666666,9.148200559789531,4.785,13.447272727272725,4.863977272727275,5.148181818181818,8.167114143053091,7.689763526567759,8.21555103556414
2024-11-17 04:00:00,4.91,9.148200559789531,4.9675,13.726666666666667,4.844488636363638,4.889545454545455,8.20735885690142,7.679673086539173,7.887640574132288
2024-11-17 05:00:00,4.7309090909090905,9.148200559789531,4.95888888888889,14.168333333333335,4.867847222222224,5.052323232323233,8.25252321809775,7.693173019602455,7.5967031418734345
2024-11-17 06:00:00,4.629166666666666,9.148200559789531,4.61125,14.45,4.830659722222224,4.4625,7.428567320056463,7.719497884490551,7.323143869819765
2024-11-17 07:00:00,5.795833333333333,9.148200559789531,4.816666666666666,14.796363636363635,4.838576388888891,4.848333333333333,5.897246437201849,7.300274261142129,7.108969923990214
2024-11-17 08:00:00,5.78125,9.148200559789531,4.91,15.12857142857143,4.824201388888891,4.8525,5.921717100742297,7.321923278858217,6.946477487617477
2024-11-17 09:00:00,5.4875,9.148200559789531,4.7309090909090905,15.455000000000002,4.7672064393939415,4.5029292929292914,5.924081639387423,7.286845248946542,6.818916840834911
2024-11-17 10:00:00,5.264,9.148200559789531,4.629166666666666,15.805000000000001,4.771685606060608,4.647083333333333,5.984319299433709,7.262365972288942,6.721645053582156
2024-11-17 11:00:00,5.15375,9.148200559789531,5.795833333333333,15.901,5.016477272727275,6.775,6.3152189884024255,7.305704220421928,6.701795443050086
2024-11-17 13:00:00,4.965,9.148200559789531,5.4875,15.940000000000001,5.423437500000002,6.244090909090909,6.663206554191554,7.682910857895994,6.769918142307935
2024-11-17 14:00:00,4.931666666666667,9.148200559789531,5.264,12.937142857142858,5.582145833333335,5.898833333333334,6.694132126149897,7.677551819483889,6.795853343030572
2024-11-17 15:00:00,4.909090909090909,9.148200559789531,5.15375,4.404,5.4216250000000015,4.511666666666666,6.645265436294,7.575719767889563,6.80878164763322
2024-11-17 17:00:00,4.854166666666667,9.148200559789531,4.965,4.246666666666667,5.110531250000001,4.4425,6.564091715448903,7.671211901245616,6.8005410157864485
2024-11-17 18:00:00,5.090999999999999,9.148200559789531,4.931666666666667,4.244166666666667,5.027447916666668,4.599333333333333,6.502030820021801,7.788482607536736,6.7835866467211865
2024-11-17 19:00:00,6.341818181818183,9.148200559789531,4.909090909090909,4.421818181818182,4.966283143939395,4.664431818181819,6.372787848963119,7.0532537187661655,6.762811251458849
2024-11-17 20:00:00,6.260833333333333,9.148200559789531,4.86090909090909,5.045454545454546,4.916666666666668,4.6624431818181815,6.307777557040172,6.9685795925625955,6.740829748752166
2024-11-17 21:00:00,6.271666666666667,9.148200559789531,4.854166666666667,4.865454545454546,4.888958333333335,4.743333333333334,6.251790748148669,6.961514710951062,6.719322518617953
2024-11-17 22:00:00,6.191000000000001,9.148200559789531,5.090999999999999,4.76,4.928791666666668,5.250333333333332,6.279228197167757,6.786800836327711,6.69712041496903
2024-11-17 23:00:00,6.156000000000001,9.148200559789531,6.341818181818183,4.785,5.286973484848486,7.774545454545456,6.806392995636937,7.896787294631579,6.691240835711296
2024-11-18 00:00:00,6.058,9.148200559789531,6.260833333333333,4.9675,5.6369545454545475,7.660757575757576,7.462144657030063,7.290196870119745,6.775413128917689
2024-11-18 01:00:00,5.884,9.148200559789531,6.271666666666667,4.95888888888889,5.991329545454548,7.689166666666668,7.935069903512998,6.636146325314206,6.874895594395856
2024-11-18 02:00:00,5.848181818181818,9.148200559789531,6.191000000000001,4.61125,6.266329545454548,7.291000000000002,6.980894555023253,6.871799053393937,6.972408214070562
2024-11-18 03:00:00,5.754545454545454,9.148200559789531,6.156000000000001,4.816666666666666,6.219875000000002,5.9701818181818185,7.1370837304612245,7.944703466415366,7.0496922720355215
2024-11-18 04:00:00,5.697,9.148200559789531,6.058,4.91,6.169166666666669,5.855166666666666,7.119887245658425,6.658495662533237,7.10432154699301
2024-11-18 05:00:00,5.635833333333333,9.148200559789531,5.884,4.7309090909090905,6.072250000000002,5.496333333333333,7.5985130965810646,6.697557586207747,7.131443401814117
2024-11-18 06:00:00,5.589166666666666,9.148200559789531,5.848181818181818,4.629166666666666,5.986545454545457,5.505363636363635,7.496247733172477,6.454607289809542,7.140398360521475
2024-11-18 07:00:00,5.505,9.148200559789531,5.754545454545454,5.795833333333333,5.88618181818182,5.353090909090907,7.470757942049768,6.406766868246118,7.13344904177399
2024-11-18 08:00:00,5.369,9.148200559789531,5.697,5.78125,5.7959318181818205,5.336,7.4102386694757545,6.353404312226158,7.118465102112566
2024-11-18 09:00:00,5.2625,9.148200559789531,5.635833333333333,5.4875,5.733890151515153,5.387666666666666,7.367512399300095,6.388230064036337,7.095311535316819
2024-11-18 10:00:00,5.1975,9.148200559789531,5.589166666666666,5.264,5.6691363636363645,5.330151515151515,7.226480350252569,6.388230064036337,7.069427496893837
2024-11-18 11:00:00,5.14,9.148200559789531,5.505,5.15375,5.606750000000002,5.255454545454546,6.882559166596582,6.152768156990285,7.038206043962703
2024-11-18 12:00:00,4.785,9.148200559789531,5.369,5.059374999999999,5.524750000000001,5.0409999999999995,6.839920391313324,6.242066135575153,7.00328086851013
2024-11-18 13:00:00,5.239999999999999,9.148200559789531,5.2625,4.965,5.431416666666669,4.889166666666667,6.808855942901638,6.242066135575153,6.9638629428273635
2024-11-18 14:00:00,5.554166666666667,9.148200559789531,5.1975,4.931666666666667,5.333500000000002,4.805833333333333,6.741481806306819,6.320988728452486,6.926504737406007
2024-11-18 15:00:00,5.42,9.148200559789531,5.14,4.909090909090909,5.242250000000002,4.7749999999999995,6.716057609092422,6.36809950553655,6.886945385898718
2024-11-20 00:00:00,5.382727272727273,9.148200559789531,5.39,5.133333333333333,5.253262987012988,5.741666666666666,6.672102181399222,6.513788439048216,6.767514292357968
2024-11-20 01:00:00,5.350909090909091,9.148200559789531,5.4381818181818184,5.145,5.296558441558443,5.611363636363637,6.645638033005056,6.513788439048216,6.788613974896068
2024-11-20 02:00:00,5.339166666666666,9.148200559789531,5.431,5.2865,5.435022727272729,5.984857142857143,6.508328284805076,6.6389573422509525,6.810821330948378
2024-11-20 03:00:00,5.265,9.148200559789531,5.409090909090909,5.428,5.417068181818183,5.337272727272728,6.573864410490233,6.458198956675048,6.8296618964298315
2024-11-20 04:00:00,5.257499999999999,9.148200559789531,5.382727272727273,5.211111111111111,5.415250000000002,5.375454545454546,6.583256220684095,6.55134684544838,6.843322230437814
2024-11-20 05:00:00,5.211,9.148200559789531,5.350909090909091,5.166666666666667,5.39343181818182,5.263636363636363,6.62651746186369,6.566511931123614,6.851667910352319
2024-11-20 07:00:00,6.6933333333333325,9.148200559789531,5.265,5.181,5.334450757575759,5.12090909090909,6.5934082481334,6.371709650568173,6.858066893944956
2024-11-20 08:00:00,5.538,9.148200559789531,5.257499999999999,5.175,5.303143939393941,5.132272727272726,6.58199065666958,6.371709650568173,6.855643396115655
2024-11-20 09:00:00,5.339166666666666,9.148200559789531,5.211,5.16,5.268166666666668,5.07109090909091,6.577642519611584,6.336774031796569,6.852563542396476
2024-11-20 10:00:00,5.275454545454545,9.148200559789531,5.943,5.153333333333333,5.419125000000001,6.546833333333333,6.726532730302141,6.35027396485985,6.870742694118126
2024-11-20 11:00:00,5.397272727272727,9.148200559789531,6.6933333333333325,5.196666666666667,5.776208333333335,8.121666666666666,6.962873178649795,6.567554322177842,6.93777581147343
2024-11-20 12:00:00,5.436,9.148200559789531,5.538,5.24,5.846333333333336,5.818500000000001,6.863133527724333,6.434536988943452,6.985933541858161
2024-11-20 13:00:00,5.448181818181818,9.148200559789531,5.339166666666666,5.1225000000000005,5.878375000000001,5.4673333333333325,6.841588447456104,6.406373901082897,6.990145774840814
2024-11-20 14:00:00,5.435833333333334,9.148200559789531,5.275454545454545,4.985,5.711488636363638,4.607909090909091,6.808322069409648,6.386483745119216,6.9774526611898136
2024-11-20 16:00:00,5.4030000000000005,9.148200559789531,5.436,5.038333333333333,5.3619734848484875,5.334,6.745594839906452,6.657536028907126,6.95287394227515
2024-11-20 17:00:00,5.3500000000000005,9.148200559789531,5.448181818181818,5.265,5.3892272727272745,5.55719696969697,6.74865322683349,6.699328233205388,6.944330810899998
2024-11-20 18:00:00,5.588333333333334,9.148200559789531,5.435833333333334,4.877142857142857,5.4293219696969715,5.5962121212121225,6.729388293201509,6.671035961970407,6.937510856902591
2024-11-20 19:00:00,7.592727272727273,9.148200559789531,5.44,5.4809090909090905,5.44000378787879,5.482727272727273,6.75166125271042,6.634225858039445,6.931197857098729
2024-11-20 20:00:00,10.581999999999999,9.148200559789531,5.4030000000000005,5.39,5.43175378787879,5.370000000000001,6.702145976033374,6.644333668238258,6.925797413749935
2024-11-20 21:00:00,9.232,9.148200559789531,5.3500000000000005,5.4381818181818184,5.407208333333336,5.251818181818183,6.691845596188902,6.587045705082864,6.919496669553975
2024-11-20 22:00:00,12.158,9.148200559789531,5.588333333333334,5.431,5.445333333333336,5.740833333333334,6.798262080494167,6.4764466293797796,6.919231714983136
2024-11-20 23:00:00,10.8225,9.148200559789531,7.592727272727273,5.409090909090909,5.983515151515153,9.745454545454546,7.674837781487124,9.024477891720798,6.9669651678942985
2024-11-21 00:00:00,14.17875,9.148200559789531,10.581999999999999,5.382727272727273,7.2782651515151535,15.760999999999997,8.577973730314277,12.964397578798264,7.275027964128668
2024-11-21 01:00:00,15.08625,9.148200559789531,9.232,5.350909090909091,8.248765151515153,13.113999999999997,8.680870855652309,12.711172555554178,7.62221309245521
2024-11-21 02:00:00,19.599999999999998,9.148200559789531,12.158,5.339166666666666,9.891181818181819,18.727666666666664,8.76663941006138,12.570067765505792,8.14128195440986
2024-11-21 03:00:00,21.16,9.148200559789531,10.8225,5.265,10.698625,14.052272727272726,8.63629240684658,12.359781465645874,8.578774572165345
2024-11-21 04:00:00,25.84181818181818,9.148200559789531,14.17875,5.257499999999999,11.597812500000003,17.7755,9.732640793041572,11.936276936985024,9.237224164865646
2024-11-21 05:00:00,25.562727272727273,9.148200559789531,15.08625,5.211,13.061375000000002,20.9405,10.54713508936945,11.083755947852618,9.945118156563634
2024-11-21 06:00:00,29.71090909090909,9.148200559789531,19.599999999999998,5.943,14.921875000000002,27.041999999999994,12.395044092689405,7.779861108840699,10.995699018629422
2024-11-21 07:00:00,30.778181818181817,9.148200559789531,21.16,6.6933333333333325,17.50625,31.497500000000002,13.12178053931903,6.240988171829905,12.019799402687651
2024-11-21 08:00:00,35.735,9.148200559789531,25.84181818181818,5.538,20.422017045454545,37.50488636363636,14.938621221399455,6.417772103029577,13.166095006202232
2024-11-21 09:00:00,36.719166666666666,9.148200559789531,25.562727272727273,5.339166666666666,23.041136363636365,36.039204545454545,15.138745954996942,6.3716480679426475,13.90889961981841
2024-11-21 10:00:00,43.3975,9.148200559789531,29.71090909090909,5.275454545454545,25.568863636363638,39.82181818181819,17.055316396232403,8.30617012583337,14.656516213070617
2024-11-21 11:00:00,44.74583333333334,9.148200559789531,30.778181818181817,5.397272727272727,27.97340909090909,40.39636363636363,17.9558843781479,9.124681453495215,15.079130814632975
2024-11-21 12:00:00,34.74555555555556,9.148200559789531,35.735,5.436,30.446704545454548,45.628181818181815,20.435045221518884,8.897310414853365,15.491658856358335
2024-11-21 13:00:00,6.540833333333333,9.148200559789531,36.719166666666666,5.448181818181818,33.23581439393939,47.87560606060606,21.034694453082114,9.28184010325221,15.650700074639111
2024-11-21 14:00:00,6.409090909090909,9.148200559789531,43.3975,5.435833333333334,36.65746212121212,57.08409090909091,24.024945710929146,8.39352306489981,15.832280717586311
2024-11-21 15:00:00,6.335454545454545,9.148200559789531,44.74583333333334,5.44,40.149375,58.71348484848485,24.958447014347342,7.833543841807525,15.810580121194086
2024-11-21 16:00:00,6.225454545454546,9.148200559789531,34.74555555555556,5.4030000000000005,39.90201388888889,33.756111111111125,23.841298927413987,7.205793493954062,15.633413053359362
2024-11-21 17:00:00,6.14625,9.148200559789531,6.540833333333333,5.3500000000000005,32.35743055555556,-23.637500000000003,16.19317505601688,8.541717673114126,14.10537996943939
2024-11-21 18:00:00,6.15,9.148200559789531,6.409090909090909,5.588333333333334,23.110328282828284,-30.579318181818184,14.996565216495938,8.248850058914922,13.602809392855924
2024-11-21 19:00:00,5.953333333333333,9.148200559789531,6.335454545454545,7.592727272727273,13.507733585858587,-32.074924242424245,13.822773529345566,7.937829406523551,13.069841407072657
2024-11-21 20:00:00,5.965714285714285,9.148200559789531,6.225454545454546,10.581999999999999,6.377708333333333,-22.29464646464647,13.487802849345584,8.283779862283382,12.600076563908514
2024-11-21 21:00:00,5.879999999999999,9.148200559789531,6.14625,9.232,6.2790625,5.751666666666668,11.724812872238013,8.021935200156912,12.21152360377527
2024-11-21 22:00:00,5.86125,9.148200559789531,6.15,12.158,6.214289772727273,5.8909090909090915,12.14314001435797,8.257025941547544,11.897378718952591
2024-11-21 23:00:00,5.843636363636364,9.148200559789531,5.953333333333333,10.8225,6.11875946969697,5.571212121212121,11.944494387002589,8.005736905388583,11.613396635978445
2024-11-22 00:00:00,5.88,9.148200559789531,5.965714285714285,14.17875,6.0538244047619045,5.705974025974025,12.72345854874593,7.901295197269201,11.373212983111552
2024-11-22 01:00:00,5.86,9.148200559789531,5.879999999999999,15.08625,5.987261904761905,5.613749999999998,12.739583940961516,7.604569671669885,11.144917853510202
2024-11-22 02:00:00,5.863636363636363,9.148200559789531,5.86125,19.599999999999998,5.915074404761905,5.5725,13.915462111790767,7.752588617658805,10.918857524283153
2024-11-22 03:00:00,5.906363636363636,9.148200559789531,5.843636363636364,21.16,5.887650162337662,5.733939393939394,14.211718003216362,8.133090510405127,10.696231391470423
2024-11-22 04:00:00,5.99,9.148200559789531,5.88,25.84181818181818,5.86622159090909,5.7942857142857145,12.548520888345978,8.190806967478169,10.463999001930388
2024-11-22 05:00:00,6.242727272727273,9.148200559789531,5.86,25.562727272727273,5.861221590909091,5.840000000000002,7.034371120559219,8.043887072110035,10.215260837481004
2024-11-22 06:00:00,6.24,9.148200559789531,5.863636363636363,29.71090909090909,5.861818181818182,5.8660227272727266,7.07328795607909,8.031820518573763,9.935244513597254
2024-11-22 07:00:00,6.298333333333333,9.148200559789531,5.906363636363636,30.778181818181817,5.8775,5.969090909090909,7.052690841776048,7.465457916210612,9.633001963915694
2024-11-22 08:00:00,6.28,9.148200559789531,5.99,35.735,5.905,6.1000000000000005,7.1963855429325685,7.1186640467671385,9.291524313527583
2024-11-22 09:00:00,6.321818181818182,9.148200559789531,6.242727272727273,36.719166666666666,6.000681818181818,6.625454545454546,7.2843535978354454,7.126893893405547,8.94874668114293
2024-11-22 10:00:00,6.318888888888889,9.148200559789531,6.24,43.3975,6.094772727272727,6.616363636363637,7.469508955553519,6.983583252258285,8.586472941995808
2024-11-22 11:00:00,6.3675,9.148200559789531,6.298333333333333,44.74583333333334,6.192765151515151,6.6903030303030295,7.558566665771813,7.258655986779788,8.234103302459703
2024-11-22 12:00:00,6.336666666666666,9.148200559789531,6.28,34.74555555555556,6.265265151515152,6.57,7.708921445999664,7.258655986779788,7.897917874025606
2024-11-22 13:00:00,6.38,9.148200559789531,6.321818181818182,6.540833333333333,6.285037878787879,6.400909090909091,7.741938493739611,7.094755357047436,7.630056000645535
2024-11-22 14:00:00,6.323,9.148200559789531,6.318888888888889,6.409090909090909,6.3047601010101015,6.397777777777778,7.880051089930066,7.089396318635331,7.441985137913536
2024-11-22 15:00:00,6.301,9.148200559789531,6.3675,6.335454545454545,6.3220517676767685,6.4366666666666665,7.861447643942996,7.126429479173258,7.354537095794989
2024-11-22 16:00:00,6.29,9.148200559789531,6.336666666666666,6.225454545454546,6.336218434343435,6.393333333333332,7.733735949693874,7.088853756542127,7.336924814572182
2024-11-22 17:00:00,6.306666666666667,9.148200559789531,6.38,6.14625,6.350763888888889,6.438181818181818,7.647717789878078,6.722535587339865,7.347266602307082
2024-11-22 18:00:00,6.204545454545454,9.148200559789531,6.323,6.15,6.351791666666667,6.327111111111112,7.55787548609127,6.685502426801938,7.354873833212112
2024-11-22 19:00:00,6.234166666666667,9.148200559789531,6.301,5.953333333333333,6.335166666666667,6.234500000000001,7.4940340422810925,6.657507818637252,7.356975378167158
2024-11-22 20:00:00,6.167272727272728,9.148200559789531,6.29,5.965714285714285,6.323499999999999,6.243333333333334,7.399389265379529,6.586336986830944,7.357137035471393
2024-11-22 21:00:00,6.172,9.148200559789531,6.306666666666667,5.879999999999999,6.305166666666667,6.233333333333333,7.307945942721272,6.518037496612167,7.356673656772612
2024-11-22 23:00:00,5.998333333333334,9.148200559789531,6.234166666666667,5.843636363636364,6.258844696969697,6.167333333333334,7.200694340931898,6.503390742272236,7.328855955769501
2024-11-23 00:00:00,5.912999999999999,9.148200559789531,6.167272727272728,5.88,6.228162878787878,6.044545454545456,7.167700801342967,6.630111513473339,7.24425140921773
2024-11-23 01:00:00,5.93,9.148200559789531,6.172,5.86,6.194496212121212,6.037333333333333,6.097764250533926,6.204528062134561,7.134406340924576
2024-11-23 03:00:00,5.713333333333334,9.148200559789531,5.998333333333334,5.906363636363636,6.105693181818182,5.762500000000001,6.934281454761431,6.25617525320111,6.967612964311988
2024-11-23 04:00:00,5.635833333333333,9.148200559789531,5.912999999999999,5.99,6.042125,5.658727272727271,6.816626880478569,6.306473955500092,6.920042335905812
2024-11-23 05:00:00,5.631,9.148200559789531,5.93,6.242727272727273,5.981625,5.688,6.905654652816205,6.376309127538728,6.8955756682633975
2024-11-23 06:00:00,5.661,9.148200559789531,5.7690909090909095,6.24,5.902606060606061,5.453015151515152,6.956717815674598,6.390803802640133,6.882922433971444
2024-11-23 07:00:00,5.639166666666667,9.148200559789531,5.713333333333334,6.298333333333333,5.83135606060606,5.428333333333334,6.903852441160636,6.390803802640133,6.879284852825985
2024-11-23 08:00:00,5.664166666666667,9.148200559789531,5.635833333333333,6.28,5.762064393939394,5.358666666666667,6.885492764770736,6.390803802640133,6.87926364867898
2024-11-23 09:00:00,5.649,9.148200559789531,5.631,6.321818181818182,5.687314393939394,5.332000000000001,6.9443306475790525,6.3349678669548215,6.883171825865581
2024-11-23 10:00:00,5.635833333333333,9.148200559789531,5.661,6.318888888888889,5.660291666666667,5.55290909090909,6.901241538147239,6.38725998423392,6.891361100879239
2024-11-23 11:00:00,5.670833333333333,9.148200559789531,5.639166666666667,6.3675,5.64175,5.565,6.8296596075572955,6.358445452748227,6.900717965712408
2024-11-23 12:00:00,5.627,9.148200559789531,5.664166666666667,6.336666666666666,5.648833333333334,5.6925,6.73136734605714,6.361533348567385,6.912053235821224
2024-11-23 13:00:00,5.599090909090909,9.148200559789531,5.649,6.38,5.653333333333333,5.667,6.743678864276514,6.4184257408640875,6.92313950310282
2024-11-23 14:00:00,5.573333333333333,9.148200559789531,5.635833333333333,6.323,5.6470416666666665,5.610666666666667,6.7400607066720095,6.429018798729749,6.932624176418399
2024-11-23 15:00:00,5.544999999999999,9.148200559789531,5.670833333333333,6.301,5.654958333333333,5.7025,6.733376417565859,6.497381563855467,6.94185148196803
2024-11-23 16:00:00,5.5325,9.148200559789531,5.627,6.29,5.645666666666666,5.589833333333333,6.720855993180944,6.518616553743441,6.949884741147757
2024-11-23 17:00:00,5.486666666666667,9.148200559789531,5.599090909090909,6.306666666666667,5.633189393939394,5.549181818181817,6.701471510331953,6.518616553743441,6.954032972622476
2024-11-23 18:00:00,5.5120000000000005,9.148200559789531,5.573333333333333,6.204545454545454,5.617564393939394,5.510833333333333,6.65902121833575,6.502243282930328,6.954007683272836
2024-11-23 19:00:00,5.4925,9.148200559789531,5.544999999999999,6.234166666666667,5.58610606060606,5.419166666666665,6.650592922866583,6.487748607828923,6.952985020880105
2024-11-23 20:00:00,5.479166666666667,9.148200559789531,5.5325,6.167272727272728,5.562481060606061,5.438,6.610099260417146,6.444993512136922,6.951558117960059
2024-11-24 22:00:00,4.944,9.148200559789531,5.669,5.457,5.396729166666667,5.996333333333333,6.359083855449434,6.289429402297008,6.798101177146609
2024-11-24 23:00:00,4.945833333333334,9.148200559789531,5.041428571428571,5.428333333333334,5.325419642857142,4.756190476190476,6.221209573572243,6.275929469233727,6.792465542846168
2024-11-25 00:00:00,4.947272727272727,9.148200559789531,4.953333333333333,5.428333333333334,5.238752976190476,4.6066666666666665,6.486505021654375,6.308897773623023,6.766072604895056
2024-11-25 01:00:00,4.898571428571429,9.148200559789531,4.920909090909091,5.424545454545455,5.146167748917748,4.550568181818182,6.39984177733479,6.308897773623023,6.73537308523379
2024-11-25 02:00:00,4.930000000000001,9.148200559789531,4.944,5.417272727272727,4.964917748917749,4.219,6.344177993608699,6.250383436606484,6.7064733891330235
2024-11-25 03:00:00,4.9925,9.148200559789531,4.945833333333334,5.4079999999999995,4.941018939393939,4.850238095238097,6.294143366892477,6.253256774356315,6.680896713574891
2024-11-25 04:00:00,4.92,9.148200559789531,4.947272727272727,5.384444444444444,4.939503787878788,4.941212121212121,6.290450821233959,6.345497235959028,6.660820860630276
2024-11-25 05:00:00,4.927272727272728,9.148200559789531,4.898571428571429,5.383333333333333,4.933919372294373,4.876233766233766,6.2486682032854315,6.388252331651029,6.642598911547697
2024-11-25 06:00:00,4.920909090909091,9.148200559789531,4.930000000000001,5.384166666666666,4.930419372294373,4.916000000000001,6.291583633847464,6.406602112854592,6.628858624288162
2024-11-25 07:00:00,4.887272727272727,9.148200559789531,4.9925,5.401666666666666,4.9420860389610395,5.039166666666666,6.286377798895755,6.406602112854592,6.6201345767963575
2024-11-25 08:00:00,4.864,9.148200559789531,4.92,5.364999999999999,4.935267857142857,4.892727272727273,6.240914202129629,6.406602112854592,6.614226595653644
2024-11-25 09:00:00,4.87,9.148200559789531,4.927272727272728,5.36,4.942443181818182,4.955974025974027,6.263795037506998,6.347541286769468,6.609168142125361
2024-11-25 10:00:00,4.899090909090909,9.148200559789531,4.920909090909091,5.361666666666667,4.940170454545455,4.911818181818181,6.341279399568215,6.4417932661189,6.605724316304833
2024-11-25 11:00:00,4.904444444444445,9.148200559789531,4.887272727272727,5.359166666666667,4.9138636363636365,4.782045454545454,6.28919576202809,6.333561797725619,6.602712354762764
2024-11-25 12:00:00,4.865833333333334,9.148200559789531,4.864,5.3549999999999995,4.899863636363636,4.808,6.254356267959506,6.323448295840525,6.596778111603118
2024-11-25 13:00:00,4.782727272727272,9.148200559789531,4.87,5.345833333333334,4.885545454545454,4.8127272727272725,6.282583982532638,6.3803406881372275,6.589001636588961
2024-11-25 14:00:00,4.585833333333333,9.148200559789531,4.899090909090909,5.341666666666666,4.880090909090909,4.877272727272728,6.298700755847093,6.4044336790661704,6.582966625097674
2024-11-25 15:00:00,4.510833333333333,9.148200559789531,4.904444444444445,5.326666666666666,4.8843838383838385,4.921616161616162,6.298379651359918,6.47566978194172,6.57933312915485
2024-11-25 16:00:00,4.46,9.148200559789531,4.865833333333334,5.3,4.884842171717172,4.8676666666666675,6.270308143550903,6.533091338112254,6.577061367423385
2024-11-25 17:00:00,4.47,9.148200559789531,4.782727272727272,5.29125,4.8630239898989895,4.695454545454544,6.250163387796405,6.476676394914423,6.572429720303633
2024-11-25 18:00:00,4.489090909090909,9.148200559789531,4.585833333333333,5.669,4.784709595959596,4.2725757575757575,6.182055238116332,6.882346035401912,6.561059823239157
2024-11-25 19:00:00,4.853333333333333,9.148200559789531,4.510833333333333,5.041428571428571,4.686306818181818,4.117222222222222,6.14844915370345,7.133676812140238,6.541831747107842
2024-11-25 20:00:00,6.476666666666667,9.148200559789531,4.46,4.953333333333333,4.584848484848484,4.054166666666666,6.126495980898667,6.677814995465589,6.519981359952366
2024-11-25 21:00:00,5.456666666666667,9.148200559789531,4.47,4.920909090909091,4.506666666666667,4.157272727272727,6.073309379220383,6.396762032890628,6.499850454038921
2024-11-25 22:00:00,5.154285714285714,9.148200559789531,4.489090909090909,4.944,4.4824810606060606,4.392348484848485,6.049153182696724,6.53619271278831,6.4844183092885
2024-11-25 23:00:00,4.8125,9.148200559789531,4.853333333333333,4.945833333333334,4.56810606060606,5.195833333333332,6.069023123807943,6.921420767986984,6.484405470080222
2024-11-26 00:00:00,4.752222222222222,9.148200559789531,6.476666666666667,4.947272727272727,5.072272727272727,8.493333333333332,6.382944437920404,7.2762922829436345,6.5546869071299945
2024-11-26 01:00:00,4.67,9.148200559789531,5.456666666666667,4.898571428571429,5.318939393939394,6.443333333333334,6.25208831989122,7.065461639435834,6.646992060647002
2024-11-26 02:00:00,4.641111111111112,9.148200559789531,5.154285714285714,4.930000000000001,5.4852380952380955,5.819480519480519,6.185991731444915,6.891865198946325,6.6962241993244955
2024-11-26 03:00:00,5.281000000000001,9.148200559789531,4.8125,4.9925,5.475029761904762,4.771666666666667,6.053773896017935,6.910261875657578,6.710145208167225
2024-11-26 04:00:00,5.26125,9.148200559789531,4.752222222222222,4.92,5.043918650793651,3.027777777777777,5.990264718182468,7.067438648532181,6.701082088856792
2024-11-26 05:00:00,4.887272727272727,9.148200559789531,4.67,4.927272727272728,4.847251984126983,3.883333333333333,5.815659565742996,7.038418313054602,6.682176160133193
2024-11-26 06:00:00,4.763333333333333,9.148200559789531,4.641111111111112,4.920909090909091,4.718958333333333,4.12793650793651,5.800268370971056,7.152034607012482,6.656999056299366
2024-11-26 07:00:00,5.692,9.148200559789531,5.281000000000001,4.887272727272727,4.836083333333334,5.749500000000001,5.901851813728232,6.642772413675173,6.647520997121386
2024-11-26 08:00:00,5.156000000000001,9.148200559789531,5.26125,4.864,4.963340277777778,5.770277777777779,5.892543524920852,6.540140849486954,6.651427618040318
2024-11-26 09:00:00,4.913333333333333,9.148200559789531,4.887272727272727,4.87,5.01765845959596,5.104545454545454,6.022019752535482,6.458764594572274,6.648955875913241
2024-12-01 13:00:00,5.176363636363636,9.148200559789531,4.2908333333333335,4.255833333333333,4.63375,4.254666666666667,5.603970221679856,6.944991459544369,6.5651605885499364
2024-12-01 14:00:00,5.135555555555555,9.148200559789531,4.38909090909091,4.2525,4.651856060606061,4.461515151515153,5.636115402929773,6.97017989819352,6.5542676875263535
2024-12-01 15:00:00,5.057777777777778,9.148200559789531,4.568181818181818,4.253333333333333,4.423901515151515,3.6563636363636363,5.6752880746261045,7.017462685490236,6.540194748052329
2024-12-01 16:00:00,4.842727272727273,9.148200559789531,4.698888888888889,4.254166666666666,4.486748737373738,4.950277777777778,5.747174298044925,7.191160048553714,6.539498901870324
2024-12-01 17:00:00,4.805454545454546,9.148200559789531,5.176363636363636,4.2525,4.708131313131313,6.061893939393938,5.902532484831978,7.01614308510871,6.554978318251225
2024-12-01 18:00:00,4.961666666666667,9.148200559789531,5.135555555555555,5.083636363636364,4.894747474747475,5.882020202020201,5.787872202577791,6.963280179217895,6.588768196438442
2024-12-01 19:00:00,5.3950000000000005,9.148200559789531,5.057777777777778,4.51,5.017146464646465,5.5473737373737375,5.824889281384937,7.40310327397513,6.618343312708044
2024-12-01 20:00:00,5.232727272727273,9.148200559789531,4.842727272727273,4.4471428571428575,5.05310606060606,4.986565656565657,5.820044852486822,7.166644810213218,6.638036129272349
2024-12-03 05:00:00,4.59,9.148200559789531,4.531818181818182,4.77,4.534912878787879,4.507272727272729,5.903222935625827,6.5546971008473776,6.568232855464222
2024-12-03 06:00:00,4.63,9.148200559789531,4.529166666666667,4.67,4.530746212121212,4.5125,5.797737252401093,6.572369279082039,6.560596250006919
2024-12-03 07:00:00,4.51,9.148200559789531,4.541818181818182,4.618181818181818,4.530450757575758,4.540636363636364,5.813962735388802,6.7440360850089816,6.554484981399796
2024-12-03 08:00:00,4.50125,9.148200559789531,4.512727272727273,4.594444444444445,4.528882575757576,4.506454545454545,5.799149034850401,6.7440360850089816,6.550143189133605
2024-12-03 09:00:00,4.5055555555555555,9.148200559789531,4.59,4.606363636363636,4.543428030303031,4.6481818181818175,5.867702726541827,6.781667725067305,6.546795462841707
2024-12-03 10:00:00,4.5040000000000004,9.148200559789531,4.63,4.587272727272727,4.568636363636363,4.730833333333333,6.066477004767949,6.781667725067305,6.54749772862785
2024-12-03 11:00:00,4.499090909090909,9.148200559789531,4.51,4.583636363636364,4.560681818181818,4.478181818181818,5.911886354976014,6.78702676347941,6.548615906948836
2024-12-03 12:00:00,4.539090909090909,9.148200559789531,4.50125,4.578333333333333,4.5578125,4.489772727272727,5.889000688924073,6.78702676347941,6.545270320524984
2024-12-03 13:00:00,4.554166666666666,9.148200559789531,4.5055555555555555,4.621,4.536701388888889,4.421111111111111,5.9067455655168075,6.773526830416129,6.542509112611264
2024-12-03 14:00:00,4.64,9.148200559789531,4.5040000000000004,4.628181818181818,4.505201388888889,4.378000000000001,5.919953635979622,6.768167792004024,6.539121312426861
2024-12-03 15:00:00,4.625555555555556,9.148200559789531,4.499090909090909,4.601818181818182,4.502474116161617,4.488181818181818,5.910659489177,6.879958660692651,6.535166641743613
2024-12-03 16:00:00,4.622999999999999,9.148200559789531,4.539090909090909,4.6033333333333335,4.511934343434344,4.576931818181818,5.901730169032271,6.901193650580625,6.5315944238403
2024-12-03 17:00:00,4.570909090909091,9.148200559789531,4.554166666666666,4.593333333333334,4.524087121212121,4.602777777777777,5.940121131819314,7.271504235597735,6.530440645896361
2024-12-03 18:00:00,4.526,9.148200559789531,4.64,5.894166666666667,4.558087121212121,4.775999999999999,6.0054798859168415,7.271504235597735,6.532784385007569
2024-12-03 19:00:00,4.457272727272727,9.148200559789531,4.625555555555556,4.622727272727273,4.589703282828283,4.752020202020202,5.987219428432589,7.25700956049633,6.537627879063916
2024-12-03 20:00:00,4.45,9.148200559789531,4.622999999999999,4.5636363636363635,4.610680555555556,4.70690909090909,5.995933713928043,7.245254031649037,6.5413401610575415
2024-12-03 21:00:00,4.454166666666667,9.148200559789531,4.570909090909091,4.556363636363636,4.6148661616161615,4.587651515151516,5.943736049498851,7.184811845389262,6.54403211505994
2024-12-03 22:00:00,4.444166666666667,9.148200559789531,4.526,4.545833333333333,4.586366161616161,4.412,5.946843182496329,7.086039657309038,6.543720277925539
2024-12-03 23:00:00,4.445,9.148200559789531,4.457272727272727,4.543,4.544295454545455,4.2889898989898985,5.8419429417470585,7.067642980597785,6.539018015160256
2024-12-04 00:00:00,4.427777777777778,9.148200559789531,4.45,4.519,4.501045454545455,4.277000000000001,5.756853765180756,7.094887641420488,6.532461848532936
2024-12-04 01:00:00,4.428888888888888,9.148200559789531,4.454166666666667,4.531818181818182,4.471859848484849,4.337424242424242,5.736644976593736,7.061323995361605,6.525339784074067
2024-12-04 02:00:00,4.431818181818182,9.148200559789531,4.444166666666667,4.529166666666667,4.451401515151515,4.362333333333334,5.729880079111931,7.064197333111437,6.518626434412064
2024-12-04 03:00:00,4.5600000000000005,9.148200559789531,4.445,4.541818181818182,4.448333333333334,4.4327272727272735,5.7023848906291885,7.093220605136139,6.513247973344111
2024-12-04 04:00:00,4.529166666666667,9.148200559789531,4.427777777777778,4.512727272727273,4.442777777777778,4.405555555555556,5.674521509847835,7.0850772513609686,6.508190297949663
2024-12-04 05:00:00,4.544,9.148200559789531,4.428888888888888,4.59,4.436458333333333,4.40361111111111,5.719573091518636,7.116615607849315,6.5028694187855045
2024-12-04 06:00:00,4.54,9.148200559789531,4.431818181818182,4.63,4.433371212121212,4.4194696969696965,5.691062444927635,7.147764439118381,6.497964452156188
2024-12-04 07:00:00,4.526666666666667,9.148200559789531,4.5600000000000005,4.51,4.462121212121212,4.675000000000001,5.704733652926796,6.9378868155389,6.496680531328334
2024-12-04 08:00:00,4.456666666666667,9.148200559789531,4.529166666666667,4.50125,4.487468434343435,4.6305555555555555,5.73917356979545,6.921232659371239,6.501509629908733
2024-12-04 09:00:00,4.441000000000001,9.148200559789531,4.544,4.5055555555555555,4.516246212121212,4.659111111111111,5.831996895091789,6.9685832095182105,6.505640353372163
2024-12-04 10:00:00,4.42,9.148200559789531,4.54,4.5040000000000004,4.543291666666667,4.648181818181818,5.8886391070639945,6.9685832095182105,6.510817861377211
2024-12-04 11:00:00,4.396,9.148200559789531,4.526666666666667,4.499090909090909,4.534958333333334,4.493333333333334,5.862077128103056,6.941335995484888,6.5177776849314695
2024-12-04 12:00:00,4.372222222222223,9.148200559789531,4.456666666666667,4.539090909090909,4.5168333333333335,4.384166666666667,5.880903193931118,6.874973156530792,6.521570698310482
2024-12-04 13:00:00,4.401,9.148200559789531,4.441000000000001,4.554166666666666,4.491083333333334,4.338000000000002,5.961745847510703,6.944490218589268,6.521622638743972
2024-12-04 14:00:00,5.1890909090909085,9.148200559789531,4.42,4.64,4.461083333333334,4.3,5.893776544828829,6.938429120287268,6.52020312809536
2024-12-04 15:00:00,11.044545454545455,9.148200559789531,4.396,4.625555555555556,4.428416666666667,4.2653333333333325,5.9222645820642015,7.390769275380372,6.516907731303869
2024-12-04 16:00:00,8.162222222222221,9.148200559789531,4.372222222222223,4.622999999999999,4.407305555555556,4.287777777777778,5.868412245951358,7.445697943903844,6.510720983714745
2024-12-04 17:00:00,6.411111111111111,9.148200559789531,4.401,4.570909090909091,4.397305555555556,4.360999999999999,5.88039767108881,7.498167461964343,6.504718653844531
2024-12-04 18:00:00,5.251666666666667,9.148200559789531,5.1890909090909085,4.526,4.589578282828283,5.958181818181817,6.064206532810174,6.988663902473431,6.5139126941727135
2024-12-04 19:00:00,4.7325,9.148200559789531,11.044545454545455,4.457272727272727,6.251714646464647,17.69309090909091,7.487211741152792,11.630490853636733,6.698142882828302
2024-12-04 20:00:00,5.22375,9.148200559789531,8.162222222222221,4.45,7.199214646464646,11.952222222222218,7.2331672746576885,9.740087337414549,7.02509896311145
2024-12-04 21:00:00,5.441818181818181,9.148200559789531,6.411111111111111,4.454166666666667,7.701742424242424,8.421222222222223,7.045448160749351,7.317189405680786,7.179412629277303
2024-12-04 22:00:00,5.304166666666666,9.148200559789531,5.251666666666667,4.444166666666667,7.717386363636363,5.314242424242425,6.845379257079179,6.838197877043956,7.191013826624252
2024-12-04 23:00:00,5.181,9.148200559789531,4.7325,4.445,6.139374999999999,-1.579545454545455,6.5790246332426925,7.480482484879584,7.1052360487826665
2024-12-05 00:00:00,5.531818181818182,9.148200559789531,5.22375,4.427777777777778,5.404756944444444,2.285277777777779,6.287714436541771,7.572690810393306,6.9978384059342424
2024-12-05 01:00:00,5.611818181818181,9.148200559789531,5.441818181818181,4.428888888888888,5.162433712121212,4.4725252525252515,6.027192227971477,8.564927967561916,6.909661641479159
2024-12-05 02:00:00,5.765,9.148200559789531,5.304166666666666,4.431818181818182,5.175558712121212,5.356666666666666,5.918717685870548,7.830723256696427,6.844350728834308
2024-12-05 03:00:00,5.934444444444444,9.148200559789531,5.181,4.5600000000000005,5.287683712121212,5.6295,5.703211091233176,7.4300265512435155,6.792137170367772
2024-12-05 04:00:00,5.831,9.148200559789531,5.531818181818182,4.529166666666667,5.364700757575758,5.8398863636363645,6.022274679203996,7.662255935864427,6.765580629777838
2024-12-05 05:00:00,5.764545454545455,9.148200559789531,5.611818181818181,4.544,5.407200757575758,5.781818181818181,6.253658738825105,7.617458136047028,6.76335322167497
2024-12-05 06:00:00,5.638181818181819,9.148200559789531,5.765,4.54,5.522409090909091,6.225833333333333,6.4526962385156335,7.718171754102006,6.790134642943238
2024-12-05 07:00:00,5.581818181818182,9.148200559789531,5.934444444444444,4.526666666666667,5.710770202020202,6.687888888888888,7.166266160156207,7.463068099256976,6.845480190095902
2024-12-05 08:00:00,5.442727272727272,9.148200559789531,5.831,4.456666666666667,5.785565656565656,6.130181818181819,6.808015101108659,7.460194761507144,6.913125115179023
2024-12-05 09:00:00,5.448333333333333,9.148200559789531,5.764545454545455,4.441000000000001,5.823747474747474,5.917272727272728,6.50179168591049,7.60332931617134,6.977583582207563
2024-12-05 10:00:00,5.3675,9.148200559789531,5.638181818181819,4.42,5.792042929292929,5.511363636363638,6.299337348776448,7.549065054218604,7.032028828513059
2024-12-05 11:00:00,5.354166666666667,9.148200559789531,5.581818181818182,4.396,5.703886363636364,5.22919191919192,6.209933218411189,7.677147240520011,7.0779721845366605
2024-12-05 12:00:00,5.349166666666666,9.148200559789531,5.442727272727272,4.372222222222223,5.606818181818182,5.054454545454544,6.238451134028682,7.755933587712456,7.111514616164328
2024-12-05 13:00:00,5.9911111111111115,9.148200559789531,5.448333333333333,4.401,5.527765151515151,5.132121212121212,6.268855091480386,7.7721184356913975,7.139231159768881
2024-12-05 14:00:00,5.764166666666667,9.148200559789531,5.3675,5.1890909090909085,5.460094696969696,5.096818181818181,6.300056201894677,7.6238757629773515,7.160450480384122
2024-12-05 15:00:00,5.445,9.148200559789531,5.354166666666667,11.044545454545455,5.403181818181818,5.126515151515152,6.271246312123116,7.737492306438363,7.178232978383349
2024-12-05 16:00:00,5.272222222222222,9.148200559789531,5.349166666666666,8.162222222222221,5.379791666666666,5.25560606060606,6.299756368647054,8.01366418719541,7.193753830390966
2024-12-05 17:00:00,5.156666666666666,9.148200559789531,5.9911111111111115,6.411111111111111,5.5154861111111115,6.53388888888889,6.333441723241091,7.635743857846037,7.181095149162168
2024-12-05 18:00:00,5.275714285714286,9.148200559789531,5.764166666666667,5.251666666666667,5.614652777777778,6.1608333333333345,6.525585141817825,7.635743857846037,7.123969620861799
2024-12-05 19:00:00,4.974,9.148200559789531,5.445,4.7325,5.637361111111112,5.535833333333334,7.058925351644198,7.735373335040063,7.066742546095954
2024-12-05 20:00:00,4.911818181818182,9.148200559789531,5.272222222222222,5.22375,5.618125,5.195277777777778,7.2972909683961085,7.107843368580724,7.013513133907744
2024-12-05 21:00:00,4.863,9.148200559789531,5.156666666666666,5.441818181818181,5.409513888888889,4.322222222222221,7.031690440402835,7.5867470584641215,6.961799331896777
2024-12-05 22:00:00,4.89,9.148200559789531,5.275714285714286,5.304166666666666,5.287400793650793,4.7872619047619045,7.0555679899695445,7.564584354359475,6.913193785489968
2024-12-05 23:00:00,5.23375,9.148200559789531,4.974,5.181,5.169650793650794,4.503,7.041374649811008,6.900685371459938,6.849982083398656
2024-12-06 00:00:00,4.754166666666666,9.148200559789531,4.911818181818182,5.531818181818182,5.079549783549783,4.551414141414142,7.060768653877613,6.8437929791632355,6.786437923626314
2024-12-06 01:00:00,4.733,9.148200559789531,4.863,5.611818181818181,5.006133116883117,4.569333333333335,7.1071773255210156,6.8437929791632355,6.732875664690156
2024-12-06 02:00:00,4.741666666666666,9.148200559789531,4.89,5.765,4.909704545454545,4.504285714285714,7.1151213508580415,6.419709487676267,6.686248329025535
2024-12-06 03:00:00,4.798181818181818,9.148200559789531,5.23375,5.934444444444444,4.974642045454545,5.493499999999999,7.055668977060049,7.038121515307767,6.661993119252799
2024-12-06 04:00:00,4.917777777777777,9.148200559789531,4.754166666666666,5.831,4.935229166666667,4.596515151515151,6.961291901284408,7.0053557177413275,6.6378223370011655
2024-12-06 05:00:00,5.006666666666667,9.148200559789531,4.733,5.764545454545455,4.902729166666667,4.602999999999999,6.0506075038237785,7.0692225267384945,6.60718409537941
2024-12-06 06:00:00,5.242727272727273,9.148200559789531,4.741666666666666,5.638181818181819,4.865645833333333,4.593333333333333,5.906942244025906,7.308915033937076,6.581683871470574
2024-12-06 07:00:00,5.558181818181819,9.148200559789531,4.798181818181818,5.581818181818182,4.756753787878788,4.362613636363636,5.9518119271130825,6.471754145913334,6.5610115789413825
2024-12-06 08:00:00,5.693636363636363,9.148200559789531,4.917777777777777,5.442727272727272,4.797656565656565,5.081388888888888,5.970368778670707,6.458399934281014,6.546472342766696
2024-12-06 09:00:00,5.65090909090909,9.148200559789531,5.006666666666667,5.448333333333333,4.866073232323232,5.280333333333334,6.0682980255966115,6.365657883907202,6.540146698288014
2024-12-06 10:00:00,5.825,9.148200559789531,5.242727272727273,5.3675,4.991338383838384,5.74378787878788,6.117287127786085,6.473354476746001,6.545197175944487
2024-12-06 11:00:00,5.938888888888889,9.148200559789531,5.558181818181819,5.354166666666667,5.1813383838383835,6.318181818181819,6.2495587274144775,6.774221923430294,6.573965951027505
2024-12-06 12:00:00,6.2122222222222225,9.148200559789531,5.693636363636363,5.349166666666666,5.37530303030303,6.469494949494949,6.471092995043126,7.530102440256318,6.633449224848114
2024-12-10 05:00:00,11.527,9.148200559789531,39.43083333333333,6.711,34.28364583333334,54.585303030303024,22.433070841945565,9.210915487545785,15.821652187533193
2024-12-10 06:00:00,13.366,9.148200559789531,45.192499999999995,7.46090909090909,38.40270833333334,61.66874999999999,25.26746414291437,7.935479531230274,15.842804977705534
2024-12-10 07:00:00,12.234545454545456,9.148200559789531,44.99166666666667,7.308181818181819,41.34895833333333,56.776666666666664,25.602014194916535,9.113030024808436,15.838427196749471
2024-12-10 08:00:00,10.545555555555556,9.148200559789531,17.2625,7.856,36.719375,-1.2558333333333351,19.973301664833116,8.17780654843346,15.057606854621309
2024-12-10 09:00:00,12.25,9.148200559789531,11.527,7.898888888888889,29.743416666666665,-16.37683333333333,17.535899604472547,9.825250174664019,14.547047567020174
2024-12-10 10:00:00,12.865454545454547,9.148200559789531,13.366,8.662727272727274,21.78679166666667,-18.460499999999996,16.662081634038877,11.916142955299943,14.353599215887517
2024-12-10 11:00:00,15.83,9.148200559789531,12.234545454545456,8.950000000000001,13.597511363636364,-20.52257575757576,13.656287979045953,12.351585773487205,14.014229761067073
2024-12-10 12:00:00,17.308333333333334,9.148200559789531,10.545555555555556,10.3125,11.918275252525252,3.828611111111112,11.65523030783543,11.274756253966315,13.703846569736548
2024-12-10 13:00:00,16.176363636363636,9.148200559789531,12.25,10.631,12.099025252525253,12.973,12.362284918277215,12.94461642700292,13.81185426951166
2024-12-11 17:00:00,9.344545454545454,9.148200559789531,7.760833333333333,6.22375,7.3206628787878785,8.21621212121212,9.228872729405879,8.505955364719338,9.386302291264034
2024-12-11 18:00:00,10.482222222222223,9.148200559789531,7.986666666666666,6.998,7.484375,8.64151515151515,9.665719496980378,8.33217880880095,9.20974510406005
2024-12-11 19:00:00,10.651818181818182,9.148200559789531,7.715454545454546,6.779999999999999,7.807329545454546,9.007272727272728,9.302989109356753,8.024755716364897,9.03566449800293
2024-12-11 20:00:00,11.863333333333333,9.148200559789531,8.357142857142858,9.01625,7.95502435064935,8.94792207792208,9.424128925583949,9.608726988485804,8.971901135497584
2024-12-11 21:00:00,12.409999999999998,9.148200559789531,9.344545454545454,8.581999999999999,8.35095238095238,10.928257575757574,9.75509100740036,10.079297866431167,9.036378982921953
2024-12-11 22:00:00,13.884545454545453,9.148200559789531,10.482222222222223,9.711818181818181,8.97484126984127,12.97777777777778,10.659225784923153,12.59246426044327,9.234761030844119
2024-12-11 23:00:00,14.853,9.148200559789531,10.651818181818182,9.729,9.70893217893218,13.58818181818182,9.562348006155407,12.274374292568819,9.447874100614632
2024-12-12 00:00:00,15.858888888888888,9.148200559789531,11.863333333333333,10.808181818181819,10.585479797979797,15.369523809523809,9.960509823279065,12.138549925704394,9.773198239712196
2024-12-12 01:00:00,16.5975,9.148200559789531,12.409999999999998,11.587272727272728,11.351843434343435,15.475454545454543,9.753538099307892,11.688640924403806,10.124141462661902
2024-12-12 02:00:00,18.139166666666668,9.148200559789531,13.884545454545453,13.503,12.202424242424241,17.286868686868683,10.522760240685495,11.721549671248777,10.595174469443737
2024-12-12 03:00:00,16.69125,9.148200559789531,14.853,13.767142857142858,13.252719696969695,19.054181818181817,10.650223642267491,11.66221653663723,11.097030913700074
2024-12-12 04:00:00,8.196000000000002,9.148200559789531,15.858888888888888,15.381111111111112,14.251608585858586,19.854444444444443,11.624896233160428,12.33212816745443,11.637315302867517
2024-12-12 05:00:00,7.223333333333334,9.148200559789531,16.5975,16.334444444444443,15.298483585858584,20.785000000000004,11.983338887839547,11.755385126481725,12.152876434760435
2024-12-12 06:00:00,8.384444444444446,9.148200559789531,18.139166666666668,18.17,16.36213888888889,22.393787878787883,12.98266478406325,9.246713024200025,12.728869385618902
2024-12-12 07:00:00,8.262727272727274,9.148200559789531,16.69125,9.185714285714285,16.82170138888889,18.5295,12.36363625916942,11.99312910751363,12.87694942163207
2024-12-12 08:00:00,9.124444444444444,9.148200559789531,8.196000000000002,9.487499999999999,14.905979166666668,0.5331111111111149,10.950932632441187,9.108628428779308,12.06379353345442
2024-12-12 09:00:00,9.01,9.148200559789531,7.223333333333334,7.305454545454546,12.562437500000001,-2.150833333333334,10.650243040018946,9.564309812173661,11.31036038978512
2024-12-12 10:00:00,10.516666666666667,9.148200559789531,8.384444444444446,7.331818181818182,10.123756944444446,-1.3702777777777762,9.59668177057516,8.612558945170624,10.891276765032817
2024-12-12 11:00:00,10.359,9.148200559789531,8.262727272727274,6.423636363636363,8.016626262626264,-0.16579545454545297,10.397563238579291,8.076754286786716,10.289107294696116
2024-12-12 12:00:00,11.803749999999999,9.148200559789531,9.124444444444444,7.766363636363637,8.248737373737374,10.052888888888887,11.121230447929731,11.462704594734756,10.06560089798247
2024-12-12 13:00:00,12.07375,9.148200559789531,9.01,7.760833333333333,8.695404040404041,10.796666666666667,9.780787775332017,10.545652262960772,9.698972199085667
2024-12-12 14:00:00,12.914545454545454,9.148200559789531,10.516666666666667,7.986666666666666,9.228459595959595,12.648888888888889,11.692832821958078,12.6929364320621,9.74327612438552
2024-12-12 15:00:00,13.795,9.148200559789531,10.359,7.715454545454546,9.752527777777777,12.455272727272726,10.50585271805393,12.571860504878186,9.606277249150658
2024-12-12 16:00:00,14.203333333333333,9.148200559789531,11.803749999999999,8.357142857142858,10.422354166666667,14.483055555555554,12.13462049106338,13.7765830519421,9.859684702944064
2024-12-12 17:00:00,15.281818181818181,9.148200559789531,12.07375,9.344545454545454,11.188291666666668,15.137500000000001,10.835743388136548,14.096724785601062,9.927291402202538
2024-12-12 18:00:00,11.04,9.148200559789531,12.914545454545454,10.482222222222223,11.787761363636363,15.31242424242424,13.162274446704933,14.647714460835575,10.306250847550027
2024-12-12 19:00:00,6.675,9.148200559789531,13.795,10.651818181818182,12.646761363636363,17.231,11.230697320156077,14.632165811032978,10.549517563938167
2024-12-12 20:00:00,7.7763636363636355,9.148200559789531,14.203333333333333,11.863333333333333,13.246657196969696,16.602916666666665,11.353522968544368,14.92638278393303,11.016129700602825
2024-12-12 21:00:00,7.5218181818181815,9.148200559789531,15.281818181818181,12.409999999999998,14.04867424242424,18.489886363636362,10.122593410735936,14.244400416479577,11.296114510066253
2024-12-12 22:00:00,8.0475,9.148200559789531,11.04,13.884545454545453,13.580037878787879,9.165454545454544,10.697335204324917,12.951416908402388,11.277101393406875
2024-12-12 23:00:00,7.6579999999999995,9.148200559789531,6.675,14.853,11.80003787878788,-0.4450000000000003,8.18985087757547,9.770548573375585,10.548892430668424
2024-12-13 00:00:00,8.277,9.148200559789531,7.7763636363636355,15.858888888888888,10.193295454545455,1.3493939393939378,9.529319012386301,8.515097516235127,10.145125689592223
2024-12-13 01:00:00,7.608888888888889,9.148200559789531,7.5218181818181815,16.5975,8.253295454545455,-0.23818181818181827,8.08669449939234,9.78399602946414,9.667711158595674
2024-12-13 02:00:00,8.27875,9.148200559789531,8.0475,18.139166666666668,7.505170454545454,5.055,9.102458046564367,8.90102222107374,9.40835027578025
2024-12-13 03:00:00,8.00375,9.148200559789531,7.6579999999999995,16.69125,7.750920454545454,8.640999999999998,7.939622765494733,9.420861882402038,9.098905817813339
2024-12-13 04:00:00,9.4325,9.148200559789531,8.277,8.196000000000002,7.8760795454545445,8.777636363636363,9.348413962795494,11.995134457091558,8.997076962705588
2024-12-13 05:00:00,8.631818181818183,9.148200559789531,7.608888888888889,7.223333333333334,7.897847222222222,7.6959595959595966,8.71165203829089,9.05826107430075,8.811056130037084
2024-12-13 06:00:00,9.72,9.148200559789531,8.27875,8.384444444444446,7.955659722222222,8.510000000000002,9.435775764378397,11.875591610187564,8.793909026947551
2024-12-13 07:00:00,9.126000000000001,9.148200559789531,8.00375,8.262727272727274,8.042097222222221,8.3495,8.934872893889658,9.121713350540174,8.697096776357766
2024-12-13 08:00:00,10.456666666666667,9.148200559789531,9.4325,9.124444444444444,8.330972222222222,10.588,10.07327757074972,12.609304940706618,8.873766519405157
2024-12-13 09:00:00,10.511666666666667,9.148200559789531,8.631818181818183,9.01,8.586704545454547,9.654747474747477,9.57666025925249,11.038936548154359,8.924399323302445
2024-12-13 10:00:00,11.732727272727272,9.148200559789531,9.72,10.516666666666667,8.947017045454546,11.16125,9.90118668619494,11.864136114897008,9.15066749177288
2024-12-13 11:00:00,12.215,9.148200559789531,9.126000000000001,10.359,9.227579545454546,10.248250000000002,7.333084883709629,9.884608013501529,9.231870500734514
2024-12-13 12:00:00,13.4025,9.148200559789531,10.456666666666667,11.803749999999999,9.483621212121214,11.480833333333335,9.067409633223098,10.942220192084845,9.50488923117715
2024-12-13 13:00:00,11.036666666666667,9.148200559789531,10.511666666666667,12.07375,9.953583333333334,12.39151515151515,8.117638155598286,12.392502190088084,9.681715768192307
2024-12-13 14:00:00,8.565,9.148200559789531,11.732727272727272,12.914545454545454,10.456765151515151,13.745454545454544,10.060895413982895,12.971858709276846,10.043193853334737
2024-12-13 15:00:00,8.897777777777778,9.148200559789531,12.215,13.795,11.229015151515153,15.303999999999998,9.164676108045185,12.175486259400575,10.36300219074246
2024-12-13 16:00:00,8.866666666666667,9.148200559789531,13.4025,14.203333333333333,11.965473484848484,16.348333333333333,10.967110365859874,12.757675304625437,10.828491869350039
2024-12-13 17:00:00,8.565454545454545,9.148200559789531,11.036666666666667,15.281818181818181,12.096723484848484,11.561666666666667,8.896792123317706,11.623631924572898,10.939791464314384
2024-12-13 18:00:00,9.426,9.148200559789531,8.565,11.04,11.304791666666667,5.3972727272727266,8.866360103413157,8.734486634339286,10.8076287394978
2024-12-13 19:00:00,9.02625,9.148200559789531,8.897777777777778,6.675,10.47548611111111,5.580555555555556,7.942302542693888,9.060654490249659,10.513389199043129
2024-12-13 20:00:00,10.656363636363636,9.148200559789531,8.866666666666667,7.7763636363636355,9.341527777777777,4.330833333333334,10.490936568899103,8.632912718525098,10.310034134256101
2024-12-13 21:00:00,10.656,9.148200559789531,8.565454545454545,7.5218181818181815,8.723724747474748,6.094242424242422,9.274343376414906,9.377861401079608,10.029814425641213
2024-12-13 22:00:00,11.637142857142859,9.148200559789531,9.426,8.0475,8.938974747474749,10.287,10.272295306639684,10.397340671295677,9.963455366720531
2024-12-13 23:00:00,11.905,9.148200559789531,9.02625,7.6579999999999995,8.971092803030302,9.15472222222222,9.071012663176118,10.183721254905793,9.753175494401823
2024-12-14 00:00:00,13.135,9.148200559789531,10.656363636363636,8.277,9.418517045454545,12.446060606060605,10.410173924932927,11.88593119332512,9.923990607107568
2024-12-14 01:00:00,13.508181818181818,9.148200559789531,10.656,7.608888888888889,9.941153409090909,12.746545454545457,9.609092346538803,11.811943673209054,9.92910265460374
2024-12-14 02:00:00,16.66,9.148200559789531,11.637142857142859,8.27875,10.493939123376624,13.848285714285717,11.445612081353909,13.837237629949893,10.215545342664448
2024-12-14 03:00:00,20.497272727272726,9.148200559789531,11.905,8.00375,11.213626623376625,14.78375,10.821843513378536,12.521872549846764,10.35131773307516
2024-12-14 04:00:00,12.584545454545456,9.148200559789531,13.135,9.4325,11.833285714285715,15.613636363636363,13.707030660790155,12.678981638493665,10.769833709194785
2024-12-14 05:00:00,8.76,9.148200559789531,13.508181818181818,8.631818181818183,12.546331168831168,16.360363636363637,11.238565681685886,12.183667259781764,11.051369047591304
2024-12-14 06:00:00,8.75,9.148200559789531,16.66,9.72,13.802045454545453,21.68285714285714,11.636409011463625,12.788492232131958,11.616314054259554
2024-12-14 07:00:00,8.795555555555556,9.148200559789531,20.497272727272726,9.126000000000001,15.950113636363636,29.08954545454545,11.243786202137397,8.516306657723154,12.014825960280849
2024-12-14 08:00:00,9.61909090909091,9.148200559789531,12.584545454545456,10.456666666666667,15.8125,12.034090909090912,10.557900466693736,11.499799255782715,12.167781782904518
2024-12-14 09:00:00,10.093333333333334,9.148200559789531,8.76,10.511666666666667,14.625454545454545,4.011818181818182,7.377348609279837,11.540871004665673,11.87962053763571
2024-12-14 10:00:00,10.68875,9.148200559789531,8.75,11.732727272727272,12.647954545454546,0.8399999999999999,10.940995191806671,10.861085557095103,11.562929404371248
2024-12-14 11:00:00,11.040000000000001,9.148200559789531,8.795555555555556,12.215,9.722525252525253,-2.906161616161615,10.564320161874884,11.205436602391702,11.205499268705543
2024-12-14 12:00:00,12.289,9.148200559789531,9.61909090909091,13.4025,8.981161616161616,6.6536363636363625,10.208004005804263,9.595416833910994,10.962537483514016
2024-12-14 13:00:00,12.912857142857144,9.148200559789531,10.093333333333334,11.036666666666667,9.31449494949495,11.426666666666668,9.482011809607172,10.185868169769737,10.788125787589248
2024-12-14 14:00:00,15.586363636363636,9.148200559789531,10.68875,8.565,9.79918244949495,12.627500000000001,10.166561621111622,11.620152557756064,10.709812744894148
2024-12-14 15:00:00,17.234,9.148200559789531,11.040000000000001,8.897777777777778,10.36029356060606,13.284444444444446,10.086232130240639,12.368109865612947,10.683976172635106
2024-12-14 16:00:00,19.294444444444444,9.148200559789531,12.289,8.866666666666667,11.027770833333333,14.95890909090909,10.673373161213672,13.020051801175244,10.799856738753194
2024-12-14 17:00:00,19.543333333333333,9.148200559789531,12.912857142857144,8.565454545454545,11.732651785714285,15.732380952380954,11.682116525753228,12.702469763668729,10.979580754369934
2024-12-14 18:00:00,18.415555555555557,9.148200559789531,15.586363636363636,9.426,12.957055194805196,20.483977272727273,14.691193970357526,12.96469248365743,11.454825994134422
2024-12-14 19:00:00,6.443333333333333,9.148200559789531,17.234,9.02625,14.505555194805194,23.428000000000004,17.731596283301897,12.429311543376967,11.990079553524728
2024-12-14 20:00:00,6.021666666666667,9.148200559789531,19.294444444444444,10.656363636363636,16.256916305916306,26.299888888888887,14.27519884921532,9.128143511925362,12.590365064580016
2024-12-14 21:00:00,5.678181818181819,9.148200559789531,19.543333333333333,10.656,17.914535353535353,26.173809523809524,12.563821305061584,6.920071718864133,13.029571424840498
2024-12-14 22:00:00,5.425833333333333,9.148200559789531,18.415555555555557,11.637142857142859,18.621833333333335,21.244747474747477,12.92033442242657,6.715662811729986,13.238565722796952
2024-12-14 23:00:00,5.216363636363637,9.148200559789531,6.443333333333333,11.905,15.924166666666666,-4.347333333333335,9.57609213303461,8.307586221784991,12.186286583636141
2024-12-15 00:00:00,4.96,9.148200559789531,6.021666666666667,13.135,12.605972222222222,-7.251111111111109,9.04984536730265,9.758034918971942,11.623082651423847
2024-12-15 01:00:00,4.882727272727273,9.148200559789531,5.678181818181819,13.508181818181818,9.139684343434343,-8.186969696969694,8.109883257898012,8.232667899970936,11.081240049251688
2024-12-15 02:00:00,4.710909090909091,9.148200559789531,5.425833333333333,16.66,5.892253787878788,-7.56388888888889,8.121074409006786,8.838009033348566,10.597261618922834
2024-12-15 03:00:00,4.649090909090909,9.148200559789531,5.216363636363637,20.497272727272726,5.585511363636364,3.98939393939394,6.843992283309701,8.568811819558531,10.186545948166064
2024-12-15 04:00:00,4.555454545454546,9.148200559789531,4.96,12.584545454545456,5.320094696969697,3.8983333333333325,6.68339729790546,8.716681685488522,9.851933322746088
2024-12-15 05:00:00,4.488888888888889,9.148200559789531,4.882727272727273,8.76,5.1212310606060605,4.087272727272727,5.8801919493548045,7.968624569893592,9.616313716622024
2024-12-15 06:00:00,4.44,9.148200559789531,4.710909090909091,8.75,4.9425,3.9959848484848486,6.231662261977983,7.951713888317454,9.457112397304684
2024-12-15 07:00:00,4.398888888888889,9.148200559789531,4.649090909090909,8.795555555555556,4.800681818181818,4.081818181818182,5.771421456349582,7.50100907530726,9.447576318522627
2024-12-15 08:00:00,4.397777777777778,9.148200559789531,4.555454545454546,9.61909090909091,4.699545454545454,4.150909090909091,6.94199175042185,7.507819775987032,9.001579609825495
2024-12-15 09:00:00,4.428,9.148200559789531,4.488888888888889,10.093333333333334,4.601085858585859,4.095050505050505,9.066787789202433,7.449444308626134,8.41479945040326
2024-12-15 10:00:00,4.4383333333333335,9.148200559789531,4.44,10.68875,4.533358585858586,4.16909090909091,10.7654493218889,7.392144508470757,7.881009706656801
2024-12-15 11:00:00,4.446666666666666,9.148200559789531,4.398888888888889,11.040000000000001,4.470808080808081,4.148686868686869,8.498467097651783,7.265195638488759,7.445893704167056
2024-12-15 12:00:00,4.460833333333333,9.148200559789531,4.397777777777778,12.289,4.43138888888889,4.24010101010101,8.41665597144512,7.637780081898381,7.124161041785224
2024-12-15 13:00:00,4.668333333333333,9.148200559789531,4.428,12.912857142857144,4.416166666666666,4.367111111111111,8.78222663515442,7.602687419902608,6.899866103696473
2024-12-15 14:00:00,4.664545454545455,9.148200559789531,4.4383333333333335,15.586363636363636,4.41575,4.4366666666666665,9.220729757780711,7.066044777510195,6.7505887142446035
2024-12-15 15:00:00,4.550833333333333,9.148200559789531,4.446666666666666,17.234,4.427694444444445,4.494444444444444,9.52377393954644,7.4033186702872875,6.653532470064162
2024-12-15 16:00:00,4.53090909090909,9.148200559789531,4.460833333333333,19.294444444444444,4.443458333333333,4.523888888888889,9.983859952125275,7.323903870973843,6.592853982672898
2024-12-15 17:00:00,4.502727272727273,9.148200559789531,4.668333333333333,19.543333333333333,4.503541666666666,4.908666666666666,10.221067782226424,6.827757207219347,6.5547522703721395
2024-12-15 18:00:00,4.660909090909091,9.148200559789531,4.664545454545455,18.415555555555557,4.560094696969697,4.8907575757575765,10.270413240460915,6.9061314879330125,6.540985137495294
2024-12-15 19:00:00,3.7409090909090907,9.148200559789531,4.550833333333333,6.443333333333333,4.5861363636363635,4.655,6.77570569356285,6.891593734023288,6.540376636836275
2024-12-15 20:00:00,3.69125,9.148200559789531,4.53090909090909,6.021666666666667,4.603655303030303,4.600984848484847,5.409176476390939,6.936082432466276,6.5414864502185335
2024-12-15 21:00:00,3.670833333333333,9.148200559789531,4.502727272727273,5.678181818181819,4.562253787878788,4.337121212121213,5.160855725000793,6.8765368862124685,6.543134343147737
2024-12-15 22:00:00,3.66,9.148200559789531,4.660909090909091,5.425833333333333,4.561344696969697,4.657272727272727,5.045159837078564,7.028996172524728,6.54986986962404
2024-12-15 23:00:00,3.6558333333333333,9.148200559789531,3.7409090909090907,5.216363636363637,4.358863636363636,2.930984848484848,4.6541088595555555,6.448896108970798,6.548668041915785
2024-12-16 00:00:00,3.65,9.148200559789531,3.69125,4.96,4.148948863636363,2.85159090909091,4.698090840120521,6.522475114947471,6.517189026685244
2024-12-16 01:00:00,3.6458333333333335,9.148200559789531,3.670833333333333,4.882727272727273,3.9409753787878787,2.838939393939393,4.400640473542916,6.917037964455486,6.480515968105661
2024-12-16 02:00:00,3.6383333333333336,9.148200559789531,3.66,4.710909090909091,3.6907481060606058,2.659090909090909,4.133973583363003,6.522475114947471,6.442196572864544
2024-12-16 03:00:00,3.8141666666666665,9.148200559789531,3.6558333333333333,4.649090909090909,3.6694791666666666,3.570757575757576,3.901182747658508,6.435639620811534,6.409649958012298
2024-12-16 04:00:00,3.8383333333333334,9.148200559789531,3.65,4.555454545454546,3.6591666666666667,3.6087499999999997,3.8033743093062,6.401597323525732,6.382967748808001
2024-12-16 05:00:00,3.710909090909091,9.148200559789531,3.6458333333333335,4.488888888888889,3.6529166666666666,3.620833333333334,3.6297671368736335,6.516665114037684,6.361426475318504
2024-12-16 06:00:00,3.67,9.148200559789531,3.6383333333333336,4.44,3.6475,3.616666666666667,3.55360878911468,6.533990048080601,6.34434176883587
2024-12-16 07:00:00,4.111111111111111,9.148200559789531,3.8141666666666665,4.398888888888889,3.6870833333333333,3.9724999999999997,4.875748637186215,6.439658852377041,6.332953391092811
2024-12-16 08:00:00,3.724,9.148200559789531,3.8383333333333334,4.397777777777778,3.7341666666666664,4.026666666666667,5.505022105219032,6.843518846132183,6.3342094936360605
2024-12-16 09:00:00,3.669166666666667,9.148200559789531,3.710909090909091,4.428,3.750435606060606,3.7759848484848484,5.434925447126016,6.959187393635652,6.33756480673285
2024-12-16 10:00:00,3.643333333333333,9.148200559789531,3.67,4.4383333333333335,3.7583522727272727,3.701666666666666,5.458118854481041,7.174572206671931,6.335979553577369
2024-12-16 11:00:00,3.6341666666666668,9.148200559789531,4.111111111111111,4.446666666666666,3.8325883838383836,4.4080555555555545,5.444277132625719,7.815397530586621,6.338205794479483
2024-12-16 12:00:00,3.6533333333333338,9.148200559789531,3.724,4.460833333333333,3.8040050505050504,3.609666666666667,5.403265624938186,7.756643819188048,6.357450405954793
2024-12-16 13:00:00,3.982,9.148200559789531,3.669166666666667,4.668333333333333,3.7935694444444445,3.627424242424243,5.3969335762331365,7.813532564053907,6.35600093715353
2024-12-16 14:00:00,4.513333333333334,9.148200559789531,3.643333333333333,4.664545454545455,3.7869027777777777,3.6166666666666663,5.254753353920796,7.384557004839454,6.349177092486949
2024-12-16 15:00:00,4.4025,9.148200559789531,3.6341666666666668,4.550833333333333,3.667666666666667,3.157222222222223,5.1978971375613,7.44703257857196,6.337476294009113
2024-12-16 16:00:00,4.4,9.148200559789531,3.6533333333333338,4.53090909090909,3.6500000000000004,3.5826666666666673,5.2286065121072,7.040594727980746,6.327623368856091
2024-12-16 17:00:00,4.380833333333333,9.148200559789531,3.982,4.502727272727273,3.7282083333333333,4.294833333333333,5.35206807671311,7.0915345526550695,6.3144244682123
2024-12-16 18:00:00,5.1433333333333335,9.148200559789531,4.513333333333334,4.660909090909091,3.9457083333333336,5.383333333333335,5.397163457499455,7.0918387180384945,6.3258126514219
2024-12-16 19:00:00,6.25625,9.148200559789531,4.4025,3.7409090909090907,4.137791666666667,5.1708333333333325,5.406546672228753,6.6295471267724695,6.363095572394713
2024-12-16 20:00:00,5.890000000000001,9.148200559789531,4.4,3.69125,4.324458333333334,5.1466666666666665,5.5823669675297545,6.586792031080469,6.397390264907427
2024-12-16 21:00:00,6.63,9.148200559789531,4.380833333333333,3.670833333333333,4.424166666666666,4.7796666666666665,5.671899337120356,6.987927579403143,6.430195220192915
2024-12-16 22:00:00,6.893636363636364,9.148200559789531,5.1433333333333335,3.66,4.581666666666667,5.773333333333333,5.788034464638102,7.179160722047625,6.458181387171318
2024-12-16 23:00:00,6.53,9.148200559789531,6.25625,3.6558333333333333,5.0451041666666665,8.11,6.332126137379191,7.144616061742118,6.5217959680557325
2024-12-17 00:00:00,7.2090000000000005,9.148200559789531,5.890000000000001,3.65,5.417604166666667,7.380000000000001,6.513979062082246,7.413244099596156,6.627204895355195
2024-12-17 02:00:00,7.546000000000001,9.148200559789531,6.893636363636364,3.6383333333333336,6.417471590909091,8.643939393939394,6.55619095519727,8.083300816586323,6.873239725594843
2024-12-17 03:00:00,8.405714285714286,9.148200559789531,6.53,3.8141666666666665,6.485909090909091,6.803750000000001,6.445606721360266,8.070995582280393,6.989759431391706
2024-12-18 22:00:00,6.146,9.148200559789531,6.208571428571429,10.5,6.2214880952380955,6.023809523809525,6.425979266225368,7.809805797781141,7.239490008280983
2024-12-19 01:00:00,5.915,9.148200559789531,6.1339999999999995,8.581666666666667,6.23411507936508,6.083714285714285,6.8241157935574766,7.409241484575006,7.198400067520125
2024-12-19 02:00:00,5.8981818181818175,9.148200559789531,6.146,8.47,6.218472222222223,6.083428571428571,6.754576872700278,7.5318802250426415,7.184266044540048
2024-12-19 05:00:00,5.748333333333334,9.148200559789531,5.915,7.192222222222223,6.0305,5.696000000000001,7.219139870243905,8.641291035639414,7.13899810868528
2024-12-19 06:00:00,5.546666666666667,9.148200559789531,5.8981818181818175,6.99,5.968545454545454,5.650363636363635,7.081476163599118,8.658659048490652,7.120920503429106
2024-12-19 07:00:00,5.5528571428571425,9.148200559789531,5.96,6.974444444444444,5.941295454545454,5.851,6.97588029141677,7.786630936329815,7.106391382994276
2024-12-19 08:00:00,5.543333333333333,9.148200559789531,6.33,6.868181818181818,6.025795454545454,6.668,7.079308073013474,7.800130869393096,7.109792022386959
2024-12-19 09:00:00,5.3625,9.148200559789531,5.748333333333334,6.7924999999999995,5.984128787878788,5.581666666666668,6.9501242034022255,7.146801945605943,7.100104256140429
2024-12-19 10:00:00,5.348181818181818,9.148200559789531,5.546666666666667,6.668333333333334,5.89625,5.195151515151516,6.96817506738801,7.714190016054682,7.0786581095122685
2024-12-19 11:00:00,5.45,9.148200559789531,5.5528571428571425,6.633333333333333,5.794464285714286,5.145714285714285,6.922838862825157,6.9160285374305195,7.034893528226842
2024-12-19 12:00:00,5.371666666666666,9.148200559789531,5.543333333333333,6.607000000000001,5.597797619047619,4.756666666666666,6.877211757212635,6.9160285374305195,6.997833348064315
2024-12-19 13:00:00,5.33,9.148200559789531,5.3625,6.5441666666666665,5.501339285714286,4.976666666666666,6.885404206663928,7.117433098361708,6.969443524158973
2024-12-19 14:00:00,5.359999999999999,9.148200559789531,5.348181818181818,6.3933333333333335,5.451718073593073,5.1496969696969686,6.968654860044554,6.7309627273528205,6.939524861801193
2024-12-19 15:00:00,5.38,9.148200559789531,5.45,6.271666666666666,5.426003787878788,5.347142857142858,6.811335077744418,7.165772999393986,6.915690622433225
2024-12-19 16:00:00,5.331666666666667,9.148200559789531,5.371666666666666,6.221428571428571,5.383087121212121,5.199999999999999,6.7564402939625765,7.18700798928196,6.893601737257303
2024-12-19 17:00:00,5.201,9.148200559789531,5.33,6.184285714285714,5.374962121212121,5.2975,6.784621064193205,7.200507922345241,6.874906488269547
2024-12-19 18:00:00,5.15,9.148200559789531,5.359999999999999,6.208571428571429,5.377916666666666,5.371818181818181,6.7404263973424925,6.736592198209317,6.824711408971163
2024-12-19 20:00:00,5.171666666666666,9.148200559789531,5.331666666666667,6.298888888888889,5.350416666666666,5.291666666666668,6.738252015159439,6.656718561708175,6.710560731635148
2024-12-19 21:00:00,5.173333333333333,9.148200559789531,5.201,6.1339999999999995,5.3181666666666665,5.071999999999999,7.1563434324689545,6.599430598552781,6.714726860188073
2024-12-19 22:00:00,5.17,9.148200559789531,5.15,6.146,5.265666666666667,4.940000000000001,7.371650552889645,6.531067833427063,6.729596608709203
2024-12-20 00:00:00,5.007142857142857,9.148200559789531,5.171666666666666,5.992,5.170875,5.011666666666665,6.767901669806726,6.965563181214551,6.7648503511736315
2024-12-20 01:00:00,8.3675,9.148200559789531,5.173333333333333,5.915,5.1639583333333325,5.145666666666666,6.8471318055635395,6.921530476643477,6.780572545311072
2024-12-20 02:00:00,10.526666666666667,9.148200559789531,5.17,5.8981818181818175,5.168958333333333,5.1899999999999995,6.84486625652216,6.545975128902804,6.794711626161076
2024-12-20 05:00:00,17.54,9.148200559789531,8.3675,5.748333333333334,5.946160714285714,11.561666666666667,7.792747066823599,11.078999895392315,6.880295454144273
2024-12-20 06:00:00,17.647142857142857,9.148200559789531,10.526666666666667,5.546666666666667,7.285327380952381,15.883333333333335,8.37900067544942,12.618001737447226,7.16118990206089
2024-12-25 21:00:00,5.97,9.148200559789531,5.267142857142857,5.892857142857143,5.352202380952381,4.91095238095238,7.201348884757574,7.843494087119422,6.888247398338237
2024-12-25 22:00:00,5.853333333333333,9.148200559789531,5.156666666666667,5.758333333333333,5.269285714285713,4.825000000000001,7.216803374023383,7.573160548925389,6.876041396467985
2024-12-25 23:00:00,5.555833333333333,9.148200559789531,6.47,5.540833333333334,5.55095238095238,7.596666666666667,7.205894990492039,6.832902703442951,6.874959401370331
2024-12-26 00:00:00,5.3675,9.148200559789531,6.1433333333333335,5.409166666666667,5.7592857142857135,6.9766666666666675,7.095055435349901,6.853090031700736,6.929101175480152
2024-12-26 01:00:00,5.296363636363637,9.148200559789531,5.97,5.308333333333333,5.935,6.672857142857143,7.082819157635659,6.376143634322953,6.969511999936459
2024-12-26 02:00:00,5.256666666666667,9.148200559789531,5.853333333333333,5.245,6.109166666666666,6.549999999999998,6.601047705266263,6.185293519663808,6.996994714323576
2024-12-26 03:00:00,5.309166666666667,9.148200559789531,5.555833333333333,5.193333333333334,5.880624999999999,4.641666666666667,6.116892466066463,6.949626374989464,7.009229312612266
2024-12-26 04:00:00,5.392499999999999,9.148200559789531,5.3675,5.6722222222222225,5.686666666666666,4.591666666666666,5.984579799578509,7.067325731975456,6.999294683406562
2024-12-26 05:00:00,5.245833333333334,9.148200559789531,5.296363636363637,6.151111111111112,5.518257575757575,4.622727272727274,6.022323769207948,7.09437946508756,6.974890461004412
2024-12-26 06:00:00,5.201666666666667,9.148200559789531,5.256666666666667,6.63,5.369090909090909,4.660000000000001,5.942754972923872,7.108874140188965,6.944948260098119
2024-12-26 07:00:00,5.235,9.148200559789531,5.309166666666667,5.493636363636363,5.307424242424242,5.062500000000001,5.897495500506234,6.380731708618402,6.909871737614626
2024-12-26 10:00:00,4.99125,9.148200559789531,5.201666666666667,5.650000000000001,5.2872916666666665,5.146666666666667,6.189648229592852,6.455161630634004,6.848846397066382
2024-12-26 11:00:00,4.886666666666667,9.148200559789531,5.235,5.943333333333334,5.26875,5.160833333333334,6.109008505383449,6.460824834429534,6.837120698305824
2024-12-26 12:00:00,5.5200000000000005,9.148200559789531,5.2675,5.763636363636365,5.2375,5.142500000000001,6.04576654365679,6.430277357368276,6.831552372582116
2024-12-26 13:00:00,5.413333333333334,9.148200559789531,5.18,5.623333333333334,5.221041666666666,5.114166666666666,6.033390707266569,6.470142387595819,6.829668121500512
2024-12-26 14:00:00,5.19,9.148200559789531,4.99125,5.488333333333333,5.1684375,4.780833333333333,6.305534369368555,6.562919448686915,6.823700224052499
2024-12-26 15:00:00,4.91,9.148200559789531,4.886666666666667,5.343333333333333,5.081354166666666,4.538333333333333,6.494564203421355,6.938719080766488,6.8082791677092285
2024-12-26 17:00:00,4.81,9.148200559789531,5.413333333333334,5.267142857142857,5.2028125,5.646666666666668,6.569622438591811,6.969305098079668,6.8157772653438915
2024-12-26 18:00:00,6.951666666666667,9.148200559789531,5.19,5.156666666666667,5.2524999999999995,5.388750000000001,6.5179122467252615,6.969305098079668,6.825570663258531
2024-12-26 19:00:00,9.77,9.148200559789531,4.91,6.47,5.258333333333333,4.933333333333334,6.321236065586779,7.106594760536607,6.820561037628398
2024-12-26 21:00:00,5.5975,9.148200559789531,4.81,5.97,4.942499999999999,4.206666666666665,5.877871245974633,6.950678293106096,6.784864342478359
2024-12-26 22:00:00,5.38,9.148200559789531,6.951666666666667,5.853333333333333,5.382916666666666,8.713333333333335,6.425308173584844,7.1107749599835515,6.801786418989465
2024-12-26 23:00:00,5.268571428571429,9.148200559789531,9.77,5.555833333333333,6.5979166666666655,14.629999999999999,7.423803656026204,11.032421911678579,6.975192765999333
2024-12-27 00:00:00,4.984166666666667,9.148200559789531,5.8149999999999995,5.3675,6.836666666666666,6.77,6.626423849205471,8.283726220761292,7.150065895288294
2024-12-27 01:00:00,4.869999999999999,9.148200559789531,5.5975,5.296363636363637,7.033541666666666,6.385000000000001,6.572752841325922,7.488342742262006,7.171024541068787
2024-12-27 02:00:00,4.795,9.148200559789531,5.38,5.256666666666667,6.640624999999999,3.8083333333333327,6.300997982132889,7.390190423881132,7.153522949384018
2024-12-27 03:00:00,6.250909090909091,9.148200559789531,5.268571428571429,5.309166666666667,5.515267857142856,0.7671428571428578,5.9832981466295685,7.152891965849662,7.112438455560007
2024-12-27 04:00:00,6.92,9.148200559789531,4.984166666666667,5.392499999999999,5.307559523809523,4.153333333333334,5.836091600367386,7.237316354151784,7.054911410200745
2024-12-27 05:00:00,5.359166666666667,9.148200559789531,4.869999999999999,5.245833333333334,5.1256845238095226,4.142499999999998,5.8311286868589125,7.223704141234586,6.986756223855281
2024-12-27 06:00:00,5.49,9.148200559789531,4.795,5.201666666666667,4.979434523809523,4.21,5.66354965993497,7.276381663909023,6.917959466162808
2024-12-27 07:00:00,4.93,9.148200559789531,6.250909090909091,5.235,5.225018939393938,7.233246753246753,5.969990710824268,6.597098658782601,6.880759610976888
2024-12-27 08:00:00,5.173,9.148200559789531,6.92,5.2675,5.708977272727271,8.855833333333333,6.255203087498042,7.23751770520901,6.91583944052918
2024-12-27 09:00:00,5.16,9.148200559789531,5.359166666666667,5.18,5.831268939393938,5.8483333333333345,6.09644761173348,6.968869891241322,6.954415814469327
2024-12-27 10:00:00,5.41,9.148200559789531,5.49,4.99125,6.005018939393938,6.1850000000000005,6.490138335350514,7.012366084622774,6.946225177721457
2024-12-27 11:00:00,5.41,9.148200559789531,4.93,4.886666666666667,5.674791666666666,3.6090909090909085,6.785485998337281,7.006947468847819,6.931548795458342
2024-12-27 13:00:00,5.13,9.148200559789531,5.16,5.413333333333334,5.188249999999999,4.960833333333333,6.4111619121604075,6.970046549756431,6.880688800797897
2024-12-27 14:00:00,5.392499999999999,9.148200559789531,5.41,5.19,5.168249999999999,5.33,6.49397016332801,7.049430220370256,6.867903283753983
2024-12-27 15:00:00,5.14,9.148200559789531,5.41,4.91,5.28825,5.890000000000001,6.540804163988414,7.155863553215093,6.86723700665771
2024-12-27 17:00:00,5.27,9.148200559789531,5.13,4.81,5.304999999999999,5.1,6.457197160140772,6.9664317603298365,6.85797818668776
2024-12-27 18:00:00,6.0058333333333325,9.148200559789531,5.392499999999999,6.951666666666667,5.300624999999998,5.374999999999998,6.5074840318149185,6.917717760077096,6.851746890936578
2024-12-27 19:00:00,5.97,9.148200559789531,5.14,9.77,5.2331249999999985,4.869999999999999,6.531815131581643,6.93843715216515,6.852211825903028
2024-12-27 22:00:00,8.75,9.148200559789531,6.0058333333333325,5.38,7.1464583333333325,6.619166666666666,6.85214553261366,7.2180676353370075,7.244768090084213
2024-12-27 23:00:00,5.60375,9.148200559789531,5.97,5.268571428571429,7.353958333333333,6.8,6.734387241868643,7.439414822537021,7.248278640881097
2024-12-28 00:00:00,5.35,9.148200559789531,5.434166666666666,4.984166666666667,5.669999999999998,-1.3016666666666694,6.444559792137446,7.535386792699156,7.222541280686025
2024-12-28 02:00:00,4.943333333333334,9.148200559789531,8.75,4.795,6.811562499999999,11.494166666666668,7.122615127132986,12.344916578753953,7.306076282281501
2024-12-28 03:00:00,7.81,9.148200559789531,5.60375,6.250909090909091,6.719999999999999,5.2375,6.3446555660778605,7.624414260810099,7.372231664670855
2024-12-28 04:00:00,9.86,9.148200559789531,5.35,6.92,6.698958333333332,5.265833333333333,6.230661394955106,7.2804408751860255,7.320813358983752
2024-12-28 05:00:00,9.8675,9.148200559789531,4.96,5.359166666666667,6.165937499999999,2.827916666666667,5.9353741286303014,7.215604716567848,7.236006303101407
2024-12-28 06:00:00,9.884166666666667,9.148200559789531,4.943333333333334,5.49,5.214270833333332,1.1366666666666685,5.743784282426485,7.060635781667371,7.1380808834272
2024-12-28 07:00:00,9.775714285714285,9.148200559789531,7.81,4.93,5.765833333333332,10.01625,6.4268090740577595,8.363105453000705,7.102304429559068
2024-12-28 08:00:00,9.786666666666667,9.148200559789531,9.86,5.173,6.893333333333333,14.37,8.032056926470455,11.554860908925829,7.246606820336465
2024-12-28 09:00:00,9.89,9.148200559789531,9.8675,5.16,8.120208333333332,14.774999999999999,7.561414909834374,10.004453285095003,7.487383800252594
2024-12-28 10:00:00,9.825833333333334,9.148200559789531,9.884166666666667,5.41,9.355416666666665,14.825,8.181111225916688,10.379357933974916,7.726095126636821
2024-12-28 11:00:00,9.756666666666666,9.148200559789531,9.775714285714285,5.41,9.846845238095238,11.741428571428571,8.40621415102155,9.029746342886016,7.935520121670984
2024-12-28 12:00:00,9.736666666666666,9.148200559789531,9.786666666666667,5.27,9.828511904761903,9.713333333333335,8.39925772490725,9.080151054031782,8.105297544274308
2024-12-28 13:00:00,9.75,9.148200559789531,9.89,5.13,9.834136904761904,9.912500000000001,8.715981021273274,9.346293916335261,8.245257656451866
2024-12-28 14:00:00,9.741666666666665,9.148200559789531,9.825833333333334,5.392499999999999,9.819553571428571,9.7675,8.980521222188745,9.229295711759884,8.353067856132968
2024-12-28 15:00:00,9.659,9.148200559789531,9.756666666666666,5.14,9.814791666666666,9.737619047619047,8.768514634740901,9.280285155801314,8.429959588744962
2024-12-28 17:00:00,9.661666666666667,9.148200559789531,9.75,5.27,9.767291666666665,9.61,8.760333999082206,9.28483111525377,8.519250446318397
2024-12-28 18:00:00,9.6575,9.148200559789531,9.741666666666665,6.0058333333333325,9.746249999999998,9.657499999999997,8.72114368617007,9.28483111525377,8.544063675317602
2024-12-28 19:00:00,9.683333333333334,9.148200559789531,9.659,5.97,9.721833333333333,9.561333333333335,8.741894289791594,9.233841671212339,8.55719215484932
2024-12-28 20:00:00,9.688333333333334,9.148200559789531,9.64,5.434166666666666,9.697666666666667,9.543333333333335,9.030807282204044,9.402643441839164,8.563729646264598
2024-12-28 21:00:00,9.686666666666667,9.148200559789531,9.661666666666667,7.092083333333333,9.675583333333332,9.573333333333334,8.801515446470756,9.18429585262501,8.566421503000267
2024-12-28 22:00:00,9.724166666666667,9.148200559789531,9.6575,8.75,9.654541666666667,9.573333333333336,8.8130572109755,9.525423113497299,8.569569492063378
2024-12-28 23:00:00,9.753333333333332,9.148200559789531,9.683333333333334,5.60375,9.660625,9.707666666666666,8.760020620537134,9.525423113497299,8.57392436670467
2024-12-29 00:00:00,9.72,9.148200559789531,9.688333333333334,5.35,9.672708333333333,9.736666666666668,8.718068119098533,9.586855301219018,8.580764552181789
2024-12-29 02:00:00,9.72,9.148200559789531,9.724166666666667,4.943333333333334,9.695625,9.790833333333333,8.814591602891985,9.648889476944948,8.59874498797531
2024-12-29 03:00:00,9.82,9.148200559789531,9.753333333333332,7.81,9.713125,9.82333333333333,8.608657260801316,9.631891661515615,8.610873079195326
2024-12-29 04:00:00,9.724166666666667,9.148200559789531,9.72,9.86,9.721041666666666,9.751666666666667,8.593104067903997,9.571595744556603,8.623194147606435
2024-12-29 05:00:00,9.685,9.148200559789531,9.739166666666668,9.8675,9.734166666666667,9.791666666666668,8.628922628683904,9.571595744556603,8.635735816959787
2024-12-29 06:00:00,9.718,9.148200559789531,9.72,9.884166666666667,9.733125,9.715833333333334,8.621498287522522,9.564354162063402,8.645663345694246
2024-12-29 07:00:00,9.646363636363636,9.148200559789531,9.82,9.775714285714285,9.749791666666667,9.886666666666668,8.841544046732581,9.191630367965253,8.656645488942036
2024-12-29 08:00:00,9.671666666666667,9.148200559789531,9.724166666666667,9.786666666666667,9.750833333333333,9.728333333333333,8.988615890766972,9.206124656134389,8.663165277812567
2024-12-29 09:00:00,9.643333333333333,9.148200559789531,9.685,9.89,9.737291666666666,9.630833333333333,9.009294465315627,9.249244842362087,8.663889866313104
2024-12-29 10:00:00,9.700833333333334,9.148200559789531,9.718,9.825833333333334,9.736791666666665,9.716,9.06751114474542,9.249244842362087,8.664713569610884
2024-12-29 11:00:00,9.719166666666668,9.148200559789531,9.646363636363636,9.756666666666666,9.693382575757575,9.472727272727273,9.052434849190544,9.25460388077419,8.662059014665932
2024-12-29 12:00:00,9.7475,9.148200559789531,9.671666666666667,9.736666666666666,9.680257575757574,9.619166666666667,9.041766920123454,9.25460388077419,8.65564028592723
2024-12-29 13:00:00,9.719999999999999,9.148200559789531,9.643333333333333,9.75,9.669840909090908,9.601666666666665,9.01261113271138,9.25460388077419,8.648482913645594
2024-12-29 14:00:00,9.803333333333333,9.148200559789531,9.700833333333334,9.741666666666665,9.665549242424241,9.683666666666667,9.011751519814434,9.249244842362087,8.64376499093688
2024-12-29 15:00:00,9.7175,9.148200559789531,9.719166666666668,9.659,9.68375,9.7919696969697,9.054824235720083,9.249244842362087,8.64286259885503
2024-12-29 16:00:00,9.708333333333334,9.148200559789531,9.7475,9.64,9.702708333333332,9.823333333333334,9.072919960492325,9.634572698427373,8.648331761148134
2024-12-29 17:00:00,9.7325,9.148200559789531,9.719999999999999,9.661666666666667,9.721874999999999,9.796666666666665,9.101166033791198,9.678559467658772,8.651952904216326
2024-12-29 18:00:00,9.7375,9.148200559789531,9.803333333333333,9.6575,9.747499999999999,9.905833333333332,9.028815602600316,9.291146146327257,8.65623740637891
2024-12-29 19:00:00,9.792499999999999,9.148200559789531,9.7175,9.683333333333334,9.747083333333332,9.71583333333333,8.95402911760995,9.291146146327257,8.659524146431485
2024-12-29 20:00:00,9.782727272727271,9.148200559789531,9.708333333333334,9.688333333333334,9.737291666666664,9.669166666666667,8.96697435014714,9.298387728820458,8.66393076697281
2024-12-29 21:00:00,9.809166666666668,9.148200559789531,9.7325,9.686666666666667,9.740416666666665,9.745000000000001,9.029367501557388,9.31561932134918,8.670808351507375
2024-12-29 22:00:00,9.860833333333334,9.148200559789531,9.7375,9.724166666666667,9.723958333333332,9.671666666666669,9.025174930275446,9.718178769943188,8.676773282320141
2024-12-29 23:00:00,9.843333333333334,9.148200559789531,9.792499999999999,9.753333333333332,9.742708333333333,9.867499999999998,8.94717563744982,9.731016609009714,8.686737042911295
2024-12-30 00:00:00,9.841666666666667,9.148200559789531,9.782727272727271,9.72,9.761306818181817,9.857121212121209,9.26171366118567,9.745490664071877,8.697217143935378
2024-12-30 01:00:00,9.87,9.148200559789531,9.809166666666668,9.739166666666668,9.780473484848484,9.885833333333336,9.236090515659477,9.745490664071877,8.70915965023573
2024-12-30 02:00:00,9.950000000000001,9.148200559789531,9.860833333333334,9.72,9.811306818181817,9.984166666666667,9.270356741355359,9.758328503138403,8.724803836456205
2024-12-31 09:00:00,9.674166666666666,9.148200559789531,9.785454545454545,9.799999999999999,9.766780303030302,9.83590909090909,9.399465190147048,9.48548635360479,8.760023730098808
2024-12-31 10:00:00,9.735000000000001,9.148200559789531,9.873,9.748333333333333,9.795030303030302,9.985999999999999,9.394349290638365,9.526308159000335,8.760639939146131
2024-12-31 11:00:00,9.699166666666667,9.148200559789531,9.691428571428572,9.726666666666667,9.779970779220779,9.631190476190477,9.417081639541212,9.584530103303255,8.750449863192387
2024-12-31 12:00:00,9.59,9.148200559789531,9.66375,9.725833333333334,9.753408279220778,9.557500000000001,9.450265889232998,9.630299978584729,8.721671458703161
2024-12-31 13:00:00,9.554166666666667,9.148200559789531,9.674166666666666,9.765,9.725586309523809,9.562878787878788,9.420499163708747,9.630299978584729,8.684418301349538
2024-12-31 14:00:00,9.566363636363636,9.148200559789531,9.735000000000001,9.755833333333333,9.69108630952381,9.597000000000003,9.48789167777911,9.624940940172625,8.65559695359929
2024-12-31 15:00:00,9.582500000000001,9.148200559789531,9.699166666666667,9.763333333333334,9.693020833333332,9.706904761904761,9.514231834923109,9.580954170941226,8.636453256355715
2024-12-31 16:00:00,9.58,9.148200559789531,9.59,9.745833333333334,9.674583333333333,9.51625,9.417916500673941,9.535738612083485,8.622199498031767
2024-12-31 17:00:00,9.581666666666667,9.148200559789531,9.554166666666667,9.875833333333333,9.644583333333333,9.434166666666668,9.342196164015395,9.29620429786419,8.603717506348183
2024-12-31 18:00:00,9.558,9.148200559789531,9.566363636363636,9.789090909090909,9.602424242424242,9.397727272727272,9.347741296321713,9.078133901273057,8.587025514285433
2024-12-31 19:00:00,9.543636363636363,9.148200559789531,9.582500000000001,9.783333333333333,9.573257575757575,9.465833333333336,9.33310957369999,9.404193987246181,8.575185916184767
