forecast_made_at,actual,train_mean,persistence,seasonal_naive,moving_average,drift,ridge,gradient_boosting,lstm
2024-11-07 02:00:00,0.9181818181818181,1.2544495637050848,0.9191666666666668,0.9433333333333334,0.9197916666666667,0.9166666666666669,0.9548001214026736,0.9173146983963405,1.0830942218431536
2024-11-07 03:00:00,0.995,1.2544495637050848,0.9166666666666666,0.9416666666666665,0.9189583333333333,0.9133333333333332,0.9522874635519203,0.9173146983963405,1.0847447303393123
2024-11-07 04:00:00,0.975,1.2544495637050848,0.9133333333333334,0.9424999999999999,0.9172916666666667,0.9066666666666668,0.9497456859969995,0.9099556385171182,1.0857369397703718
2024-11-07 05:00:00,0.9583333333333334,1.2544495637050848,0.91,0.9416666666666665,0.9147916666666667,0.9,0.9468503753540066,0.9099556385171182,1.0858370207683832
2024-11-07 06:00:00,0.9508333333333333,1.2544495637050848,0.9181818181818181,0.9391666666666666,0.9145454545454546,0.9171969696969694,0.9547626698648102,0.9173146983963405,1.0910025767676004
2024-11-07 07:00:00,0.9491666666666666,1.2544495637050848,0.995,0.9408333333333333,0.9341287878787878,1.0733333333333333,1.013401924086282,1.1379327300124746,1.1194262425796335
2024-11-07 08:00:00,0.945,1.2544495637050848,0.975,0.94,0.9495454545454545,1.0366666666666666,1.0011989795880232,1.0446631167439864,1.145983661694521
2024-11-07 09:00:00,0.9458333333333333,1.2544495637050848,0.9583333333333334,0.94,0.9616287878787878,1.0066666666666668,0.9932071515650562,1.0437479109830032,1.1669250050745723
2024-11-07 10:00:00,0.9433333333333334,1.2544495637050848,0.9508333333333333,0.9408333333333333,0.9697916666666666,0.9834848484848485,0.9808587901534471,1.0050094145344026,1.1823364127556149
2024-11-07 11:00:00,0.94,1.2544495637050848,0.9491666666666666,0.94,0.9583333333333333,0.9033333333333332,0.9906398310374132,0.9480299190592594,1.193491593968595
2024-11-07 12:00:00,0.94,1.2544495637050848,0.945,0.94,0.9508333333333332,0.9149999999999999,0.9942383236812373,0.9480299190592594,1.2000304641134294
2024-11-07 13:00:00,0.94,1.2544495637050848,0.9458333333333333,0.9383333333333334,0.9477083333333334,0.9333333333333332,0.998157217892113,0.95528090645179,1.1921319827434917
2024-11-07 14:00:00,0.9358333333333334,1.2544495637050848,0.9433333333333334,0.9391666666666666,0.9458333333333333,0.9358333333333334,0.9635307353904063,0.9504895773819589,1.1381345066985773
2024-11-07 15:00:00,0.935,1.2544495637050848,0.94,0.9341666666666667,0.9435416666666665,0.9308333333333333,0.9506017673469949,0.9445674700243704,1.0885493089612301
2024-11-07 16:00:00,0.9333333333333332,1.2544495637050848,0.94,0.9258333333333334,0.9422916666666665,0.9349999999999999,0.9457437786371536,0.940728562642076,1.0437817330978527
2024-11-07 17:00:00,0.93,1.2544495637050848,0.94,0.9249999999999999,0.9408333333333332,0.9341666666666666,0.971252535319763,0.9377766437776768,1.006729305119535
2024-11-07 18:00:00,0.93,1.2544495637050848,0.9358333333333334,0.9216666666666667,0.9389583333333332,0.9283333333333335,0.9798401160935641,0.9472750477563349,0.9763258570831397
2024-11-07 19:00:00,0.9316666666666666,1.2544495637050848,0.935,0.92,0.9377083333333333,0.9300000000000002,0.9596549483936686,0.9507348825483961,0.9536214011471198
2024-11-07 20:00:00,0.9383333333333334,1.2544495637050848,0.9333333333333332,0.92,0.9360416666666667,0.9266666666666665,0.9336889956199259,0.9466135399038936,0.9379347034489003
2024-11-07 21:00:00,0.94,1.2544495637050848,0.93,0.92,0.9335416666666666,0.9200000000000002,0.931179174931173,0.8952046130634056,0.9303053644112567
2024-11-07 22:00:00,0.94,1.2544495637050848,0.93,0.9191666666666668,0.9320833333333333,0.9241666666666667,0.934784237108127,0.8973853058833876,0.93013463678528
2024-11-07 23:00:00,0.9466666666666667,1.2544495637050848,0.9316666666666666,0.9166666666666666,0.9312499999999999,0.9283333333333332,0.9351678477111924,0.8961127407947808,0.9340536306536316
2024-11-08 00:00:00,0.9516666666666667,1.2544495637050848,0.9383333333333334,0.9133333333333334,0.9325,0.9433333333333335,0.9431978364172436,0.9539854591991774,0.9409091893670438
2024-11-08 01:00:00,0.9499999999999998,1.2544495637050848,0.94,0.91,0.9349999999999999,0.9499999999999998,0.9526647156344837,0.9580443177658977,0.9489714330566852
2024-11-08 02:00:00,0.9499999999999998,1.2544495637050848,0.94,0.9181818181818181,0.9375,0.9499999999999998,0.9708436447742221,0.9587370761432678,0.9567889699089965
2024-11-08 03:00:00,0.9525,1.2544495637050848,0.9466666666666667,0.995,0.9412499999999999,0.9616666666666667,0.9770372233724404,0.957747485030421,0.9650635260694964
2024-11-08 04:00:00,0.955,1.2544495637050848,0.9516666666666667,0.975,0.9445833333333333,0.965,0.9781343005117922,0.9604649381495735,0.9731621797850947
2024-11-08 05:00:00,0.96,1.2544495637050848,0.9499999999999998,0.9583333333333334,0.9470833333333333,0.9599999999999997,0.9746032932492004,0.9604649381495735,0.9794277056446677
2024-11-08 06:00:00,0.9575,1.2544495637050848,0.9499999999999998,0.9508333333333333,0.9495833333333332,0.9599999999999997,0.9762295536432756,0.9604649381495735,0.981815843180047
2024-11-08 07:00:00,0.9674999999999999,1.2544495637050848,0.9525,0.9491666666666666,0.9510416666666666,0.9583333333333334,0.9795617501366735,0.9586480012331249,0.9802584710749023
2024-11-08 08:00:00,0.9708333333333333,1.2544495637050848,0.955,0.945,0.9518749999999998,0.9583333333333333,0.9830611472524104,0.9783567663815443,0.9778626541082382
2024-11-08 09:00:00,0.9608333333333333,1.2544495637050848,0.96,0.9458333333333333,0.954375,0.9700000000000001,0.9871710819277746,0.983501286455403,0.9761665761566254
2024-11-08 10:00:00,0.9708333333333333,1.2544495637050848,0.9575,0.9433333333333334,0.95625,0.9650000000000002,0.9875747607077852,0.9795932295932602,0.9746918355600765
2024-11-08 11:00:00,0.9766666666666666,1.2544495637050848,0.9674999999999999,0.94,0.96,0.9824999999999998,0.99974141927004,0.9795932295932602,0.9760425874951801
2024-11-08 12:00:00,0.9725,1.2544495637050848,0.9708333333333333,0.94,0.9639583333333333,0.9866666666666667,1.0047704476202115,0.9775850697587853,0.9783735743303505
2024-11-08 13:00:00,0.9683333333333333,1.2544495637050848,0.9608333333333333,0.94,0.9641666666666666,0.9616666666666667,1.0029841595670002,0.9735262111920651,0.978713849723589
2024-11-08 14:00:00,0.9624999999999999,1.2544495637050848,0.9708333333333333,0.9358333333333334,0.9674999999999999,0.9841666666666666,1.0276616254303346,0.9629780418826898,0.981445553837043
2024-11-08 15:00:00,0.9624999999999999,1.2544495637050848,0.9766666666666666,0.935,0.9697916666666666,0.9858333333333332,1.032400610633239,0.9717886322685562,0.9846975135459501
2024-11-08 16:00:00,0.96,1.2544495637050848,0.9725,0.9333333333333332,0.9702083333333333,0.9741666666666667,1.0272990550303267,0.96612703150743,0.9866859273682793
2024-11-08 17:00:00,0.96,1.2544495637050848,0.9683333333333333,0.93,0.9720833333333333,0.9758333333333332,1.0215698592388125,0.96612703150743,0.9844672962016106
2024-11-08 18:00:00,0.96,1.2544495637050848,0.9624999999999999,0.93,0.97,0.9541666666666665,1.0135801316941793,0.96612703150743,0.9807690808078791
2024-11-08 19:00:00,0.96,1.2544495637050848,0.9624999999999999,0.9316666666666666,0.9664583333333333,0.9483333333333333,1.012006318298997,0.9656873372849114,0.9784545291976147
2024-11-08 20:00:00,0.96,1.2544495637050848,0.96,0.9383333333333334,0.9633333333333333,0.9474999999999999,1.0050399992057844,0.9656873372849114,0.9751670495316057
2024-11-08 21:00:00,0.9591666666666666,1.2544495637050848,0.96,0.94,0.9612499999999999,0.9516666666666667,1.0016574816468968,0.96612703150743,0.9725093660280563
2024-11-08 22:00:00,0.9508333333333333,1.2544495637050848,0.96,0.94,0.960625,0.9575,0.9995601923254902,0.96612703150743,0.9706223786566588
2024-11-08 23:00:00,0.9499999999999998,1.2544495637050848,0.96,0.9466666666666667,0.96,0.9575,0.9960366084527545,0.96612703150743,0.9697050281561697
2024-11-09 00:00:00,0.9466666666666667,1.2544495637050848,0.96,0.9516666666666667,0.96,0.96,0.9940445508892064,0.9660801732731015,0.9696280061512885
2024-11-09 01:00:00,0.9474999999999999,1.2544495637050848,0.9591666666666666,0.9499999999999998,0.9597916666666666,0.9583333333333333,0.9911251602784521,0.9649945117659631,0.9702344949293096
2024-11-09 02:00:00,0.9466666666666667,1.2544495637050848,0.9508333333333333,0.9499999999999998,0.9574999999999999,0.9416666666666667,0.9815204331427148,0.9468049315850843,0.9695271799793521
2024-11-09 03:00:00,0.9416666666666665,1.2544495637050848,0.9499999999999998,0.9525,0.9549999999999998,0.9399999999999997,0.9805078169540448,0.9463652373625657,0.9687999316268951
2024-11-09 04:00:00,0.9416666666666665,1.2544495637050848,0.9466666666666667,0.955,0.9516666666666665,0.9333333333333333,0.9776002438405722,0.9456559440778879,0.9673657616107191
2024-11-09 05:00:00,0.9408333333333333,1.2544495637050848,0.9474999999999999,0.96,0.94875,0.9358333333333332,0.9802514153568698,0.9456559440778879,0.9662887368974773
2024-11-09 06:00:00,0.9408333333333333,1.2544495637050848,0.9466666666666667,0.9575,0.9477083333333332,0.9425,0.9804699195102785,0.9445764533328658,0.9653865382668008
2024-11-09 07:00:00,0.9416666666666665,1.2544495637050848,0.9416666666666665,0.9674999999999999,0.9456249999999999,0.9333333333333332,0.9773280114690754,0.9445764533328658,0.9634462295611992
2024-11-09 08:00:00,0.9466666666666667,1.2544495637050848,0.9416666666666665,0.9708333333333333,0.944375,0.9366666666666664,0.9798792380544077,0.9423957605128839,0.9614115735569553
2024-11-09 09:00:00,0.9499999999999998,1.2544495637050848,0.9408333333333333,0.9608333333333333,0.9427083333333333,0.9341666666666667,0.9821109305615767,0.950847157892842,0.9597403968340099
2024-11-09 10:00:00,0.9499999999999998,1.2544495637050848,0.9408333333333333,0.9708333333333333,0.9412499999999999,0.9349999999999999,0.9848904420904938,0.9447584082107174,0.958678234200721
2024-11-09 11:00:00,0.9499999999999998,1.2544495637050848,0.9416666666666665,0.9766666666666666,0.9412499999999999,0.9416666666666665,0.9958342997940413,0.9416762290354662,0.9578577770097854
2024-11-09 12:00:00,0.9458333333333333,1.2544495637050848,0.9466666666666667,0.9725,0.9424999999999999,0.9516666666666668,0.9984153487729577,0.9416762290354662,0.9589242657916957
2024-11-09 13:00:00,0.9433333333333334,1.2544495637050848,0.9499999999999998,0.9683333333333333,0.9447916666666665,0.9591666666666664,1.0017916758650272,0.9462384108991598,0.9611864068358866
2024-11-09 14:00:00,0.94,1.2544495637050848,0.9499999999999998,0.9624999999999999,0.9470833333333333,0.9591666666666664,1.005700918369293,0.9462384108991598,0.9636301012272457
2024-11-09 15:00:00,0.9483333333333333,1.2544495637050848,0.9499999999999998,0.9624999999999999,0.9491666666666665,0.9583333333333331,1.000116686964353,0.9526002055037422,0.9659112649058053
2024-11-09 16:00:00,0.94,1.2544495637050848,0.9458333333333333,0.96,0.9489583333333332,0.945,0.9979756019304922,0.9459771890273773,0.9672015956551394
2024-11-09 17:00:00,0.94,1.2544495637050848,0.9433333333333334,0.96,0.9472916666666665,0.9366666666666669,0.9899302332058761,0.9459771890273773,0.9675405669940087
2024-11-09 18:00:00,0.9333333333333332,1.2544495637050848,0.94,0.96,0.9447916666666666,0.93,0.983714243420325,0.9459771890273773,0.9673870404661391
2024-11-09 19:00:00,0.9308333333333333,1.2544495637050848,0.9483333333333333,0.96,0.944375,0.9466666666666667,0.9905712495164394,0.9459771890273773,0.968472551882418
2024-11-11 01:00:00,0.9,1.2544495637050848,0.9058333333333334,0.9208333333333334,0.9089583333333333,0.9016666666666667,0.9409189899889447,0.8971951316142243,0.9490206145357492
2024-11-11 02:00:00,0.895,1.2544495637050848,0.9016666666666667,0.92,0.9068750000000001,0.8933333333333334,0.9343085014000759,0.8971951316142243,0.9480359499906824
2024-11-11 03:00:00,0.8908333333333333,1.2544495637050848,0.9,0.92,0.904375,0.89,0.9326422605860469,0.8954565501759344,0.9461908165547512
2024-11-11 04:00:00,0.89,1.2544495637050848,0.9,0.92,0.901875,0.89,0.9315678486917893,0.9001870385995635,0.9441246976514427
2024-11-11 05:00:00,0.89,1.2544495637050848,0.9,0.92,0.9004166666666666,0.8941666666666667,0.9315524530769916,0.9001870385995635,0.9428837346746539
2024-11-11 06:00:00,0.89,1.2544495637050848,0.895,0.92,0.8987499999999999,0.8883333333333333,0.9287657965788085,0.8987612631324869,0.941128725885122
2024-11-11 07:00:00,0.8866666666666667,1.2544495637050848,0.8908333333333333,0.9191666666666668,0.8964583333333334,0.8816666666666665,0.9272773024803795,0.8970192519746013,0.9389003246603227
2024-11-11 08:00:00,0.8758333333333334,1.2544495637050848,0.89,0.9108333333333333,0.8939583333333333,0.88,0.9302855840245383,0.8894377414330186,0.9364717821387764
2024-11-11 09:00:00,0.8708333333333332,1.2544495637050848,0.89,0.9108333333333333,0.8914583333333334,0.88,0.9320777930415008,0.8737535248311284,0.9342593814540934
2024-11-11 10:00:00,0.8624999999999999,1.2544495637050848,0.89,0.9108333333333333,0.8902083333333334,0.885,0.9228934075572746,0.8756456578625674,0.9337668835873544
2024-11-11 11:00:00,0.8516666666666666,1.2544495637050848,0.8866666666666667,0.9108333333333333,0.8891666666666667,0.8825000000000002,0.911197037309355,0.8649853000380894,0.9320081489281964
2024-11-11 12:00:00,0.8483333333333333,1.2544495637050848,0.8758333333333334,0.91,0.8856250000000001,0.8616666666666667,0.9044178720548368,0.8617010129527436,0.9316411714693045
2024-11-11 13:00:00,0.8424999999999999,1.2544495637050848,0.8708333333333332,0.9116666666666667,0.8808333333333334,0.8516666666666665,0.8967098078208751,0.8563397727690124,0.9336435780020073
2024-11-11 14:00:00,0.8408333333333333,1.2544495637050848,0.8624999999999999,0.9141666666666667,0.8739583333333333,0.8349999999999999,0.8927249752770117,0.859531333028446,0.9344235681089488
2024-11-11 15:00:00,0.8424999999999999,1.2544495637050848,0.8516666666666666,0.9108333333333333,0.8652083333333332,0.8166666666666664,0.8887553245741793,0.8666979728991694,0.9344119351160052
2024-11-11 16:00:00,0.8341666666666666,1.2544495637050848,0.8483333333333333,0.9116666666666667,0.8583333333333332,0.8208333333333332,0.8919399807075857,0.8666979728991694,0.934839085369358
2024-11-11 17:00:00,0.83,1.2544495637050848,0.8424999999999999,0.91,0.8512499999999998,0.8141666666666666,0.8921592004143812,0.8666979728991694,0.9341527387856849
2024-11-11 18:00:00,0.83,1.2544495637050848,0.8408333333333333,0.91,0.8458333333333332,0.8191666666666667,0.889560366175921,0.8666979728991694,0.932564234969887
2024-11-11 19:00:00,0.83,1.2544495637050848,0.8424999999999999,0.91,0.8435416666666666,0.8333333333333333,0.8906875412451585,0.8629959725704407,0.9304165195217676
2024-11-11 20:00:00,0.8224999999999999,1.2544495637050848,0.8341666666666666,0.91,0.8399999999999999,0.82,0.8824057841449526,0.8699811701461219,0.9289559579290736
2024-11-11 21:00:00,0.82,1.2544495637050848,0.83,0.9058333333333334,0.8368749999999999,0.8175,0.8795314761846579,0.8691552071968027,0.9264553405295386
2024-11-11 22:00:00,0.82,1.2544495637050848,0.83,0.9016666666666667,0.8341666666666665,0.8191666666666666,0.8746243748290362,0.8691552071968027,0.9221716875211734
2024-11-11 23:00:00,0.82,1.2544495637050848,0.83,0.9,0.8310416666666666,0.8175,0.8724509775452788,0.8691552071968027,0.9198841277664224
2024-11-12 00:00:00,0.82,1.2544495637050848,0.8224999999999999,0.9,0.828125,0.8108333333333332,0.8643626892475492,0.8568060620989635,0.9160728529288154
2024-11-12 01:00:00,0.82,1.2544495637050848,0.82,0.9,0.8256249999999999,0.8099999999999999,0.861784379977315,0.8536705159742777,0.9128525217131784
2024-11-12 02:00:00,0.8141666666666666,1.2544495637050848,0.82,0.895,0.8231249999999999,0.8099999999999999,0.8605831250221769,0.8562014778824519,0.9098170557288214
2024-11-12 03:00:00,0.8125,1.2544495637050848,0.82,0.8908333333333333,0.8206249999999998,0.8099999999999999,0.8590890754047491,0.8536940016223448,0.9074520392843997
2024-11-12 04:00:00,0.8133333333333334,1.2544495637050848,0.82,0.89,0.82,0.8175,0.8617022966368478,0.855716994305912,0.9049444048304023
2024-11-12 05:00:00,0.8141666666666666,1.2544495637050848,0.82,0.89,0.82,0.82,0.8601751869949846,0.8550507609385932,0.9039322930457567
2024-11-12 06:00:00,0.81,1.2544495637050848,0.8141666666666666,0.89,0.8185416666666666,0.8083333333333332,0.8583050684638692,0.848656154232978,0.9038787647187956
2024-11-12 07:00:00,0.81,1.2544495637050848,0.8125,0.8866666666666667,0.8166666666666667,0.805,0.8578712285372063,0.8456582700129296,0.9013508449746117
2024-11-12 08:00:00,0.81,1.2544495637050848,0.8133333333333334,0.8758333333333334,0.815,0.8066666666666668,0.8596040449272687,0.844024769315096,0.9023092214395391
2024-11-12 09:00:00,0.81,1.2544495637050848,0.8141666666666666,0.8708333333333332,0.8135416666666666,0.8083333333333332,0.8663133495806838,0.8253958663634355,0.9028720347458322
2024-11-12 10:00:00,0.81,1.2544495637050848,0.81,0.8624999999999999,0.8125,0.8058333333333335,0.8650765074971729,0.8180258738598764,0.9036263163523539
2024-11-12 11:00:00,0.81,1.2544495637050848,0.81,0.8516666666666666,0.811875,0.8075000000000001,0.873392634364391,0.8197361497333551,0.9042734999064017
2024-11-12 12:00:00,0.81,1.2544495637050848,0.81,0.8483333333333333,0.8110416666666667,0.8066666666666668,0.8716773890338834,0.8234508752416267,0.9034406024507701
2024-11-12 13:00:00,0.81,1.2544495637050848,0.81,0.8424999999999999,0.81,0.8058333333333335,0.8767119281539058,0.8225006576189297,0.9017863163367963
2024-11-12 14:00:00,0.8075000000000001,1.2544495637050848,0.81,0.8408333333333333,0.81,0.81,0.8743345694130561,0.8225006576189297,0.9003002325371636
2024-11-12 15:00:00,0.8041666666666667,1.2544495637050848,0.81,0.8424999999999999,0.81,0.81,0.8744144299226304,0.8243029048268813,0.8965369386206301
2024-11-12 16:00:00,0.8041666666666667,1.2544495637050848,0.81,0.8341666666666666,0.81,0.81,0.8732004365957873,0.8263723532105327,0.8946542980971298
2024-11-12 17:00:00,0.8016666666666667,1.2544495637050848,0.81,0.83,0.81,0.81,0.8757925542217349,0.8275009460659828,0.8939215851358879
2024-11-12 18:00:00,0.8000000000000002,1.2544495637050848,0.8075000000000001,0.83,0.8093750000000001,0.8050000000000002,0.8718413923031727,0.8242166182827819,0.8928036172553109
2024-11-12 19:00:00,0.8000000000000002,1.2544495637050848,0.8041666666666667,0.83,0.8079166666666667,0.7983333333333333,0.8663345057132208,0.8298159943257716,0.8867427037360359
2024-11-12 20:00:00,0.8000000000000002,1.2544495637050848,0.8041666666666667,0.8224999999999999,0.8064583333333334,0.7983333333333333,0.8665761827865388,0.8306232902955998,0.8952864539770192
2024-11-12 21:00:00,0.8000000000000002,1.2544495637050848,0.8016666666666667,0.82,0.8043750000000001,0.7933333333333334,0.8661813317585176,0.8306232902955998,0.9044458006773316
2024-11-12 22:00:00,0.7991666666666667,1.2544495637050848,0.8000000000000002,0.82,0.8025000000000001,0.7925000000000002,0.8554748475067513,0.8358564583922977,0.9112756508903239
2024-11-12 23:00:00,0.795,1.2544495637050848,0.8000000000000002,0.82,0.8014583333333334,0.7958333333333336,0.8544253042395469,0.8397224691935272,0.9180693187693921
2024-11-13 00:00:00,0.7975,1.2544495637050848,0.8000000000000002,0.82,0.8004166666666668,0.7958333333333336,0.8555196582219446,0.8311792728776213,0.9224779954029876
2024-11-13 01:00:00,0.7908333333333334,1.2544495637050848,0.8000000000000002,0.82,0.8000000000000002,0.7983333333333336,0.8517416156213249,0.8300936113704829,0.9251632710410456
2024-11-13 02:00:00,0.79,1.2544495637050848,0.7991666666666667,0.8141666666666666,0.7997916666666668,0.7983333333333332,0.8456589327019025,0.8292863154006547,0.9027557048163961
2024-11-13 03:00:00,0.79,1.2544495637050848,0.795,0.8125,0.7985416666666667,0.7899999999999999,0.8374454917468105,0.8303026149760574,0.8870441679873362
2024-11-13 04:00:00,0.79,1.2544495637050848,0.7975,0.8133333333333334,0.7979166666666667,0.7949999999999998,0.8497090991815208,0.8418540364669957,0.8896389049934808
2024-11-13 05:00:00,0.79,1.2544495637050848,0.7908333333333334,0.8141666666666666,0.795625,0.7816666666666666,0.8438172379701954,0.8357437038612147,0.8900710644715532
2024-11-13 06:00:00,0.7808333333333334,1.2544495637050848,0.79,0.81,0.7933333333333333,0.7808333333333334,0.8434994899900823,0.8695538136768844,0.8981692835023616
2024-11-13 07:00:00,0.7891666666666667,1.2544495637050848,0.79,0.81,0.7920833333333334,0.785,0.8532822930486719,0.8536153863718403,0.906730089946522
2024-11-13 08:00:00,0.7825000000000001,1.2544495637050848,0.79,0.81,0.7902083333333334,0.7825000000000001,0.8566272064318454,0.8610529243082239,0.9136547428422221
2024-11-13 09:00:00,0.79,1.2544495637050848,0.79,0.81,0.79,0.7891666666666667,0.8577383956644388,0.8479142564729273,0.9029788844069975
2024-11-13 10:00:00,0.79,1.2544495637050848,0.7808333333333334,0.81,0.7877083333333333,0.7716666666666667,0.8495512612787637,0.8609309669538118,0.905054400781474
2024-11-13 11:00:00,0.7991666666666667,1.2544495637050848,0.7891666666666667,0.81,0.7875000000000001,0.7883333333333333,0.8654944224802089,0.8214712877144668,0.8860116881154015
2024-11-13 12:00:00,0.7908333333333334,1.2544495637050848,0.7825000000000001,0.81,0.785625,0.7750000000000001,0.8517734443061334,0.8590632674907264,0.8919096155378117
2024-11-13 13:00:00,0.8000000000000002,1.2544495637050848,0.79,0.81,0.785625,0.79,0.8765667632254576,0.820219218193387,0.8985850491540792
2024-11-13 14:00:00,0.7958333333333334,1.2544495637050848,0.79,0.8075000000000001,0.7879166666666666,0.7991666666666667,0.8698337582543458,0.8429449558068345,0.9062785145478427
2024-11-13 15:00:00,0.7975,1.2544495637050848,0.7991666666666667,0.8041666666666667,0.7904166666666667,0.8091666666666667,0.8821178588759746,0.8539236774822363,0.9099701889704528
2024-11-13 16:00:00,0.795,1.2544495637050848,0.7908333333333334,0.8041666666666667,0.7925,0.7991666666666667,0.8707423396977976,0.8541137524351179,0.9160139220908965
2024-11-13 17:00:00,0.7933333333333333,1.2544495637050848,0.8000000000000002,0.8016666666666667,0.7949999999999999,0.8100000000000003,0.8783354272284178,0.8518694306305663,0.9219688967171369
2024-11-13 18:00:00,0.86,1.2544495637050848,0.7958333333333334,0.8000000000000002,0.7964583333333333,0.8016666666666667,0.8692768369554653,0.8578997846160772,0.926025747761653
2024-11-13 19:00:00,0.9308333333333333,1.2544495637050848,0.7975,0.8000000000000002,0.7960416666666668,0.7958333333333333,0.8628266152528343,0.8715967520044635,0.920373955426596
2024-11-13 20:00:00,0.8875000000000001,1.2544495637050848,0.795,0.8000000000000002,0.7970833333333334,0.7991666666666667,0.8615977755828488,0.8760542315378507,0.9224703987688054
2024-11-13 21:00:00,0.875,1.2544495637050848,0.7933333333333333,0.8000000000000002,0.7954166666666667,0.7866666666666665,0.8626927319966073,0.8530883446600948,0.9235554341017433
2024-11-13 22:00:00,0.87,1.2544495637050848,0.86,0.7991666666666667,0.8114583333333333,0.9241666666666666,0.8973422339246265,0.9076244885416508,0.9325224638315236
2024-11-13 23:00:00,0.8725,1.2544495637050848,0.9308333333333333,0.795,0.8447916666666666,1.0641666666666665,0.9370409231695227,0.9746914710931905,0.954491557299012
2024-11-14 00:00:00,0.8758333333333334,1.2544495637050848,0.8875000000000001,0.7975,0.8679166666666667,0.9800000000000001,0.9085062178021341,0.9308896812872399,0.9674585357644081
2024-11-14 01:00:00,0.88,1.2544495637050848,0.875,0.7908333333333334,0.8883333333333333,0.9566666666666667,0.8991367865627482,0.9072896017804989,0.9764407587625525
2024-11-14 02:00:00,0.88,1.2544495637050848,0.87,0.79,0.8908333333333334,0.88,0.8956133711721364,0.8518390096944836,0.9821026937427026
2024-11-14 03:00:00,0.88,1.2544495637050848,0.8725,0.79,0.8762500000000001,0.8141666666666668,0.9216499996452232,0.8593043312106907,0.9845866068267475
2024-11-14 04:00:00,0.8866666666666667,1.2544495637050848,0.8758333333333334,0.79,0.8733333333333333,0.8641666666666666,0.9276064803390449,0.8731048148215451,0.9835865834191111
2024-11-14 08:00:00,1.0,1.2544495637050848,0.8866666666666667,0.7825000000000001,0.8816666666666666,0.8975000000000001,0.9409831403893525,0.9332359325091889,0.9844200604544623
2024-11-15 12:00:00,1.0,1.2544495637050848,1.0,0.9991666666666666,1.0,1.0,1.0478534102860515,1.1476112371738387,1.161177975372018
2024-11-15 14:00:00,0.9975,1.2544495637050848,1.0,0.9925,1.0,1.0,1.0475997378510076,1.1476112371738387,1.1476095277029583
2024-11-15 15:00:00,0.9925,1.2544495637050848,1.0,0.9958333333333332,1.0,1.0,1.04590436900117,1.1525793155862643,1.1375859655428795
2024-11-15 16:00:00,0.9899999999999999,1.2544495637050848,1.0,0.9899999999999999,1.0,1.0,1.036585393505148,1.1525793155862643,1.121543416246457
2024-11-15 17:00:00,0.9899999999999999,1.2544495637050848,1.0,0.9899999999999999,1.0,1.0,1.0261602881345457,1.1521008202000589,1.1049458676203183
2024-11-15 18:00:00,0.9899999999999999,1.2544495637050848,0.9975,0.9899999999999999,0.999375,0.9950000000000001,1.0176025864621374,1.1525793155862643,1.085980994580517
2024-11-15 19:00:00,0.9899999999999999,1.2544495637050848,0.9925,0.9899999999999999,0.9974999999999999,0.9850000000000001,1.0107964175251303,1.0994811412588266,1.069891902962682
2024-11-15 20:00:00,0.9899999999999999,1.2544495637050848,0.9899999999999999,0.9899999999999999,0.995,0.9799999999999998,1.0104755804047822,1.0448477494332393,1.058025711979032
2024-11-15 21:00:00,0.9899999999999999,1.2544495637050848,0.9899999999999999,0.9899999999999999,0.9924999999999998,0.9799999999999998,1.0086754107288913,1.0448477494332393,1.0497725588696063
2024-11-15 22:00:00,0.9808333333333333,1.2544495637050848,0.9899999999999999,0.9941666666666666,0.9906249999999999,0.9824999999999997,1.0029791880742025,1.0493519780850298,1.0445374015558464
2024-11-15 23:00:00,0.9858333333333333,1.2544495637050848,0.9899999999999999,1.0,0.9899999999999999,0.9874999999999997,0.9998742129674205,1.0490576906205784,1.0424232189343616
2024-11-16 00:00:00,0.98,1.2544495637050848,0.9899999999999999,1.0,0.9899999999999999,0.9899999999999999,0.9972090927185006,1.046514305102756,1.0430429759481066
2024-11-16 01:00:00,0.98,1.2544495637050848,0.9899999999999999,1.0,0.9899999999999999,0.9899999999999999,0.9936321100976351,1.045081392167765,1.0462969848853079
2024-11-16 02:00:00,0.98,1.2544495637050848,0.9808333333333333,1.0,0.9877083333333332,0.9716666666666668,0.9828935065169212,0.9879790975861967,1.0489868557625714
2024-11-16 03:00:00,0.98,1.2544495637050848,0.9858333333333333,1.0,0.9866666666666666,0.9816666666666668,0.9875118708614631,0.9916925734966467,1.0539526534016423
2024-11-16 04:00:00,0.98,1.2544495637050848,0.98,1.0,0.9841666666666665,0.9700000000000001,0.9858378011934539,0.9898372199650356,1.0576598315817523
2024-11-16 05:00:00,0.98,1.2544495637050848,0.98,1.0,0.9816666666666666,0.9700000000000001,0.9904933179493005,0.9921963975611043,1.0612803211952289
2024-11-16 06:00:00,0.98,1.2544495637050848,0.98,1.0,0.9814583333333332,0.9791666666666666,0.9906594274274536,0.9921963975611043,1.0646116005286197
2024-11-16 07:00:00,0.98,1.2544495637050848,0.98,1.0,0.98,0.9741666666666666,0.9938469378887451,0.9983537173436707,1.0684925284289584
2024-11-16 08:00:00,0.975,1.2544495637050848,0.98,1.0,0.98,0.98,0.9950397095932346,0.9952445798746554,1.0719937488158495
2024-11-16 09:00:00,0.9791666666666666,1.2544495637050848,0.98,1.0,0.98,0.98,0.9964415526788266,1.0024619212075043,1.076340513915825
2024-11-16 10:00:00,0.98,1.2544495637050848,0.98,1.0,0.98,0.98,0.9967130836691007,0.9889651084240417,1.0785021185779393
2024-11-16 11:00:00,0.98,1.2544495637050848,0.98,1.0,0.98,0.98,0.9996958606440048,0.985594844323742,1.08144200565675
2024-11-16 12:00:00,0.98,1.2544495637050848,0.975,1.0,0.9787499999999999,0.97,0.9978006537901336,0.9818338918877607,1.0822157445824299
2024-11-16 13:00:00,0.98,1.2544495637050848,0.9791666666666666,1.0,0.9785416666666665,0.9783333333333333,1.0012733393125426,0.9830609520485492,1.081025991613724
2024-11-16 14:00:00,0.98,1.2544495637050848,0.98,0.9975,0.9785416666666665,0.98,1.002938039708876,0.978933469680216,1.0794496072238484
2024-11-16 15:00:00,0.98,1.2544495637050848,0.98,0.9925,0.9785416666666665,0.98,1.0040663497033018,0.9837221548165969,1.079031129967014
2024-11-16 16:00:00,0.98,1.2544495637050848,0.98,0.9899999999999999,0.9797916666666666,0.985,1.0055438899680338,0.9828415265423589,1.0776998353510687
2024-11-16 17:00:00,0.98,1.2544495637050848,0.98,0.9899999999999999,0.98,0.9808333333333333,1.0078944569331931,0.9827001278887089,1.0783059308428513
2024-11-16 18:00:00,0.9716666666666667,1.2544495637050848,0.98,0.9899999999999999,0.98,0.98,1.0011554929649236,0.9823246149739748,1.058767739614339
2024-11-16 19:00:00,0.9708333333333333,1.2544495637050848,0.98,0.9899999999999999,0.98,0.98,1.0015294639609063,0.9767210297829857,1.0358534551205443
2024-11-16 20:00:00,0.9700000000000001,1.2544495637050848,0.98,0.9899999999999999,0.98,0.98,1.0042827572431139,0.9790180257178288,1.0368762891300025
2024-11-16 21:00:00,0.9700000000000001,1.2544495637050848,0.98,0.9899999999999999,0.98,0.98,1.000614200672997,0.9683347745481408,1.049019643415281
2024-11-16 22:00:00,0.9700000000000001,1.2544495637050848,0.9716666666666667,0.9808333333333333,0.9779166666666665,0.9633333333333334,1.0104669037089515,0.9667501776245829,1.0629476892514453
2024-11-16 23:00:00,0.9700000000000001,1.2544495637050848,0.9708333333333333,0.9858333333333333,0.975625,0.9616666666666667,1.014087551015562,0.9972845663541123,1.0752416514667194
2024-11-17 00:00:00,0.9700000000000001,1.2544495637050848,0.9700000000000001,0.98,0.9731249999999999,0.9600000000000002,1.0121602863290766,1.0059079972081735,1.0814857018277535
2024-11-17 01:00:00,0.9791666666666666,1.2544495637050848,0.9700000000000001,0.98,0.970625,0.9600000000000002,1.0060719580560848,0.9983913083985598,1.0845527963053805
2024-11-17 02:00:00,0.98,1.2544495637050848,0.9700000000000001,0.98,0.9702083333333333,0.9683333333333335,1.0081120233484735,0.9983913083985598,1.0845940810107648
2024-11-17 03:00:00,0.98,1.2544495637050848,0.9700000000000001,0.98,0.9700000000000001,0.9691666666666668,1.0092785259779915,0.9983913083985598,1.0822155582889486
2024-11-17 04:00:00,0.98,1.2544495637050848,0.9700000000000001,0.98,0.9700000000000001,0.9700000000000001,1.0088829837661775,0.9964683073089633,1.0776384412993414
2024-11-17 05:00:00,0.98,1.2544495637050848,0.9791666666666666,0.98,0.9722916666666667,0.9883333333333332,1.015970854041409,1.008195278900966,1.0746483688265953
2024-11-17 06:00:00,0.98,1.2544495637050848,0.98,0.98,0.9747916666666666,0.9899999999999999,1.0203041336032386,1.0009779375681165,1.074155539771445
2024-11-17 07:00:00,0.9808333333333333,1.2544495637050848,0.98,0.98,0.9772916666666666,0.9899999999999999,1.0182981861150304,0.9923461765768925,1.0728653332177651
2024-11-17 08:00:00,0.98,1.2544495637050848,0.98,0.975,0.9797916666666665,0.9899999999999999,1.0188000350567568,0.9897305074923818,1.0710985465403597
2024-11-17 09:00:00,0.9874999999999999,1.2544495637050848,0.98,0.9791666666666666,0.98,0.9808333333333333,1.0210571822966135,0.9812063089087817,1.0704540745914286
2024-11-17 10:00:00,0.9899999999999999,1.2544495637050848,0.98,0.98,0.98,0.98,1.0245831394174034,0.9747853871271693,1.0708978670624447
2024-11-17 11:00:00,0.9899999999999999,1.2544495637050848,0.9808333333333333,0.98,0.9802083333333332,0.9816666666666667,1.0266677877653312,0.9739430880383446,1.065385401552127
2024-11-17 12:00:00,0.9899999999999999,1.2544495637050848,0.98,0.98,0.9802083333333332,0.98,1.0303536645769578,0.9853760923185471,1.0598545136864357
2024-11-17 13:00:00,0.9899999999999999,1.2544495637050848,0.9874999999999999,0.98,0.9820833333333332,0.9949999999999999,1.040500416640749,0.9989669762042578,1.058621209441656
2024-11-17 14:00:00,0.9899999999999999,1.2544495637050848,0.9899999999999999,0.98,0.9845833333333331,0.9999999999999998,1.0451146629026065,1.0207236748260913,1.0605381279657162
2024-11-17 15:00:00,0.9899999999999999,1.2544495637050848,0.9899999999999999,0.98,0.986875,0.9991666666666664,1.0460440153842798,1.0174381459662276,1.0641349997056186
2024-11-17 16:00:00,0.9899999999999999,1.2544495637050848,0.9899999999999999,0.98,0.9893749999999998,0.9999999999999998,1.0438087984411275,1.031093307679579,1.0688914862688075
2024-11-17 17:00:00,0.9899999999999999,1.2544495637050848,0.9899999999999999,0.98,0.9899999999999999,0.9924999999999998,1.0396137822086053,1.0467672985098146,1.0741132511511893
2024-11-17 18:00:00,0.9833333333333334,1.2544495637050848,0.9899999999999999,0.9716666666666667,0.9899999999999999,0.9899999999999999,1.0407032791155035,1.0396923131119375,1.0789695082232538
2024-11-17 19:00:00,0.895,1.2544495637050848,0.9899999999999999,0.9708333333333333,0.9899999999999999,0.9899999999999999,1.0510178400230972,1.0608964431753027,1.082704557978094
2024-11-17 20:00:00,0.8608333333333333,1.2544495637050848,0.9899999999999999,0.9700000000000001,0.9899999999999999,0.9899999999999999,1.0486319285678953,1.0611974585996682,1.086258789210054
2024-11-17 21:00:00,0.85,1.2544495637050848,0.9899999999999999,0.9700000000000001,0.9899999999999999,0.9899999999999999,1.0452813060227597,1.0611974585996682,1.0893819580255533
2024-11-17 22:00:00,0.85,1.2544495637050848,0.9833333333333334,0.9700000000000001,0.9883333333333332,0.9766666666666669,1.0256093483780269,1.0134583387400316,1.0892961491781374
2024-11-17 23:00:00,0.8574999999999999,1.2544495637050848,0.895,0.9700000000000001,0.9645833333333332,0.8000000000000002,0.8758954062684992,0.9474723214540177,1.0673703585954142
2024-11-18 00:00:00,0.86,1.2544495637050848,0.8608333333333333,0.9700000000000001,0.9322916666666666,0.7316666666666668,0.860805674939804,0.9600264224788863,1.0401996613400761
2024-11-18 01:00:00,0.8691666666666666,1.2544495637050848,0.85,0.9791666666666666,0.8972916666666666,0.7100000000000001,0.8579012282087435,0.9619256287815495,1.015332896966568
2024-11-18 02:00:00,0.87,1.2544495637050848,0.85,0.98,0.8639583333333333,0.7166666666666666,0.8430142480197264,0.9545296136061929,0.9951130992885182
2024-11-18 03:00:00,0.8766666666666666,1.2544495637050848,0.8574999999999999,0.98,0.8545833333333333,0.8199999999999998,0.8982287205331085,0.9380841649441034,0.9813590722631668
2024-11-18 04:00:00,0.8758333333333334,1.2544495637050848,0.86,0.98,0.8543749999999999,0.8591666666666666,0.9004216227080455,0.9608966462915177,0.9729192737847507
2024-11-18 05:00:00,0.88,1.2544495637050848,0.8691666666666666,0.98,0.8591666666666666,0.8883333333333333,0.9422337090683137,0.9648404840525918,0.9706794672590404
2024-11-18 06:00:00,0.88,1.2544495637050848,0.87,0.98,0.8641666666666666,0.89,0.9389655675326246,0.9599286747708468,0.9713331503856583
2024-11-18 07:00:00,0.88,1.2544495637050848,0.8766666666666666,0.9808333333333333,0.8689583333333333,0.8958333333333333,0.9458703813268307,0.9442322864307277,0.9753972461766696
2024-11-18 08:00:00,0.88,1.2544495637050848,0.8758333333333334,0.98,0.8729166666666666,0.8916666666666667,0.9451361390720682,0.9430042642015788,0.9801373182142279
2024-11-18 09:00:00,0.8816666666666667,1.2544495637050848,0.88,0.9874999999999999,0.8756249999999999,0.8908333333333334,0.9505272639464466,0.9374272995208807,0.9856938731817876
2024-11-18 10:00:00,0.8825,1.2544495637050848,0.88,0.9899999999999999,0.8781249999999999,0.89,0.9508765716826888,0.9374654682567283,0.9906725664696199
2024-11-18 11:00:00,0.8891666666666667,1.2544495637050848,0.88,0.9899999999999999,0.8789583333333333,0.8833333333333334,0.9461664378565156,0.9319159084176369,0.9953369826544933
2024-11-18 12:00:00,0.8858333333333334,1.2544495637050848,0.88,0.9899999999999999,0.88,0.8841666666666667,0.9478023086773542,0.9486042767846998,0.9993397257923288
2024-11-18 13:00:00,0.89,1.2544495637050848,0.8816666666666667,0.9899999999999999,0.8804166666666666,0.8833333333333334,0.9522045763463193,0.9460205071042982,1.0028604448969296
2024-11-18 14:00:00,0.89,1.2544495637050848,0.8825,0.9899999999999999,0.8810416666666666,0.8849999999999999,0.9554324504889645,0.9460205071042982,1.0054188960727715
2024-11-18 15:00:00,0.89,1.2544495637050848,0.8891666666666667,0.9899999999999999,0.8833333333333333,0.8983333333333333,0.9611423505801422,0.9423510989117668,1.00846268316596
2024-11-20 00:00:00,0.89,1.2544495637050848,0.8866666666666667,0.8808333333333334,0.8854166666666666,0.8900000000000001,0.9315911258730356,0.9909310181892151,0.9816434596120143
2024-11-20 01:00:00,0.89,1.2544495637050848,0.8858333333333334,0.8875000000000001,0.8868749999999999,0.8916666666666667,0.9356345848593838,0.9662293277537658,0.9804409765887524
2024-11-20 02:00:00,0.89,1.2544495637050848,0.88,0.8808333333333334,0.886875,0.88,0.9248110646500691,0.969898758941306,0.9783162373366605
2024-11-20 03:00:00,0.89,1.2544495637050848,0.8891666666666667,0.88,0.8854166666666666,0.8833333333333333,0.9441189252606537,0.9662293277537658,0.9778715961953408
2024-11-20 04:00:00,0.8916666666666666,1.2544495637050848,0.89,0.88,0.88625,0.8933333333333333,0.9445873856383777,0.9898453566820767,0.977853132441416
2024-11-20 05:00:00,0.9,1.2544495637050848,0.89,0.88,0.8872916666666666,0.8941666666666667,0.950875589303788,0.9662293277537658,0.9780278757268785
2024-11-20 06:00:00,0.9,1.2544495637050848,0.89,0.88,0.8897916666666666,0.9,0.9500455382311582,0.9906044239194794,0.9782378905781346
2024-11-20 07:00:00,0.9,1.2544495637050848,0.89,0.88,0.89,0.8908333333333334,0.9528028577588745,0.9762334923508094,0.9785800082069104
2024-11-20 08:00:00,0.9,1.2544495637050848,0.8916666666666666,0.88,0.8904166666666666,0.8933333333333332,0.9566701644697074,0.9744441031417297,0.9789863970867358
2024-11-20 09:00:00,0.9,1.2544495637050848,0.9,0.88,0.8929166666666666,0.91,0.9680250991408499,0.9752031703791324,0.9805723341923469
2024-11-20 10:00:00,0.9,1.2544495637050848,0.9,0.8850000000000001,0.8954166666666666,0.91,0.9693056815321944,0.9734159987963812,0.9772913127003565
2024-11-20 11:00:00,0.9058333333333334,1.2544495637050848,0.9,0.89,0.8979166666666667,0.91,0.9654673983732558,0.9734159987963812,0.9692339126412292
2024-11-20 12:00:00,0.9091666666666667,1.2544495637050848,0.9,0.8866666666666667,0.9,0.9083333333333334,0.9700255508975051,0.9713314747875293,0.9684350861934004
2024-11-20 13:00:00,0.9091666666666667,1.2544495637050848,0.9,0.89,0.9,0.9,0.971105319055485,0.9669893184909842,0.9688328848738101
2024-11-20 14:00:00,0.91,1.2544495637050848,0.9,0.89,0.9,0.9,0.9697762736621678,0.9306329831883572,0.970323439716994
2024-11-20 15:00:00,0.91,1.2544495637050848,0.9058333333333334,0.89,0.9014583333333333,0.9116666666666667,0.9760424019987577,0.9267998674660959,0.9721970553562891
2024-11-20 16:00:00,0.91,1.2544495637050848,0.9091666666666667,0.8833333333333333,0.90375,0.9183333333333333,0.9788284775530729,0.9399468025036006,0.9743652216888004
2024-11-20 17:00:00,0.91,1.2544495637050848,0.9091666666666667,0.88,0.9060416666666666,0.9183333333333333,0.9781634966868782,0.9399468025036006,0.9761780228560877
2024-11-20 18:00:00,0.9091666666666667,1.2544495637050848,0.91,0.88,0.9085416666666666,0.92,0.9773356624711813,0.9582261407789846,0.9776769609059301
2024-11-20 19:00:00,0.9049999999999999,1.2544495637050848,0.91,0.895,0.9095833333333333,0.9141666666666667,0.9752860706960336,0.9602474508085773,0.9786826352158329
2024-11-20 20:00:00,0.8816666666666667,1.2544495637050848,0.91,0.8866666666666667,0.9097916666666667,0.9108333333333334,0.9710079932619267,0.9634414573747239,0.9794326527715601
2024-11-20 21:00:00,0.8683333333333333,1.2544495637050848,0.91,0.8858333333333334,0.91,0.9108333333333334,0.9673484755220552,0.9752535524754768,0.9801239464821254
2024-11-20 22:00:00,0.8525,1.2544495637050848,0.9091666666666667,0.88,0.9097916666666666,0.9083333333333333,0.9622013821084094,0.9752535524754768,0.9788573785012953
2024-11-20 23:00:00,0.8591666666666667,1.2544495637050848,0.9049999999999999,0.8891666666666667,0.9085416666666666,0.8999999999999998,0.8954406800175143,0.9607155015030991,0.9717240769065355
2024-11-21 00:00:00,0.8558333333333333,1.2544495637050848,0.8816666666666667,0.89,0.9014583333333333,0.8533333333333334,0.8619012678979583,0.9520109950461618,0.9487347161397757
2024-11-21 01:00:00,0.855,1.2544495637050848,0.8683333333333333,0.89,0.8910416666666666,0.8266666666666665,0.8635153645425355,0.9406450260122746,0.9341639577931147
2024-11-21 02:00:00,0.8525,1.2544495637050848,0.8525,0.89,0.876875,0.7958333333333334,0.8218165048358373,0.9395263317986556,0.9119721815176416
2024-11-21 03:00:00,0.8591666666666667,1.2544495637050848,0.8591666666666667,0.89,0.8654166666666667,0.8133333333333336,0.8582758755640514,0.9343840159938793,0.9032929338179236
2024-11-21 04:00:00,0.8525,1.2544495637050848,0.8558333333333333,0.8916666666666666,0.8589583333333333,0.83,0.8666821435269884,0.9249061190614398,0.8983695696940384
2024-11-21 05:00:00,0.84,1.2544495637050848,0.855,0.9,0.855625,0.8416666666666667,0.8862912694104912,0.9512309304814054,0.9047491278634449
2024-11-21 06:00:00,0.8158333333333334,1.2544495637050848,0.8525,0.9,0.855625,0.8525,0.9030283735318494,0.9700124699015121,0.9455040973841156
2024-11-21 07:00:00,0.79,1.2544495637050848,0.8591666666666667,0.9,0.855625,0.8591666666666667,0.9038044183108098,0.9672320926345167,1.0145785118636679
2024-11-21 08:00:00,0.775,1.2544495637050848,0.8525,0.9,0.8547916666666666,0.8491666666666667,0.9035271884143892,0.9810405681743936,1.1099497933252294
2024-11-21 09:00:00,0.7600000000000001,1.2544495637050848,0.84,0.9,0.8510416666666666,0.825,0.8778385394251392,0.9773542137311684,1.1821123637954338
2024-11-21 10:00:00,0.7433333333333333,1.2544495637050848,0.8158333333333334,0.9,0.8418749999999999,0.7791666666666668,0.8543409077231612,0.9442882631314516,1.2517109263045496
2024-11-21 11:00:00,0.7200000000000001,1.2544495637050848,0.79,0.9058333333333334,0.8245833333333332,0.7208333333333333,0.8032021658832333,0.8878368505804713,1.2972645872412838
2024-11-21 12:00:00,0.7158333333333333,1.2544495637050848,0.775,0.9091666666666667,0.8052083333333333,0.6975,0.8020881528019276,0.9435936313219643,1.3408048306009208
2024-11-21 13:00:00,0.7200000000000001,1.2544495637050848,0.7600000000000001,0.9091666666666667,0.7852083333333333,0.6800000000000003,0.7728941565308441,0.952647182221541,1.3668542066930183
2024-11-21 14:00:00,0.7225,1.2544495637050848,0.7433333333333333,0.91,0.7670833333333333,0.6708333333333332,0.7691292350794183,0.9337059244478397,1.4021986028880062
2024-11-21 15:00:00,0.7333333333333334,1.2544495637050848,0.7200000000000001,0.91,0.7495833333333333,0.6500000000000001,0.726292422642198,0.9395174509481583,1.427480097949447
2024-11-21 16:00:00,0.7425,1.2544495637050848,0.7158333333333333,0.91,0.7347916666666666,0.6566666666666666,0.7417993802195892,0.9166494697868335,1.400935367490564
2024-11-21 17:00:00,0.75,1.2544495637050848,0.7200000000000001,0.91,0.7247916666666666,0.68,0.7506888236372068,0.8985353669827811,1.2762153695859197
2024-11-21 18:00:00,0.7516666666666666,1.2544495637050848,0.7225,0.9091666666666667,0.7195833333333334,0.7016666666666668,0.788624974411217,0.9286672149379779,1.1711261714692716
2024-11-21 19:00:00,0.7608333333333334,1.2544495637050848,0.7333333333333334,0.9049999999999999,0.7229166666666667,0.7466666666666667,0.770826484354149,0.918057513634636,1.0824889957209505
2024-11-21 20:00:00,0.77,1.2544495637050848,0.7425,0.8816666666666667,0.7295833333333333,0.7691666666666668,0.8656792989675608,0.9437377917010896,0.9992289432687804
2024-11-21 21:00:00,0.7775,1.2544495637050848,0.75,0.8683333333333333,0.7370833333333333,0.7799999999999999,0.9002177876306073,0.9790257573079308,0.9264438110329735
2024-11-21 22:00:00,0.7799999999999999,1.2544495637050848,0.7516666666666666,0.8525,0.744375,0.7808333333333332,0.8900887767208221,0.9766991556759937,0.8688531477192312
2024-11-21 23:00:00,0.7799999999999999,1.2544495637050848,0.7608333333333334,0.8591666666666667,0.75125,0.7883333333333333,0.863987190552234,0.8827725743830656,0.8340720305642397
2024-11-22 00:00:00,0.7833333333333333,1.2544495637050848,0.77,0.8558333333333333,0.7581249999999999,0.7975,0.8630540585493296,0.9056855867833551,0.817979130279676
2024-11-22 01:00:00,0.79,1.2544495637050848,0.7775,0.855,0.7649999999999999,0.8049999999999999,0.8617282311276794,0.9440903999020366,0.8153785974763353
2024-11-22 02:00:00,0.79,1.2544495637050848,0.7799999999999999,0.8525,0.7720833333333332,0.8083333333333332,0.8600863921038533,0.9440903999020366,0.8220619382159204
2024-11-22 03:00:00,0.79,1.2544495637050848,0.7799999999999999,0.8591666666666667,0.776875,0.7991666666666665,0.8558910335701285,0.8980635135352213,0.8333981863430897
2024-11-22 04:00:00,0.79,1.2544495637050848,0.7833333333333333,0.8525,0.7802083333333332,0.7966666666666666,0.8488982477063652,0.8955421729540094,0.8469005722737517
2024-11-22 05:00:00,0.7933333333333333,1.2544495637050848,0.79,0.84,0.7833333333333332,0.8025000000000001,0.8571686970249353,0.8797503787694224,0.8620877136522185
2024-11-22 06:00:00,0.8000000000000002,1.2544495637050848,0.79,0.8158333333333334,0.7858333333333333,0.8000000000000002,0.8494351402879776,0.8841358316058784,0.8762243253903398
2024-11-22 07:00:00,0.8000000000000002,1.2544495637050848,0.79,0.79,0.7883333333333333,0.8000000000000002,0.8481237744780348,0.870523967274611,0.8885421745697721
2024-11-22 08:00:00,0.8000000000000002,1.2544495637050848,0.79,0.775,0.79,0.7966666666666667,0.8416155052509082,0.856248094270143,0.897492168795651
2024-11-22 09:00:00,0.8000000000000002,1.2544495637050848,0.7933333333333333,0.7600000000000001,0.7908333333333334,0.7966666666666666,0.8446206732934469,0.8437655307311499,0.9024245164051902
2024-11-22 10:00:00,0.8041666666666667,1.2544495637050848,0.8000000000000002,0.7433333333333333,0.7933333333333332,0.8100000000000003,0.8465697507170071,0.8419714212055426,0.9049044966268519
2024-11-22 11:00:00,0.81,1.2544495637050848,0.8000000000000002,0.7200000000000001,0.7958333333333333,0.8100000000000003,0.8465652137245973,0.8419714212055426,0.904297179877803
2024-11-22 12:00:00,0.81,1.2544495637050848,0.8000000000000002,0.7158333333333333,0.7983333333333335,0.8100000000000003,0.8428475471554961,0.8340610504347008,0.9002955545008553
2024-11-22 13:00:00,0.81,1.2544495637050848,0.8000000000000002,0.7200000000000001,0.8000000000000002,0.806666666666667,0.842377900229959,0.8228218767350991,0.8935832347752897
2024-11-22 14:00:00,0.81,1.2544495637050848,0.8041666666666667,0.7225,0.8010416666666668,0.8083333333333332,0.8373248661724605,0.8228218767350991,0.88472394477553
2024-11-22 15:00:00,0.81,1.2544495637050848,0.81,0.7333333333333334,0.8035416666666667,0.82,0.8368905498645918,0.8297686440169094,0.8766099114980863
2024-11-22 16:00:00,0.8041666666666667,1.2544495637050848,0.81,0.7425,0.8060416666666667,0.82,0.8475283925247914,0.8318380924005608,0.8755997454453568
2024-11-22 17:00:00,0.8091666666666667,1.2544495637050848,0.81,0.75,0.8085416666666667,0.82,0.8886739623561469,0.8811164245670743,0.8751162517635473
2024-11-22 18:00:00,0.8066666666666666,1.2544495637050848,0.81,0.7516666666666666,0.81,0.8158333333333334,0.8854702961534682,0.9014579431192786,0.8753335941584013
2024-11-22 20:00:00,1.49,1.2544495637050848,0.8041666666666667,0.77,0.8085416666666667,0.7983333333333333,0.8736505389200191,0.9489411619695325,0.8758262369200702
2024-11-22 21:00:00,1.49,1.2544495637050848,0.8091666666666667,0.7775,0.8083333333333333,0.8083333333333333,0.8756290687814063,0.9584705659052677,0.8764716403364079
2024-11-22 22:00:00,1.49,1.2544495637050848,0.8066666666666666,0.7799999999999999,0.8075,0.8033333333333332,0.8692627455043473,0.9584705659052677,0.877602317572265
2024-11-23 00:00:00,1.4808333333333332,1.2544495637050848,1.49,0.7833333333333333,1.0635416666666666,2.1758333333333333,1.4640005593608088,1.4461263087900382,1.0827299766886542
2024-11-23 01:00:00,1.4799999999999998,1.2544495637050848,1.49,0.79,1.23375,2.1708333333333334,1.4518759216669936,1.4611069756257875,1.2336277961596402
2024-11-23 02:00:00,1.4799999999999998,1.2544495637050848,1.49,0.79,1.4045833333333333,2.1733333333333333,1.462388535889816,1.4340792911917486,1.3721746553723018
2024-11-23 03:00:00,1.47,1.2544495637050848,1.4891666666666667,0.79,1.4897916666666666,1.83,1.467982288198334,1.4434531990847945,1.4847287160818785
2024-11-23 04:00:00,1.4708333333333332,1.2544495637050848,1.4808333333333332,0.79,1.4874999999999998,1.4716666666666665,1.4575140490444123,1.4293140820528638,1.563518480506331
2024-11-23 05:00:00,1.47,1.2544495637050848,1.4799999999999998,0.7933333333333333,1.4849999999999999,1.4699999999999995,1.451012734608136,1.4043364569244532,1.6106287486452873
2024-11-23 06:00:00,1.4708333333333332,1.2544495637050848,1.4799999999999998,0.8000000000000002,1.4825,1.4699999999999995,1.443822796755708,1.4156696566854914,1.6310464727975842
2024-11-23 07:00:00,1.4725,1.2544495637050848,1.47,0.8000000000000002,1.4777083333333332,1.4508333333333332,1.4376416909115084,1.425519626562284,1.6291957505572139
2024-11-23 08:00:00,1.4708333333333332,1.2544495637050848,1.4708333333333332,0.8000000000000002,1.4752083333333332,1.4608333333333332,1.4420731357898613,1.4178020818867065,1.615801456244259
2024-11-23 09:00:00,1.4725,1.2544495637050848,1.47,0.8000000000000002,1.472708333333333,1.4600000000000002,1.4441075281610531,1.3991521650235554,1.5961934049602582
2024-11-23 10:00:00,1.4749999999999999,1.2544495637050848,1.4708333333333332,0.8041666666666667,1.4704166666666665,1.4616666666666667,1.4486846354970044,1.4044093516324112,1.57553329228951
2024-11-23 11:00:00,1.4799999999999998,1.2544495637050848,1.4725,0.81,1.4710416666666666,1.4749999999999999,1.4403221278780207,1.4156024376708998,1.5565297633523383
2024-11-23 12:00:00,1.4791666666666667,1.2544495637050848,1.4708333333333332,0.81,1.4710416666666666,1.4708333333333332,1.4280887643230828,1.428918281030057,1.5399039602148683
2024-11-23 13:00:00,1.4733333333333334,1.2544495637050848,1.4725,0.81,1.4716666666666667,1.4749999999999999,1.4316803108273768,1.4301379541666421,1.5275019063818869
2024-11-23 14:00:00,1.4708333333333332,1.2544495637050848,1.4749999999999999,0.81,1.4727083333333333,1.4791666666666665,1.4339605818494474,1.4387404490840872,1.5193828224811725
2024-11-23 15:00:00,1.4649999999999999,1.2544495637050848,1.4799999999999998,0.81,1.4745833333333331,1.4874999999999996,1.4381020016876782,1.4387404490840872,1.5156802809388197
2024-11-23 16:00:00,1.4608333333333334,1.2544495637050848,1.4791666666666667,0.8041666666666667,1.4766666666666666,1.4875000000000003,1.4361839941512389,1.4361740244486763,1.5142840940935538
2024-11-23 17:00:00,1.4558333333333333,1.2544495637050848,1.4733333333333334,0.8091666666666667,1.4768749999999997,1.4741666666666668,1.4282001257459291,1.43331082507225,1.5129308168468147
2024-11-23 18:00:00,1.45,1.2544495637050848,1.4708333333333332,0.8066666666666666,1.475833333333333,1.4666666666666666,1.424054391741865,1.4404407358146707,1.5124499312737436
2024-11-23 19:00:00,1.45,1.2544495637050848,1.4649999999999999,1.1483333333333334,1.4720833333333334,1.45,1.4164113238886213,1.4400010415921523,1.5112987617549432
2024-11-23 20:00:00,1.4441666666666666,1.2544495637050848,1.4608333333333334,1.49,1.4674999999999998,1.4425000000000001,1.4103335116272286,1.4458104934946279,1.510028674897244
2024-11-24 22:00:00,1.3849999999999998,1.2544495637050848,1.39,1.4383333333333332,1.4049999999999998,1.3699999999999999,1.380739342177067,1.3705873135142081,1.4459397016694022
2024-11-24 23:00:00,1.39,1.2544495637050848,1.39,1.4316666666666666,1.4,1.3699999999999999,1.3788303874435965,1.3676485976589616,1.4410580879846047
2024-11-25 00:00:00,1.3816666666666666,1.2544495637050848,1.39,1.4291666666666665,1.3949999999999998,1.3699999999999999,1.374911216772204,1.3430122807655083,1.4372080434036107
2024-11-25 01:00:00,1.383333333333333,1.2544495637050848,1.39,1.4266666666666665,1.39,1.3699999999999999,1.3720626730543553,1.3430122807655083,1.4347541235700558
2024-11-25 02:00:00,1.3791666666666664,1.2544495637050848,1.3849999999999998,1.4225,1.38875,1.3799999999999997,1.3656359682686332,1.3458644659835353,1.4320731740806192
2024-11-25 03:00:00,1.3808333333333334,1.2544495637050848,1.39,1.42,1.3887499999999997,1.39,1.370927938089943,1.3494995028584023,1.4317613808907446
2024-11-25 04:00:00,1.3791666666666664,1.2544495637050848,1.3816666666666666,1.42,1.3866666666666665,1.3733333333333333,1.3631423959511981,1.3381570249521528,1.4299177171033879
2024-11-25 05:00:00,1.3766666666666667,1.2544495637050848,1.383333333333333,1.4191666666666665,1.3849999999999998,1.3766666666666663,1.3657957824696056,1.3381570249521528,1.4292362555487803
2024-11-25 06:00:00,1.3724999999999998,1.2544495637050848,1.3791666666666664,1.4191666666666665,1.3835416666666664,1.373333333333333,1.363964591151713,1.34721065652286,1.4280028167587084
2024-11-25 07:00:00,1.3658333333333335,1.2544495637050848,1.3808333333333334,1.4166666666666667,1.3812499999999996,1.3716666666666668,1.3675178301134643,1.339183635040395,1.4275051647723203
2024-11-25 08:00:00,1.3616666666666666,1.2544495637050848,1.3791666666666664,1.4183333333333332,1.3806249999999998,1.3766666666666663,1.3707004848116187,1.3524343283391986,1.4271654068609743
2024-11-25 09:00:00,1.3675,1.2544495637050848,1.3766666666666667,1.4191666666666665,1.3789583333333333,1.3700000000000003,1.3712660855278154,1.3444030799412092,1.4263783169024675
2024-11-25 10:00:00,1.37,1.2544495637050848,1.3724999999999998,1.4174999999999998,1.3772916666666666,1.3658333333333332,1.3717163176379819,1.348457882545354,1.4246898459346746
2024-11-25 11:00:00,1.3675,1.2544495637050848,1.3658333333333335,1.4116666666666664,1.3735416666666664,1.3508333333333336,1.3681564534262254,1.3484663310915792,1.4216846940395809
2024-11-25 12:00:00,1.3616666666666666,1.2544495637050848,1.3616666666666666,1.41,1.3691666666666666,1.3441666666666667,1.3655325023583154,1.350137596667542,1.4177634542998157
2024-11-25 13:00:00,1.3500000000000003,1.2544495637050848,1.3675,1.41,1.3668749999999998,1.3583333333333332,1.3712094652399014,1.352989781885569,1.415686499325678
2024-11-25 14:00:00,1.3391666666666666,1.2544495637050848,1.37,1.41,1.36625,1.3675000000000004,1.3743602528962244,1.352989781885569,1.414826403021776
2024-11-25 15:00:00,1.3358333333333334,1.2544495637050848,1.3675,1.41,1.3666666666666667,1.3691666666666664,1.371313801599634,1.352989781885569,1.4135818176717398
2024-11-25 16:00:00,1.3325,1.2544495637050848,1.3616666666666666,1.41,1.3666666666666667,1.3616666666666666,1.366754717790476,1.35063118941441,1.4114490677999518
2024-11-25 17:00:00,1.3316666666666668,1.2544495637050848,1.3500000000000003,1.41,1.3622916666666667,1.3325000000000007,1.3552448196283933,1.3377720698600108,1.406964072936849
2024-11-25 18:00:00,1.3291666666666668,1.2544495637050848,1.3391666666666666,1.39,1.3545833333333333,1.3083333333333331,1.3448613753371594,1.3102783134285647,1.4010964078555128
2024-11-25 19:00:00,1.3225,1.2544495637050848,1.3358333333333334,1.39,1.3466666666666667,1.304166666666667,1.340487066479244,1.3102783134285647,1.3956790555170382
2024-11-25 21:00:00,1.3108333333333333,1.2544495637050848,1.3316666666666668,1.39,1.3347916666666666,1.3133333333333332,1.335445633353569,1.3077289164688655,1.3877112212238665
2024-11-25 22:00:00,1.31,1.2544495637050848,1.3291666666666668,1.3849999999999998,1.3322916666666669,1.319166666666667,1.3299840539377428,1.3003615219400058,1.385297954767787
2024-11-25 23:00:00,1.3175000000000001,1.2544495637050848,1.3225,1.39,1.3289583333333335,1.3091666666666666,1.3233445533992358,1.2483033217887354,1.3817775668515975
2024-11-26 00:00:00,1.3175000000000001,1.2544495637050848,1.3183333333333334,1.3816666666666666,1.3254166666666667,1.3041666666666667,1.3197465982191467,1.2419076338643065,1.375515932455856
2024-11-26 01:00:00,1.3116666666666668,1.2544495637050848,1.3108333333333333,1.383333333333333,1.3202083333333334,1.2899999999999998,1.3114153022425985,1.2556836929081898,1.3706889648589073
2024-11-26 02:00:00,1.3166666666666667,1.2544495637050848,1.31,1.3791666666666664,1.3154166666666667,1.2908333333333333,1.3148343819595718,1.261701936152877,1.366754487932332
2024-11-26 03:00:00,1.31,1.2544495637050848,1.3175000000000001,1.3808333333333334,1.3141666666666667,1.3125000000000002,1.3189137968276599,1.288413526512592,1.3666381787021715
2024-12-01 13:00:00,1.1336363636363636,1.2544495637050848,1.1475,1.1336363636363636,1.1395454545454544,1.165,1.193103079515964,1.226239327376604,1.187414240049595
2024-12-01 14:00:00,1.13,1.2544495637050848,1.1481818181818182,1.1375,1.1436742424242423,1.1646969696969698,1.1860077989442783,1.214204682798301,1.1897354827007296
2024-12-03 05:00:00,1.17,1.2544495637050848,1.1633333333333333,1.14,1.1639583333333332,1.1591666666666667,1.1800259466162442,1.235200318559016,1.2144034771045058
2024-12-03 06:00:00,1.1733333333333331,1.2544495637050848,1.1683333333333332,1.14,1.1649999999999998,1.1724999999999999,1.1883677104619517,1.235200318559016,1.2161254188011064
2024-12-03 07:00:00,1.1741666666666666,1.2544495637050848,1.1708333333333332,1.1433333333333333,1.1664583333333332,1.1766666666666665,1.192488560926274,1.2355570692046893,1.218015081553888
2024-12-03 08:00:00,1.1733333333333331,1.2544495637050848,1.17,1.1466666666666665,1.1681249999999999,1.1766666666666665,1.194357933623944,1.2345603284997222,1.2195244106401322
2024-12-03 09:00:00,1.1708333333333332,1.2544495637050848,1.17,1.15,1.1697916666666666,1.1766666666666665,1.1957272268033252,1.2342054891639493,1.220175464958736
2024-12-03 10:00:00,1.175,1.2544495637050848,1.1733333333333331,1.1541666666666666,1.1710416666666665,1.178333333333333,1.2018387662451828,1.2303178181688617,1.2210332843423108
2024-12-03 11:00:00,1.1775,1.2544495637050848,1.1741666666666666,1.16,1.1718749999999998,1.1775,1.2044625082526146,1.2303178181688617,1.2223544052642494
2024-12-03 12:00:00,1.1791666666666665,1.2544495637050848,1.1733333333333331,1.16,1.172708333333333,1.1766666666666663,1.2038459186520183,1.2303178181688617,1.2231169614062323
2024-12-03 13:00:00,1.1791666666666665,1.2544495637050848,1.1708333333333332,1.1569999999999998,1.1729166666666664,1.1716666666666664,1.2034911338618977,1.2281271641675813,1.2231503286386611
2024-12-03 14:00:00,1.175,1.2544495637050848,1.175,1.16,1.1733333333333331,1.176666666666667,1.2085561035046086,1.2281271641675813,1.2239159430986288
2024-12-03 15:00:00,1.1775,1.2544495637050848,1.1775,1.1624999999999999,1.1741666666666666,1.1808333333333334,1.2107028950283474,1.2305948654842387,1.2250765411375109
2024-12-03 16:00:00,1.1791666666666665,1.2544495637050848,1.1791666666666665,1.1624999999999999,1.175625,1.1849999999999998,1.211700632379045,1.2342194527381671,1.226250541957409
2024-12-03 17:00:00,1.1791666666666665,1.2544495637050848,1.1791666666666665,1.1608333333333334,1.1777083333333331,1.1874999999999998,1.2104698658364144,1.2339801471987164,1.2272082198217813
2024-12-03 18:00:00,1.1791666666666665,1.2544495637050848,1.175,1.1658333333333333,1.1777083333333331,1.175,1.2065456212368069,1.2345280121656559,1.2267573067999245
2024-12-03 19:00:00,1.18,1.2544495637050848,1.1775,1.1616666666666666,1.1777083333333331,1.1775,1.206547167556993,1.2356748177037533,1.2268018205923181
2024-12-03 20:00:00,1.1758333333333333,1.2544495637050848,1.1791666666666665,1.1624999999999999,1.1777083333333331,1.1791666666666665,1.2059103623301555,1.2302823641060672,1.2270803966195125
2024-12-03 21:00:00,1.1766666666666665,1.2544495637050848,1.1791666666666665,1.1675,1.1777083333333334,1.1791666666666665,1.2041150354119516,1.2332210799613137,1.2276416316060337
2024-12-03 22:00:00,1.18,1.2544495637050848,1.1791666666666665,1.1641666666666666,1.1787499999999997,1.183333333333333,1.201123187303587,1.2310001575764142,1.228502793922634
2024-12-03 23:00:00,1.1724999999999999,1.2544495637050848,1.18,1.1649999999999998,1.1793749999999998,1.1824999999999999,1.200326949148727,1.2310001575764142,1.2296085440557292
2024-12-04 00:00:00,1.1741666666666666,1.2544495637050848,1.1758333333333333,1.1633333333333333,1.1785416666666664,1.1725,1.1959942869520017,1.2298533520383168,1.2297560108706376
2024-12-04 01:00:00,1.18,1.2544495637050848,1.1766666666666665,1.1633333333333333,1.1779166666666665,1.1741666666666666,1.194614349333927,1.2310001575764142,1.2299674332726411
2024-12-04 02:00:00,1.18,1.2544495637050848,1.18,1.1683333333333332,1.1781249999999999,1.1808333333333334,1.1964458023972186,1.2310001575764142,1.2309574796293898
2024-12-04 03:00:00,1.1763636363636363,1.2544495637050848,1.1724999999999999,1.1708333333333332,1.17625,1.1649999999999998,1.1884264460883347,1.230850092743284,1.2301828144111224
2024-12-04 04:00:00,1.1808333333333334,1.2544495637050848,1.1741666666666666,1.17,1.1758333333333333,1.1724999999999999,1.1894476161041294,1.2279113768880374,1.22988853280849
2024-12-04 05:00:00,1.19,1.2544495637050848,1.18,1.17,1.1766666666666665,1.1833333333333333,1.196959402797875,1.235444065492401,1.2309436059398517
2024-12-04 06:00:00,1.19,1.2544495637050848,1.18,1.1733333333333331,1.1766666666666665,1.18,1.1973111728834398,1.2348054753595938,1.2319242703498894
2024-12-04 07:00:00,1.1766666666666665,1.2544495637050848,1.1763636363636363,1.1741666666666666,1.1776325757575756,1.1802272727272727,1.1957551698745286,1.2308456027922798,1.2316200944934725
2024-12-04 08:00:00,1.19,1.2544495637050848,1.1808333333333334,1.1733333333333331,1.1792992424242423,1.1875000000000002,1.2021546619620582,1.2418018620629414,1.2320611805341906
2024-12-04 09:00:00,1.19,1.2544495637050848,1.19,1.1708333333333332,1.1817992424242423,1.2,1.2122360870262883,1.2441407629861538,1.2339676679170026
2024-12-04 12:00:00,1.21,1.2544495637050848,1.19,1.1791666666666665,1.1866666666666665,1.1991666666666665,1.2233350700979915,1.2355632817164885,1.236181000069092
2024-12-04 13:00:00,1.21,1.2544495637050848,1.19,1.1791666666666665,1.1866666666666665,1.19,1.2226815963147424,1.2455075909690683,1.2373812268713025
2024-12-04 16:00:00,1.21,1.2544495637050848,1.21,1.1791666666666665,1.2,1.23,1.2440873937862704,1.2395214673497572,1.2486601535292385
2024-12-04 17:00:00,1.2125,1.2544495637050848,1.21,1.1791666666666665,1.2049999999999998,1.23,1.2439271183363412,1.2456666497290652,1.2524843754403698
2024-12-04 18:00:00,1.259090909090909,1.2544495637050848,1.2044444444444444,1.1791666666666665,1.2069444444444444,1.2122222222222223,1.2337661206841204,1.2468802313642773,1.2511060986434037
2024-12-04 19:00:00,1.3325,1.2544495637050848,1.208181818181818,1.18,1.2081565656565656,1.2130303030303027,1.2282897372205863,1.2498586715019424,1.22617447211921
2024-12-04 20:00:00,1.38,1.2544495637050848,1.21,1.1758333333333333,1.2081565656565656,1.21,1.2185908724563308,1.2623954684441865,1.211879143509837
2024-12-04 21:00:00,1.4291666666666665,1.2544495637050848,1.2125,1.1766666666666665,1.2087815656565655,1.2149999999999999,1.2271017526980714,1.242264867508383,1.2043914961891815
2024-12-04 22:00:00,1.41,1.2544495637050848,1.259090909090909,1.18,1.2224431818181816,1.3137373737373736,1.2410804701674272,1.2930852624340987,1.2145987566588725
2024-12-04 23:00:00,1.39,1.2544495637050848,1.3325,1.1724999999999999,1.2535227272727272,1.456818181818182,1.3017853554667504,1.3011878483510184,1.2467583014904788
2024-12-05 00:00:00,1.391111111111111,1.2544495637050848,1.38,1.1741666666666666,1.2960227272727272,1.5499999999999998,1.3375777525623604,1.3575598787251972,1.2881623291433528
2024-12-05 01:00:00,1.4166666666666667,1.2544495637050848,1.4291666666666665,1.18,1.3501893939393939,1.645833333333333,1.3686071558457258,1.3413274745413801,1.3381428416480259
2024-12-05 02:00:00,1.41,1.2544495637050848,1.41,1.18,1.3879166666666665,1.5609090909090908,1.3702420872745131,1.331636311026677,1.3804594990728247
2024-12-05 03:00:00,1.41,1.2544495637050848,1.39,1.1763636363636363,1.4022916666666665,1.4474999999999998,1.3592230659418552,1.3566894178711513,1.4111740572229967
2024-12-05 04:00:00,1.39,1.2544495637050848,1.391111111111111,1.1808333333333334,1.4050694444444443,1.402222222222222,1.3667238723565123,1.3611744137568584,1.4318738607549004
2024-12-05 05:00:00,1.39,1.2544495637050848,1.4166666666666667,1.19,1.4019444444444442,1.404166666666667,1.3939914609462558,1.350723668611529,1.4500019138263247
2024-12-05 06:00:00,1.3875,1.2544495637050848,1.41,1.19,1.4019444444444442,1.41,1.3934801779316126,1.3512422478132542,1.4600343973742302
2024-12-05 07:00:00,1.3891666666666664,1.2544495637050848,1.41,1.1766666666666665,1.4069444444444443,1.43,1.405435568060061,1.3643550248334313,1.4661327765825227
2024-12-05 08:00:00,1.3816666666666666,1.2544495637050848,1.39,1.19,1.4066666666666665,1.3888888888888888,1.3924312907225302,1.3636488981815362,1.464622391833218
2024-12-05 09:00:00,1.3816666666666666,1.2544495637050848,1.39,1.19,1.4,1.363333333333333,1.4004791416434268,1.3612182861621756,1.461587960812646
2024-12-05 10:00:00,1.3758333333333332,1.2544495637050848,1.3875,1.1966666666666665,1.3943749999999997,1.365,1.399947571308426,1.3907858174576713,1.4571248450839587
2024-12-05 11:00:00,1.3741666666666668,1.2544495637050848,1.3891666666666664,1.2033333333333334,1.3891666666666667,1.368333333333333,1.4023519784625091,1.3911531107648878,1.4532342713211437
2024-12-05 12:00:00,1.3558333333333332,1.2544495637050848,1.3816666666666666,1.21,1.387083333333333,1.3733333333333333,1.3957071375092451,1.3871471320859605,1.4478249710009163
2024-12-05 13:00:00,1.3458333333333334,1.2544495637050848,1.3816666666666666,1.21,1.3849999999999998,1.3733333333333333,1.3915255945928826,1.390059767219565,1.4430606187129615
2024-12-05 16:00:00,1.3491666666666668,1.2544495637050848,1.3558333333333332,1.21,1.3718749999999997,1.3299999999999998,1.3659217411125937,1.3859961601283013,1.428400356698172
2024-12-05 17:00:00,1.3566666666666667,1.2544495637050848,1.3458333333333334,1.2125,1.3629166666666666,1.3100000000000003,1.3337100402257913,1.383030901701245,1.4110924089299965
2024-12-05 18:00:00,1.3625,1.2544495637050848,1.34,1.259090909090909,1.3539583333333334,1.304166666666667,1.3248765172094912,1.34380303983321,1.3912117378353837
2024-12-05 19:00:00,1.37,1.2544495637050848,1.3408333333333333,1.3325,1.345625,1.3074999999999999,1.316664929519783,1.329675449369965,1.3782197856938552
2024-12-05 20:00:00,1.37,1.2544495637050848,1.3491666666666668,1.38,1.3439583333333336,1.3425000000000005,1.3397087400295626,1.3556639908941825,1.3728664872640353
2024-12-05 21:00:00,1.3766666666666667,1.2544495637050848,1.3566666666666667,1.4291666666666665,1.3466666666666667,1.3675,1.3639956224545022,1.3669862775274366,1.3734903530840066
2024-12-05 22:00:00,1.4024999999999999,1.2544495637050848,1.3625,1.41,1.3522916666666667,1.385,1.3724360819811072,1.392036469641724,1.3761129202663305
2024-12-05 23:00:00,1.415,1.2544495637050848,1.37,1.39,1.3595833333333334,1.399166666666667,1.3693263057574798,1.4050301314874376,1.3811062686413587
2024-12-06 00:00:00,1.42,1.2544495637050848,1.37,1.391111111111111,1.3647916666666666,1.3908333333333334,1.3627923366203238,1.4354094695084507,1.3859975902864596
2024-12-06 01:00:00,1.42,1.2544495637050848,1.3766666666666667,1.4166666666666667,1.3697916666666667,1.3966666666666667,1.3697036149419728,1.4377970868981058,1.3937795243845663
2024-12-06 02:00:00,1.42,1.2544495637050848,1.4024999999999999,1.41,1.3797916666666667,1.4424999999999997,1.3927183533118164,1.4746812281078256,1.4068804271637438
2024-12-06 03:00:00,1.4216666666666666,1.2544495637050848,1.415,1.41,1.3910416666666667,1.46,1.3976924646984792,1.4821798787177747,1.420885101718551
2024-12-06 04:00:00,1.42,1.2544495637050848,1.42,1.39,1.4035416666666667,1.4699999999999998,1.4023338787015955,1.4821798787177747,1.4348277922922734
2024-12-06 05:00:00,1.4241666666666666,1.2544495637050848,1.42,1.39,1.414375,1.4633333333333332,1.4104434175935032,1.4518158660309983,1.4458158165043353
2024-12-06 06:00:00,1.4249999999999998,1.2544495637050848,1.42,1.3875,1.41875,1.4375,1.4138691146457472,1.4310373438253392,1.454404442775037
2024-12-10 05:00:00,1.1716666666666666,1.2544495637050848,1.1733333333333331,1.1424999999999998,1.1903219696969696,1.1016666666666663,1.127039792134347,1.1830366050940246,1.4908624082545159
2024-12-10 06:00:00,1.1466666666666665,1.2544495637050848,1.1458333333333333,1.132,1.1801136363636362,1.105,1.0992686320408778,1.1644680326428851,1.524756727039952
2024-12-10 07:00:00,1.1683333333333332,1.2544495637050848,1.1641666666666666,1.1358333333333333,1.1622916666666665,1.0928787878787878,1.0778047214345046,1.196709827418719,1.5362255333287065
2024-12-11 17:00:00,1.1766666666666665,1.2544495637050848,1.1666666666666667,1.14,1.1566666666666665,1.1666666666666667,1.1898278756918559,1.1864581999640111,1.2363576166390056
2024-12-11 19:00:00,1.1858333333333333,1.2544495637050848,1.1733333333333331,1.1433333333333333,1.1595833333333332,1.1799999999999995,1.2039091060214129,1.1986974006464948,1.2110278599225646
2024-12-11 20:00:00,1.1666666666666667,1.2544495637050848,1.1524999999999999,1.1424999999999998,1.1610416666666665,1.1583333333333332,1.1848236593711734,1.159859041878164,1.1928897935765201
2024-12-11 21:00:00,1.185,1.2544495637050848,1.1766666666666665,1.1558333333333333,1.1635416666666665,1.1866666666666663,1.2016018319072104,1.2048622207562936,1.1803937598570402
2024-12-11 22:00:00,1.1733333333333331,1.2544495637050848,1.1624999999999999,1.1408333333333334,1.1662499999999998,1.1733333333333331,1.1927263781825097,1.1676936871535892,1.1635840488297915
2024-12-11 23:00:00,1.2029999999999998,1.2544495637050848,1.1858333333333333,1.1583333333333332,1.169375,1.1983333333333335,1.1995720410177981,1.1799694918469994,1.1573766775852985
2024-12-12 00:00:00,1.1836363636363636,1.2544495637050848,1.1666666666666667,1.1458333333333333,1.1729166666666666,1.1808333333333336,1.18007605562325,1.1645218637266972,1.1495429538993895
2024-12-12 01:00:00,1.2129999999999999,1.2544495637050848,1.185,1.1658333333333333,1.175,1.1933333333333336,1.1845735542508615,1.1777368299843445,1.152008651620818
2024-12-12 02:00:00,1.1875,1.2544495637050848,1.1733333333333331,1.155,1.1777083333333334,1.1841666666666664,1.1712595988240837,1.1660588700833656,1.1547466690133605
2024-12-12 03:00:00,1.1044444444444443,1.2544495637050848,1.2029999999999998,1.1683333333333332,1.182,1.2201666666666664,1.191019714073171,1.1815864441095143,1.171866367218679
2024-12-12 04:00:00,1.8109090909090908,1.2544495637050848,1.1836363636363636,1.155,1.186242424242424,1.2006060606060605,1.1631424366682572,1.1928014068030182,1.1791140530109592
2024-12-12 05:00:00,1.7836363636363637,1.2544495637050848,1.2129999999999999,1.1683333333333332,1.1932424242424242,1.2409999999999997,1.1832283350219377,1.1990268309143362,1.1993048717030286
2024-12-12 06:00:00,1.7127272727272727,1.2544495637050848,1.1875,1.1475,1.1967840909090908,1.2016666666666669,1.1617640148344197,1.1984462692946682,1.2182018304192568
2024-12-12 07:00:00,1.6809999999999998,1.2544495637050848,1.1044444444444443,1.1666666666666667,1.172145202020202,1.0058888888888888,1.12962857431909,1.1190589773898738,1.1888483324434873
2024-12-12 08:00:00,1.6741666666666666,1.2544495637050848,1.8109090909090908,1.1483333333333332,1.3289633838383836,2.438181818181818,1.742809635387459,1.7668056633348692,1.3262785135991886
2024-12-12 09:00:00,1.6716666666666666,1.2544495637050848,1.7836363636363637,1.1666666666666667,1.4716224747474747,2.3542727272727273,1.7130306165479046,1.750911783715095,1.485323075084339
2024-12-12 10:00:00,1.6666666666666667,1.2544495637050848,1.7127272727272727,1.1466666666666665,1.6029292929292929,2.2379545454545453,1.6257086595241987,1.70201662414526,1.5913703081278654
2024-12-12 11:00:00,1.6566666666666665,1.2544495637050848,1.6809999999999998,1.1666666666666667,1.747068181818182,2.2575555555555553,1.679896522421117,1.6518178779506465,1.6905917894149884
2024-12-12 12:00:00,1.6624999999999999,1.2544495637050848,1.6741666666666666,1.1466666666666665,1.7128825757575759,1.5374242424242424,1.63745367401276,1.6140954561384062,1.710385016419405
2024-12-12 13:00:00,1.6624999999999999,1.2544495637050848,1.6716666666666666,1.1666666666666667,1.6848901515151513,1.5596969696969696,1.625692887186129,1.6166032524889515,1.7419292222389235
2024-12-12 14:00:00,1.6708333333333334,1.2544495637050848,1.6666666666666667,1.1516666666666666,1.6733749999999998,1.6206060606060608,1.6033247032860016,1.6997831265005257,1.7112533096364841
2024-12-12 15:00:00,1.6708333333333334,1.2544495637050848,1.6566666666666665,1.1733333333333331,1.6672916666666664,1.6323333333333332,1.5784397604630165,1.4847940111090123,1.7094329325342907
2024-12-12 16:00:00,1.6666666666666667,1.2544495637050848,1.6624999999999999,1.1524999999999999,1.664375,1.6508333333333332,1.6125544774108647,1.5746295944333475,1.6649309801263383
2024-12-12 17:00:00,1.66,1.2544495637050848,1.6624999999999999,1.1766666666666665,1.6620833333333334,1.653333333333333,1.588068798410473,1.5662897717675004,1.6569399833436578
2024-12-12 18:00:00,1.674,1.2544495637050848,1.6708333333333334,1.1624999999999999,1.663125,1.675,1.6187333215753825,1.6375186726863797,1.6157410143592141
2024-12-12 19:00:00,1.706,1.2544495637050848,1.6708333333333334,1.1858333333333333,1.6666666666666667,1.6850000000000003,1.6027093614916923,1.456186698376991,1.6039649066234118
2024-12-12 20:00:00,1.7036363636363634,1.2544495637050848,1.6666666666666667,1.1666666666666667,1.6677083333333333,1.6708333333333336,1.602178194058997,1.6933597094568986,1.5705086673088984
2024-12-12 21:00:00,1.7249999999999999,1.2544495637050848,1.66,1.185,1.6670833333333333,1.6575,1.5681835474279056,1.49298643453943,1.5622608339133277
2024-12-12 22:00:00,1.7033333333333331,1.2544495637050848,1.674,1.1733333333333331,1.667875,1.6771666666666665,1.5875702238402174,1.558502359484024,1.5457747715861112
2024-12-12 23:00:00,1.71,1.2544495637050848,1.706,1.2029999999999998,1.6766666666666667,1.7411666666666665,1.5739796329303295,1.4838694545596502,1.575989090340432
2024-12-13 00:00:00,1.684,1.2544495637050848,1.7036363636363634,1.1836363636363636,1.6859090909090908,1.74060606060606,1.618931917604483,1.77955550196128,1.5952211599806116
2024-12-13 01:00:00,1.6849999999999998,1.2544495637050848,1.7249999999999999,1.2129999999999999,1.702159090909091,1.7899999999999998,1.5825047301419914,1.551458872682124,1.6402456863028956
2024-12-13 02:00:00,1.6391666666666664,1.2544495637050848,1.7033333333333331,1.1875,1.709492424242424,1.7326666666666664,1.6280100812247067,1.6752651177863012,1.6560845236775128
2024-12-13 03:00:00,1.6383333333333334,1.2544495637050848,1.71,1.1044444444444443,1.710492424242424,1.714,1.613778428956382,1.5204859993667268,1.6884861762936436
2024-12-13 04:00:00,1.6208333333333333,1.2544495637050848,1.684,1.8109090909090908,1.7055833333333332,1.6643636363636365,1.6073672443208444,1.6807135272863192,1.687872898153193
2024-12-13 05:00:00,1.62,1.2544495637050848,1.6849999999999998,1.7836363636363637,1.6955833333333332,1.6449999999999998,1.5939856367715688,1.5191056149734383,1.7021520865023385
2024-12-13 06:00:00,1.6158333333333335,1.2544495637050848,1.6391666666666664,1.7127272727272727,1.6795416666666665,1.5749999999999997,1.562212801079089,1.6876864654931814,1.684230529405301
2024-12-13 07:00:00,1.6175,1.2544495637050848,1.6383333333333334,1.6809999999999998,1.661625,1.5666666666666669,1.5745959457941625,1.553250907152077,1.692501421794002
2024-12-13 08:00:00,1.6108333333333336,1.2544495637050848,1.6208333333333333,1.6741666666666666,1.6458333333333333,1.5576666666666668,1.588785657511469,1.669911636674216,1.6633293529697464
2024-12-13 09:00:00,1.61,1.2544495637050848,1.62,1.6716666666666666,1.6295833333333334,1.5550000000000004,1.5992078775355338,1.5905351466821067,1.6588132263959903
2024-12-13 10:00:00,1.6111111111111112,1.2544495637050848,1.6158333333333335,1.6666666666666667,1.6237500000000002,1.5925000000000005,1.6113255912597277,1.69012015646275,1.638106333362159
2024-12-13 11:00:00,1.6224999999999998,1.2544495637050848,1.6175,1.6566666666666665,1.6185416666666668,1.5966666666666665,1.5770909265475075,1.5260618921296873,1.6371233247591483
2024-12-13 12:00:00,1.64,1.2544495637050848,1.6108333333333336,1.6624999999999999,1.6160416666666668,1.6008333333333338,1.5928792112931147,1.5437998043045287,1.6149255456937222
2024-12-13 13:00:00,1.6775,1.2544495637050848,1.61,1.6624999999999999,1.6135416666666667,1.6,1.5668319162980469,1.4825960990337532,1.6097958511896557
2024-12-13 14:00:00,1.6616666666666664,1.2544495637050848,1.6111111111111112,1.6708333333333334,1.6123611111111111,1.6063888888888889,1.5978017769725144,1.5231058030342204,1.5895187579164671
2024-12-13 15:00:00,1.6833333333333333,1.2544495637050848,1.6224999999999998,1.6708333333333334,1.613611111111111,1.6274999999999997,1.5899937628092835,1.5089197661782914,1.5837991754534912
2024-12-13 16:00:00,1.6541666666666666,1.2544495637050848,1.64,1.6666666666666667,1.6209027777777776,1.6691666666666662,1.636389829016701,1.5910055984769758,1.5669895420485265
2024-12-13 17:00:00,1.6466666666666665,1.2544495637050848,1.6775,1.66,1.6377777777777778,1.7449999999999999,1.6480695588512753,1.594039033429399,1.5850390206693923
2024-12-13 18:00:00,1.6191666666666666,1.2544495637050848,1.6616666666666664,1.674,1.6504166666666664,1.7122222222222216,1.6117465099001071,1.6394892535848458,1.5822801384069438
2024-12-13 19:00:00,1.63,1.2544495637050848,1.6833333333333333,1.706,1.665625,1.7441666666666669,1.578162358815534,1.5139472802587737,1.5944547485985296
2024-12-13 20:00:00,1.6408333333333331,1.2544495637050848,1.6541666666666666,1.7036363636363634,1.6691666666666667,1.6683333333333332,1.5741263721829972,1.6609218380456032,1.579981028456352
2024-12-13 21:00:00,1.6499999999999997,1.2544495637050848,1.6466666666666665,1.7249999999999999,1.6614583333333333,1.615833333333333,1.5715138227488021,1.4744817881690346,1.581487935727339
2024-12-13 22:00:00,1.6575,1.2544495637050848,1.6191666666666666,1.7033333333333331,1.6508333333333334,1.5766666666666669,1.614834550598858,1.6416667705342058,1.5614488427261535
2024-12-13 23:00:00,1.6608333333333334,1.2544495637050848,1.63,1.71,1.6375,1.5766666666666664,1.6383772806263248,1.5239335975553048,1.575760363343943
2024-12-14 00:00:00,1.6674999999999998,1.2544495637050848,1.6408333333333331,1.684,1.6341666666666665,1.6274999999999997,1.5972547627231046,1.633979812764226,1.5588672083615271
2024-12-14 01:00:00,1.6616666666666664,1.2544495637050848,1.6499999999999997,1.6849999999999998,1.6349999999999998,1.6533333333333329,1.6272943699516542,1.5831614713426607,1.5723851394482402
2024-12-14 02:00:00,1.6683333333333332,1.2544495637050848,1.6575,1.6391666666666664,1.644583333333333,1.6958333333333333,1.6184752585152657,1.7864263852527607,1.5577333848357635
2024-12-14 03:00:00,1.6674999999999998,1.2544495637050848,1.6608333333333334,1.6383333333333334,1.6522916666666665,1.6916666666666669,1.5911070554808475,1.5437705708499008,1.566852719836147
2024-12-14 04:00:00,1.3245454545454545,1.2544495637050848,1.6674999999999998,1.6208333333333333,1.658958333333333,1.6941666666666664,1.6127360809691451,1.776592521357736,1.5528146366503595
2024-12-14 05:00:00,1.14,1.2544495637050848,1.6616666666666664,1.62,1.6618749999999998,1.6733333333333331,1.5825942598372773,1.5149387535434335,1.5517644795969767
2024-12-14 06:00:00,1.1449999999999998,1.2544495637050848,1.6683333333333332,1.6158333333333335,1.6645833333333333,1.6791666666666665,1.6664243901894387,1.793181059735014,1.5351372068109321
2024-12-14 07:00:00,1.1466666666666665,1.2544495637050848,1.6674999999999998,1.6175,1.6662499999999998,1.6741666666666661,1.665425347946715,1.5633357962414776,1.5188384315302526
2024-12-14 08:00:00,1.135,1.2544495637050848,1.3245454545454545,1.6108333333333336,1.5805113636363635,0.9815909090909092,1.3215979600234393,1.2880146547135272,1.4557339158547207
2024-12-14 09:00:00,1.1308333333333331,1.2544495637050848,1.14,1.61,1.450094696969697,0.6183333333333334,1.0716701594188236,1.1209947388243835,1.3530855452797468
2024-12-14 10:00:00,1.1375,1.2544495637050848,1.1449999999999998,1.6111111111111112,1.3192613636363635,0.6216666666666664,1.1304039182715675,1.172057858997942,1.2607619048577685
2024-12-14 11:00:00,1.15,1.2544495637050848,1.1466666666666665,1.6224999999999998,1.1890530303030302,0.6258333333333332,1.0584565841659903,1.1275467633212604,1.1825220645593715
2024-12-14 12:00:00,1.1558333333333333,1.2544495637050848,1.135,1.64,1.1416666666666666,0.9454545454545455,1.170653581748147,1.1461738645496244,1.1202673472980804
2024-12-14 13:00:00,1.1683333333333332,1.2544495637050848,1.1308333333333331,1.6775,1.1393749999999998,1.1216666666666664,1.173025527186175,1.1557808338605358,1.0801479179888762
2024-12-14 14:00:00,1.1708333333333332,1.2544495637050848,1.1375,1.6616666666666664,1.1375,1.1300000000000001,1.1740300208176073,1.162993633174109,1.0601133167305175
2024-12-14 15:00:00,1.1766666666666665,1.2544495637050848,1.15,1.6833333333333333,1.1383333333333332,1.1533333333333333,1.1734891070457822,1.1695717604203146,1.058873988996509
2024-12-14 16:00:00,1.1708333333333332,1.2544495637050848,1.1558333333333333,1.6541666666666666,1.1435416666666667,1.1766666666666665,1.1605480004533262,1.1755985270604246,1.0650919686197984
2024-12-14 17:00:00,1.1724999999999999,1.2544495637050848,1.1683333333333332,1.6466666666666665,1.1529166666666666,1.2058333333333333,1.1725293515231148,1.2119130104133697,1.081800889698843
2024-12-14 18:00:00,1.1741666666666666,1.2544495637050848,1.1708333333333332,1.6191666666666666,1.16125,1.2041666666666664,1.1770009655659681,1.187449318997298,1.1109754941843721
2024-12-14 19:00:00,1.1775,1.2544495637050848,1.1766666666666665,1.63,1.1679166666666665,1.2033333333333331,1.1929909467145379,1.1969854640592055,1.161962477921062
2024-12-14 20:00:00,1.17,1.2544495637050848,1.1708333333333332,1.6408333333333331,1.1716666666666664,1.185833333333333,1.2128449691978227,1.1837298171646775,1.2066967279505618
2024-12-14 21:00:00,1.1658333333333333,1.2544495637050848,1.1724999999999999,1.6499999999999997,1.1727083333333332,1.1766666666666665,1.2281364897770612,1.1836501381460376,1.2491485733152383
2024-12-14 22:00:00,1.16,1.2544495637050848,1.1741666666666666,1.6575,1.1735416666666665,1.1775,1.2136052506214048,1.1807817986791476,1.2776806868372061
2024-12-14 23:00:00,1.16,1.2544495637050848,1.1775,1.6608333333333334,1.1737499999999998,1.1783333333333335,1.2086520730219505,1.2157799890778433,1.282165117645046
2024-12-15 00:00:00,1.16,1.2544495637050848,1.17,1.6674999999999998,1.1735416666666665,1.1691666666666667,1.2427582278466356,1.206049469704705,1.2921566373263405
2024-12-15 01:00:00,1.1624999999999999,1.2544495637050848,1.1658333333333333,1.6616666666666664,1.171875,1.1591666666666667,1.2276882998071132,1.1970868658476908,1.3063989602654635
2024-12-15 02:00:00,1.1683333333333332,1.2544495637050848,1.16,1.6683333333333332,1.1683333333333334,1.1458333333333333,1.266132114837044,1.2117316104676041,1.3203333400799924
2024-12-15 03:00:00,1.17,1.2544495637050848,1.16,1.6674999999999998,1.1639583333333332,1.1424999999999998,1.274031274055511,1.2099431082627843,1.3333703027965313
2024-12-15 04:00:00,1.17,1.2544495637050848,1.16,1.3245454545454545,1.1614583333333333,1.15,1.2846849262689157,1.2251326471083825,1.3456625883704738
2024-12-15 05:00:00,1.17,1.2544495637050848,1.1624999999999999,1.14,1.1606249999999998,1.1591666666666665,1.264475129113226,1.244298494060822,1.3563338101679414
2024-12-15 06:00:00,1.17,1.2544495637050848,1.1683333333333332,1.1449999999999998,1.1627083333333332,1.1766666666666665,1.2631119314224024,1.25554609239733,1.367132291112415
2024-12-15 07:00:00,1.175,1.2544495637050848,1.17,1.1466666666666665,1.1652083333333332,1.18,1.1766065310256708,1.260190396349957,1.3663887110314306
2024-12-15 08:00:00,1.1758333333333333,1.2544495637050848,1.17,1.135,1.1677083333333331,1.18,1.160898930190442,1.2569487215562332,1.330726777597561
2024-12-15 09:00:00,1.1783333333333332,1.2544495637050848,1.17,1.1308333333333331,1.1695833333333332,1.1775,1.132279624219492,1.2270654685328937,1.2826987915459718
2024-12-15 10:00:00,1.1724999999999999,1.2544495637050848,1.17,1.1375,1.17,1.1716666666666666,1.162285235669379,1.2271993448118126,1.2321163855024835
2024-12-15 11:00:00,1.1766666666666665,1.2544495637050848,1.175,1.15,1.17125,1.1800000000000002,1.21937375161437,1.2245607031006431,1.1893559511311254
2024-12-15 12:00:00,1.1733333333333331,1.2544495637050848,1.1758333333333333,1.1558333333333333,1.1727083333333332,1.1816666666666666,1.231671852428925,1.2325112388298247,1.1593698832899524
2024-12-15 13:00:00,1.1783333333333332,1.2544495637050848,1.1783333333333332,1.1683333333333332,1.1747916666666667,1.1866666666666665,1.1894918336563496,1.2344171116053249,1.1427853027600399
2024-12-15 14:00:00,1.1741666666666666,1.2544495637050848,1.1724999999999999,1.1708333333333332,1.1754166666666666,1.1749999999999998,1.159830627214101,1.2310247016469713,1.1368494749638223
2024-12-15 15:00:00,1.1716666666666666,1.2544495637050848,1.1766666666666665,1.1766666666666665,1.1758333333333333,1.178333333333333,1.1590105208217363,1.2343924295699682,1.141155835077631
2024-12-15 16:00:00,1.17,1.2544495637050848,1.1733333333333331,1.1708333333333332,1.1752083333333332,1.170833333333333,1.1513271029534253,1.2346795572845188,1.151078571065773
2024-12-15 17:00:00,1.17,1.2544495637050848,1.1783333333333332,1.1724999999999999,1.1752083333333332,1.1783333333333332,1.148292892184622,1.237107198439972,1.1645603301681995
2024-12-15 18:00:00,1.17,1.2544495637050848,1.1741666666666666,1.1741666666666666,1.175625,1.1758333333333333,1.1364786894652819,1.2406795001358828,1.1777322262882104
2024-12-15 19:00:00,1.17,1.2544495637050848,1.1716666666666666,1.1775,1.174375,1.1666666666666667,1.1610751542187503,1.2406795001358828,1.189527858615817
2024-12-15 20:00:00,1.17,1.2544495637050848,1.17,1.17,1.1735416666666667,1.1666666666666667,1.177112554628636,1.242523562468187,1.1990910637095005
2024-12-15 21:00:00,1.17,1.2544495637050848,1.17,1.1658333333333333,1.1714583333333333,1.1616666666666666,1.1718085327792094,1.2434235890745264,1.2059595284213118
2024-12-15 22:00:00,1.17,1.2544495637050848,1.17,1.16,1.1704166666666667,1.1658333333333333,1.1672405382035747,1.2403026400832875,1.2088074486181857
2024-12-15 23:00:00,1.17,1.2544495637050848,1.17,1.16,1.17,1.1683333333333332,1.1794133557825224,1.2438823247100215,1.2155867874236501
2024-12-16 00:00:00,1.17,1.2544495637050848,1.17,1.16,1.17,1.17,1.174910736973492,1.241859463896444,1.220254701786117
2024-12-16 01:00:00,1.17,1.2544495637050848,1.17,1.1624999999999999,1.17,1.17,1.170206715300454,1.2387016093355774,1.224446688052043
2024-12-16 02:00:00,1.17,1.2544495637050848,1.17,1.1683333333333332,1.17,1.17,1.1664382091727654,1.241155347078017,1.2279445448066328
2024-12-16 03:00:00,1.17,1.2544495637050848,1.17,1.17,1.17,1.17,1.1611715524868729,1.241859463896444,1.2302049988598542
2024-12-16 04:00:00,1.17,1.2544495637050848,1.17,1.17,1.17,1.17,1.1570158183394754,1.241859463896444,1.2318878706735703
2024-12-16 05:00:00,1.17,1.2544495637050848,1.17,1.17,1.17,1.17,1.155490775762978,1.243768014368317,1.2333427257346947
2024-12-16 06:00:00,1.17,1.2544495637050848,1.17,1.17,1.17,1.17,1.1584517825068186,1.243768014368317,1.2347470680945865
2024-12-16 07:00:00,1.17,1.2544495637050848,1.17,1.175,1.17,1.17,1.1821202695218924,1.24306389754989,1.2350777752476325
2024-12-16 08:00:00,1.17,1.2544495637050848,1.17,1.1758333333333333,1.17,1.17,1.1971405952609133,1.2534345690189255,1.235131546791083
2024-12-16 09:00:00,1.17,1.2544495637050848,1.17,1.1783333333333332,1.17,1.17,1.1983124743343754,1.2401211905057208,1.2350498519247126
2024-12-16 10:00:00,1.17,1.2544495637050848,1.17,1.1724999999999999,1.17,1.17,1.199928767460574,1.2390648875302497,1.2350079979892465
2024-12-16 11:00:00,1.17,1.2544495637050848,1.17,1.1766666666666665,1.17,1.17,1.2077601642379083,1.2422671275564459,1.2333064864777623
2024-12-16 12:00:00,1.17,1.2544495637050848,1.17,1.1733333333333331,1.17,1.17,1.2103757664974297,1.2246052345324467,1.2335192388082297
2024-12-16 13:00:00,1.1708333333333332,1.2544495637050848,1.17,1.1783333333333332,1.17,1.17,1.2146938271886059,1.237477285684242,1.2345317490539323
2024-12-16 14:00:00,1.17,1.2544495637050848,1.17,1.1741666666666666,1.17,1.17,1.2178061257042851,1.237477285684242,1.235738941162416
2024-12-16 15:00:00,1.17,1.2544495637050848,1.17,1.1716666666666666,1.17,1.17,1.2146387676213557,1.234073237562034,1.2366475565685595
2024-12-16 16:00:00,1.17,1.2544495637050848,1.17,1.17,1.17,1.17,1.210505725293026,1.2543995130951655,1.2368841492898148
2024-12-16 17:00:00,1.17,1.2544495637050848,1.1708333333333332,1.17,1.170208333333333,1.1716666666666664,1.2085197358062942,1.2443520716923895,1.2368756677615966
2024-12-16 18:00:00,1.175,1.2544495637050848,1.17,1.17,1.170208333333333,1.17,1.2050197690321847,1.2465430223442737,1.2335060533696085
2024-12-16 19:00:00,1.1766666666666665,1.2544495637050848,1.17,1.17,1.170208333333333,1.17,1.1953513999520253,1.2444507145135073,1.229221338229659
2024-12-16 20:00:00,1.1483333333333332,1.2544495637050848,1.17,1.17,1.170208333333333,1.17,1.194513027346155,1.2444507145135073,1.2251685856417314
2024-12-16 21:00:00,1.14,1.2544495637050848,1.17,1.17,1.17,1.1691666666666667,1.1969876885052908,1.2456429957379342,1.2215106820874264
2024-12-16 22:00:00,1.1349999999999998,1.2544495637050848,1.175,1.17,1.17125,1.1800000000000002,1.181728076416042,1.2338950101898778,1.215568499613569
2024-12-16 23:00:00,1.13,1.2544495637050848,1.1766666666666665,1.17,1.1729166666666666,1.1833333333333331,1.1489637261741725,1.2347792070187857,1.2043126526480388
2024-12-18 22:00:00,1.16,1.2544495637050848,1.16,1.1541666666666666,1.16,1.153333333333333,1.1761841090425755,1.225054230103177,1.172139804650681
2024-12-18 23:00:00,1.16,1.2544495637050848,1.16,1.15,1.16,1.16,1.1920532300193423,1.2212819703021924,1.1752479975402113
2024-12-19 00:00:00,1.1575,1.2544495637050848,1.16,1.1416666666666666,1.16,1.16,1.186796306441672,1.2179056141901201,1.1780585658940836
2024-12-19 01:00:00,1.1591666666666665,1.2544495637050848,1.16,1.1483333333333332,1.16,1.16,1.1849281311080964,1.2222462141974144,1.1814844357426064
2024-12-19 02:00:00,1.16,1.2544495637050848,1.16,1.15,1.16,1.16,1.1798519238040905,1.220429102318466,1.1849416442945395
2024-12-19 03:00:00,1.16,1.2544495637050848,1.16,1.15,1.16,1.16,1.174524815549383,1.2420716844603295,1.1886223584506663
2024-12-19 04:00:00,1.16,1.2544495637050848,1.1575,1.15,1.1593749999999998,1.155,1.1779492603211463,1.2317460869311785,1.1917339046228599
2024-12-19 05:00:00,1.16,1.2544495637050848,1.1591666666666665,1.15,1.1591666666666665,1.158333333333333,1.1896881282121612,1.229139267618473,1.19532693664712
2024-12-19 06:00:00,1.16,1.2544495637050848,1.16,1.1508333333333332,1.1591666666666667,1.16,1.1937029124989476,1.2380868952115525,1.1992448127545838
2024-12-19 07:00:00,1.16,1.2544495637050848,1.16,1.16,1.1591666666666665,1.16,1.1945506306461136,1.232510399647346,1.2023001500436132
2024-12-19 08:00:00,1.16,1.2544495637050848,1.16,1.16,1.1597916666666666,1.1624999999999999,1.1961917294782243,1.2472130431883304,1.203325090204374
2024-12-19 09:00:00,1.16,1.2544495637050848,1.16,1.16,1.16,1.1608333333333334,1.1985963082765978,1.2435676795971746,1.2061162322880015
2024-12-19 10:00:00,1.1649999999999998,1.2544495637050848,1.16,1.16,1.16,1.16,1.2026128802377138,1.2421337463445266,1.209154699667335
2024-12-19 11:00:00,1.1641666666666666,1.2544495637050848,1.16,1.17,1.16,1.16,1.2050742680000346,1.2336576268057926,1.2111721700979288
2024-12-19 12:00:00,1.17,1.2544495637050848,1.16,1.17,1.16,1.16,1.2038030993275808,1.2423911993057113,1.2116567401420744
2024-12-19 13:00:00,1.17,1.2544495637050848,1.16,1.17,1.16,1.16,1.207042771865634,1.242956838279237,1.213139656952525
2024-12-19 14:00:00,1.17,1.2544495637050848,1.1649999999999998,1.1666666666666667,1.16125,1.1699999999999997,1.2137182279088194,1.2486526209555218,1.2160566092338594
2024-12-19 15:00:00,1.17,1.2544495637050848,1.1641666666666666,1.16,1.1622916666666665,1.1683333333333332,1.2109119843389613,1.2376061715670452,1.2182495163756515
2024-12-19 16:00:00,1.1608333333333334,1.2544495637050848,1.17,1.16,1.1647916666666664,1.18,1.2137404457060483,1.2462401170176483,1.2217613632532052
2024-12-19 17:00:00,1.16,1.2544495637050848,1.17,1.16,1.1672916666666664,1.18,1.205430081743741,1.2556687463294383,1.225276873902558
2024-12-19 18:00:00,1.16,1.2544495637050848,1.17,1.16,1.1685416666666666,1.175,1.199945412567666,1.2564376909300015,1.226085607541219
2024-12-19 19:00:00,1.16,1.2544495637050848,1.17,1.16,1.17,1.1758333333333333,1.1709942319054587,1.239775569207677,1.2181906243488745
2024-12-19 20:00:00,1.16,1.2544495637050848,1.1608333333333334,1.16,1.1677083333333333,1.1516666666666668,1.1528199628241453,1.2289495339682939,1.2048329392924055
2024-12-19 21:00:00,1.16,1.2544495637050848,1.16,1.16,1.1652083333333332,1.15,1.1517355437287586,1.233538673466047,1.1943795411479519
2024-12-19 22:00:00,1.1566666666666665,1.2544495637050848,1.16,1.16,1.1627083333333332,1.15,1.1646836406772627,1.228486383061531,1.1858804133705596
2024-12-19 23:00:00,1.15,1.2544495637050848,1.16,1.16,1.1602083333333333,1.15,1.1748119798214303,1.2141800767553013,1.1788290084601083
2024-12-20 00:00:00,1.15,1.2544495637050848,1.16,1.1575,1.16,1.1591666666666665,1.1670730637673543,1.2274474485286773,1.1736406315094312
2024-12-25 21:00:00,1.14,1.2544495637050848,1.1458333333333333,1.1449999999999998,1.1475,1.1516666666666666,1.1751716900074107,1.2355263181833558,1.160698590496435
2024-12-25 22:00:00,1.14,1.2544495637050848,1.15,1.1441666666666666,1.14875,1.155,1.173132664333945,1.217403027677252,1.1639886472222687
2024-12-25 23:00:00,1.14,1.2544495637050848,1.1583333333333332,1.1491666666666667,1.1510416666666665,1.1674999999999998,1.158927736860703,1.2439399295157754,1.1615440213635033
2024-12-26 00:00:00,1.14,1.2544495637050848,1.1466666666666665,1.15,1.1502083333333333,1.143333333333333,1.1479118860947484,1.2226699431309593,1.1577488505623912
2024-12-26 01:00:00,1.14,1.2544495637050848,1.14,1.15,1.14875,1.1341666666666665,1.1435624894404646,1.2426925202549486,1.1538689679754754
2024-12-26 02:00:00,1.1441666666666666,1.2544495637050848,1.14,1.1458333333333333,1.1462499999999998,1.13,1.1435824380742519,1.2239845611089932,1.1512067306312719
2024-12-26 03:00:00,1.14,1.2544495637050848,1.14,1.1491666666666667,1.1416666666666666,1.1216666666666666,1.1609305777544505,1.2012969991108917,1.150916433639212
2024-12-26 04:00:00,1.1466666666666665,1.2544495637050848,1.14,1.15,1.14,1.1333333333333333,1.1601041461289145,1.200517020196825,1.1526541999320854
2024-12-26 05:00:00,1.1449999999999998,1.2544495637050848,1.14,1.1449999999999998,1.14,1.14,1.1646101729581433,1.2161976484268326,1.155545992243806
2024-12-26 06:00:00,1.1466666666666665,1.2544495637050848,1.1441666666666666,1.13,1.1410416666666665,1.1483333333333332,1.1708975645690676,1.2129107586148744,1.1599642008938615
2024-12-26 07:00:00,1.15,1.2544495637050848,1.14,1.133333333333333,1.1410416666666667,1.14,1.1656265708525126,1.2190951342851566,1.163333867034039
2024-12-26 08:00:00,1.1483333333333332,1.2544495637050848,1.1466666666666665,1.1366666666666665,1.1427083333333332,1.153333333333333,1.166143451509713,1.2190951342851566,1.1668887295939074
2024-12-26 09:00:00,1.1516666666666666,1.2544495637050848,1.1449999999999998,1.1391666666666664,1.1439583333333332,1.1499999999999997,1.1653301464843224,1.2155824403885171,1.1687419046984484
2024-12-26 10:00:00,1.15,1.2544495637050848,1.1466666666666665,1.1466666666666665,1.144583333333333,1.1491666666666664,1.1684423631921725,1.2049244127535208,1.1707062866616895
2024-12-26 11:00:00,1.1575,1.2544495637050848,1.15,1.1466666666666665,1.1470833333333332,1.16,1.1800714626311837,1.2211212035936252,1.172671817434732
2024-12-26 12:00:00,1.1641666666666666,1.2544495637050848,1.1483333333333332,1.14,1.1475,1.15,1.1832793480761865,1.2113171391162525,1.1734046649412657
2024-12-26 13:00:00,1.1624999999999999,1.2544495637050848,1.1516666666666666,1.14,1.1491666666666667,1.1583333333333334,1.1841608092782274,1.2113171391162525,1.1742853621993086
2024-12-26 14:00:00,1.1591666666666665,1.2544495637050848,1.15,1.1449999999999998,1.15,1.1533333333333333,1.1849918031872964,1.2166888457808545,1.1753645758609557
2024-12-26 15:00:00,1.1624999999999999,1.2544495637050848,1.1575,1.1491666666666667,1.151875,1.165,1.195614529332456,1.2507977417168434,1.1782785163976757
2024-12-26 16:00:00,1.16,1.2544495637050848,1.1641666666666666,1.15,1.1558333333333333,1.18,1.1987215880125066,1.2518178400818103,1.1786643612463685
2024-12-26 17:00:00,1.16,1.2544495637050848,1.1624999999999999,1.1458333333333333,1.1585416666666666,1.1733333333333331,1.1935547969445144,1.2518178400818103,1.179193445082908
2024-12-26 18:00:00,1.1733333333333331,1.2544495637050848,1.1591666666666665,1.15,1.1608333333333332,1.168333333333333,1.1890084299537051,1.2505370044644546,1.1794402994700917
2024-12-26 19:00:00,1.1733333333333331,1.2544495637050848,1.1624999999999999,1.1583333333333332,1.1620833333333331,1.1674999999999998,1.1920318509513708,1.2497779372270519,1.181712091551578
2024-12-26 20:00:00,1.1583333333333332,1.2544495637050848,1.16,1.1466666666666665,1.1610416666666665,1.1558333333333333,1.1890948047736754,1.2470404761485132,1.1835637711334495
2024-12-26 21:00:00,1.1541666666666666,1.2544495637050848,1.16,1.14,1.1604166666666667,1.1575,1.1850728563310269,1.2470404761485132,1.185432232653095
2024-12-26 22:00:00,1.15,1.2544495637050848,1.1733333333333331,1.14,1.1639583333333332,1.1874999999999998,1.1904174677629578,1.2434721314351043,1.1785587535417452
2024-12-26 23:00:00,1.1475,1.2544495637050848,1.1733333333333331,1.14,1.1666666666666665,1.1841666666666664,1.177432466538143,1.2447630269690597,1.156412174134764
2024-12-27 00:00:00,1.14,1.2544495637050848,1.1583333333333332,1.14,1.1662499999999998,1.1566666666666665,1.1671848402545397,1.223474321794189,1.1526550900009405
2024-12-27 01:00:00,1.14,1.2544495637050848,1.1541666666666666,1.14,1.1647916666666664,1.1483333333333332,1.1716682666627645,1.1978338967353208,1.1496438628684287
2024-12-27 02:00:00,1.1424999999999998,1.2544495637050848,1.15,1.1441666666666666,1.158958333333333,1.1266666666666667,1.1587986232826977,1.1763555067469673,1.1502016462507267
2024-12-27 03:00:00,1.1408333333333334,1.2544495637050848,1.1475,1.14,1.1524999999999999,1.1216666666666668,1.1646850713220054,1.1917971307027282,1.152987841207462
2024-12-27 04:00:00,1.14,1.2544495637050848,1.14,1.1466666666666665,1.1479166666666667,1.1216666666666666,1.1611616474237207,1.2065866706920065,1.1572636802392502
2024-12-27 05:00:00,1.14,1.2544495637050848,1.14,1.1449999999999998,1.144375,1.1258333333333332,1.1679571594879334,1.21407534314334,1.1626689855992671
2024-12-27 06:00:00,1.14,1.2544495637050848,1.1424999999999998,1.1466666666666665,1.1424999999999998,1.1349999999999998,1.1721214518658993,1.2477751920230729,1.1691024239833216
2024-12-27 07:00:00,1.14,1.2544495637050848,1.1408333333333334,1.15,1.1408333333333331,1.1341666666666668,1.1699592743379066,1.2334304187945737,1.167190100698467
2024-12-27 08:00:00,1.1466666666666665,1.2544495637050848,1.14,1.1483333333333332,1.1408333333333334,1.14,1.1659931244455208,1.2321728291932814,1.1603657047446216
2024-12-27 09:00:00,1.15,1.2544495637050848,1.14,1.1516666666666666,1.1408333333333331,1.14,1.168873035481354,1.2450016586676957,1.1599667779536862
2024-12-27 10:00:00,1.15,1.2544495637050848,1.14,1.15,1.1402083333333333,1.1375,1.1710110182927231,1.2281300085769473,1.1583766181958322
2024-12-27 11:00:00,1.15,1.2544495637050848,1.14,1.1575,1.14,1.1391666666666664,1.1760293892244715,1.208273200431382,1.1601816157361804
2024-12-27 12:00:00,1.15,1.2544495637050848,1.1466666666666665,1.1641666666666666,1.1416666666666666,1.153333333333333,1.1855381785030301,1.2092385977458426,1.1622289500467908
2024-12-27 13:00:00,1.1458333333333333,1.2544495637050848,1.15,1.1624999999999999,1.1441666666666666,1.16,1.1881301339499042,1.2227781428200162,1.16496250674542
2024-12-27 14:00:00,1.1483333333333332,1.2544495637050848,1.15,1.1591666666666665,1.1466666666666665,1.16,1.188313929002917,1.2231660618500555,1.1658922147135022
2024-12-27 15:00:00,1.1458333333333333,1.2544495637050848,1.15,1.1624999999999999,1.1491666666666664,1.16,1.187945722797683,1.2337429063107608,1.1664157614937918
2024-12-27 16:00:00,1.1408333333333334,1.2544495637050848,1.15,1.16,1.15,1.1533333333333333,1.1858273906224346,1.2295127460539257,1.1673850050784618
2024-12-27 17:00:00,1.15,1.2544495637050848,1.1458333333333333,1.16,1.1489583333333333,1.1416666666666666,1.1801269343064047,1.2295127460539257,1.1679250491814845
2024-12-27 18:00:00,1.1491666666666667,1.2544495637050848,1.1483333333333332,1.1733333333333331,1.1485416666666666,1.1466666666666665,1.1810109328284637,1.2343285837677695,1.1672047143871116
2024-12-27 19:00:00,1.14,1.2544495637050848,1.1458333333333333,1.1733333333333331,1.1475,1.1416666666666666,1.177698609445957,1.2343285837677695,1.1670400102503635
2024-12-27 20:00:00,1.14,1.2544495637050848,1.1408333333333334,1.1583333333333332,1.1452083333333332,1.1316666666666668,1.164814520865102,1.2174994887254305,1.12810270622677
2024-12-27 21:00:00,1.14,1.2544495637050848,1.15,1.1541666666666666,1.14625,1.1541666666666666,1.1699600950650852,1.230161529037945,1.129671587129204
2024-12-27 22:00:00,1.14,1.2544495637050848,1.1491666666666667,1.15,1.1464583333333334,1.1500000000000001,1.181329037333833,1.2147028565892255,1.125637712280715
2024-12-27 23:00:00,1.135,1.2544495637050848,1.14,1.1475,1.145,1.1341666666666665,1.150671766276856,1.1933911387290654,1.123640304623094
2024-12-28 00:00:00,1.14,1.2544495637050848,1.14,1.14,1.1447916666666667,1.1391666666666664,1.165322304205402,1.222491457187789,1.1263725365680783
2024-12-28 01:00:00,1.13,1.2544495637050848,1.14,1.14,1.1422916666666665,1.13,1.1595590069351067,1.2143400320524538,1.1202821265809304
2024-12-28 02:00:00,1.13,1.2544495637050848,1.14,1.1424999999999998,1.14,1.1308333333333331,1.1550821579123518,1.1973007497048969,1.1052021246534889
2024-12-28 03:00:00,1.13,1.2544495637050848,1.135,1.1408333333333334,1.13875,1.1300000000000001,1.1521547493570403,1.1971129326774932,1.1086253812184546
2024-12-28 05:00:00,1.13,1.2544495637050848,1.13,1.14,1.13625,1.1199999999999999,1.154515446568703,1.2077714666063528,1.1259986041525512
2024-12-28 06:00:00,1.13,1.2544495637050848,1.13,1.14,1.13375,1.1199999999999999,1.1639009122020212,1.225435781941531,1.136264782523114
2024-12-28 07:00:00,1.1341666666666665,1.2544495637050848,1.13,1.14,1.1324999999999998,1.1249999999999998,1.1530286237530851,1.1988397254742609,1.1300092544137041
2024-12-28 09:00:00,1.1366666666666665,1.2544495637050848,1.13,1.15,1.13,1.13,1.1465411570164419,1.180598739802983,1.0838074360866858
2024-12-28 10:00:00,1.14,1.2544495637050848,1.13,1.15,1.13,1.13,1.1506759311690569,1.1670666988010738,1.0574057065739788
2024-12-28 11:00:00,1.1424999999999998,1.2544495637050848,1.1341666666666665,1.15,1.1310416666666665,1.1383333333333332,1.1592101201767735,1.1727864272586948,1.0344864128554647
2024-12-28 12:00:00,1.1433333333333333,1.2544495637050848,1.1308333333333331,1.15,1.1312499999999999,1.1316666666666664,1.1634444678940181,1.1654276632441747,1.0148516388065343
2024-12-28 13:00:00,1.15,1.2544495637050848,1.1366666666666665,1.1458333333333333,1.1329166666666666,1.143333333333333,1.1700520362534554,1.1666304550508038,1.0011883574058533
2024-12-28 14:00:00,1.1491666666666667,1.2544495637050848,1.14,1.1483333333333332,1.1354166666666665,1.15,1.1744264504000916,1.1709624063090185,0.9946890539265203
2024-12-28 15:00:00,1.1441666666666666,1.2544495637050848,1.1424999999999998,1.1458333333333333,1.1374999999999997,1.1508333333333332,1.17493574011769,1.1765533922326834,0.9951505235789844
2024-12-28 16:00:00,1.1408333333333334,1.2544495637050848,1.1433333333333333,1.1408333333333334,1.1406249999999998,1.1558333333333335,1.170668322614301,1.177543908949513,1.0010640168567213
2024-12-28 17:00:00,1.1458333333333333,1.2544495637050848,1.15,1.15,1.1439583333333332,1.1633333333333333,1.17642578377953,1.177543908949513,1.012487905717206
2024-12-28 18:00:00,1.14,1.2544495637050848,1.1491666666666667,1.1491666666666667,1.14625,1.1583333333333334,1.1718427690496442,1.177543908949513,1.0264956023662655
2024-12-28 19:00:00,1.1383333333333332,1.2544495637050848,1.1441666666666666,1.14,1.1466666666666665,1.1458333333333333,1.1705719087212132,1.1646060104780422,1.0406093000061865
2024-12-28 20:00:00,1.1308333333333331,1.2544495637050848,1.1408333333333334,1.14,1.1460416666666666,1.1383333333333334,1.1617511597109138,1.1542459416814193,1.0538507301680937
2024-12-28 21:00:00,1.1366666666666665,1.2544495637050848,1.1458333333333333,1.14,1.145,1.1416666666666666,1.1696467031456168,1.1684577669662344,1.0650694271085606
2024-12-28 22:00:00,1.1363636363636362,1.2544495637050848,1.14,1.14,1.1427083333333332,1.1308333333333331,1.1584574506648257,1.1684577669662344,1.0728106457313649
2024-12-28 23:00:00,1.13,1.2544495637050848,1.1383333333333332,1.135,1.1412499999999999,1.1324999999999998,1.1520726026610817,1.1684577669662344,1.0773189893774575
2024-12-29 00:00:00,1.13,1.2544495637050848,1.1308333333333331,1.14,1.13875,1.120833333333333,1.1433165584837515,1.1405098187460045,1.077261693782319
2024-12-29 01:00:00,1.13,1.2544495637050848,1.1366666666666665,1.13,1.1364583333333331,1.1274999999999997,1.1440293264837764,1.1526428284255215,1.0768795230550627
2024-12-29 02:00:00,1.13,1.2544495637050848,1.1363636363636362,1.13,1.1355492424242424,1.1327272727272726,1.1412819339307316,1.1551819772909513,1.0755173658190484
2024-12-29 03:00:00,1.13,1.2544495637050848,1.13,1.13,1.133465909090909,1.1216666666666666,1.1357564965464304,1.14150662976039,1.07062641676091
2024-12-29 04:00:00,1.13,1.2544495637050848,1.13,1.13,1.1332575757575756,1.1291666666666667,1.1365580749698474,1.1410013615794503,1.065563912105767
2024-12-29 05:00:00,1.13,1.2544495637050848,1.13,1.13,1.1315909090909089,1.1233333333333333,1.1389727147337814,1.1456581178652019,1.060999763212386
2024-12-29 06:00:00,1.13,1.2544495637050848,1.13,1.13,1.13,1.1236363636363635,1.1410213381076644,1.1594777364352264,1.0579760130180753
2024-12-29 07:00:00,1.13,1.2544495637050848,1.13,1.1341666666666665,1.13,1.13,1.1461617078965958,1.1390873014520464,1.0571197046816267
2024-12-29 09:00:00,1.1366666666666665,1.2544495637050848,1.13,1.1366666666666665,1.13,1.13,1.1526237188840036,1.1441139296944733,1.0596668540529361
2024-12-29 10:00:00,1.1391666666666664,1.2544495637050848,1.13,1.14,1.13,1.13,1.156088288680007,1.137323720744008,1.0607952129699147
2024-12-29 11:00:00,1.1366666666666665,1.2544495637050848,1.13,1.1424999999999998,1.13,1.13,1.156656379831646,1.1402058728323305,1.062070350450885
2024-12-29 12:00:00,1.1424999999999998,1.2544495637050848,1.1308333333333331,1.1433333333333333,1.1302083333333333,1.1316666666666664,1.1637741975655826,1.148243717674565,1.0631696889833318
2024-12-29 13:00:00,1.1424999999999998,1.2544495637050848,1.1366666666666665,1.15,1.131875,1.143333333333333,1.1672991927643723,1.157139733325251,1.065434707226845
2024-12-29 14:00:00,1.135,1.2544495637050848,1.1391666666666664,1.1491666666666667,1.1341666666666665,1.148333333333333,1.1694289374586415,1.1547779515003245,1.067710613289377
2024-12-29 15:00:00,1.13,1.2544495637050848,1.1366666666666665,1.1441666666666666,1.1358333333333333,1.143333333333333,1.169182500271028,1.1533147674444948,1.0689925401327767
2024-12-29 16:00:00,1.1341666666666665,1.2544495637050848,1.1424999999999998,1.1408333333333334,1.13875,1.1541666666666666,1.1659788865753242,1.1541643247923876,1.0714615083397658
2024-12-29 17:00:00,1.1375,1.2544495637050848,1.1424999999999998,1.1458333333333333,1.140208333333333,1.1483333333333332,1.1661301634830534,1.153405257554985,1.0742648940449702
2024-12-29 18:00:00,1.13,1.2544495637050848,1.135,1.14,1.1391666666666667,1.1308333333333336,1.161398652258612,1.142145235444312,1.0747478288463357
2024-12-29 19:00:00,1.13,1.2544495637050848,1.13,1.1383333333333332,1.1374999999999997,1.1233333333333333,1.1524211381009395,1.134142778659068,1.0740616271575925
2024-12-29 20:00:00,1.13,1.2544495637050848,1.1341666666666665,1.1308333333333331,1.1354166666666665,1.1258333333333332,1.1515636251262864,1.1412452088379725,1.0741229177129414
2024-12-29 21:00:00,1.13,1.2544495637050848,1.1375,1.1366666666666665,1.1341666666666665,1.1325,1.1556120919530608,1.1650995666390294,1.0749035701967051
2024-12-29 22:00:00,1.13,1.2544495637050848,1.13,1.1363636363636362,1.1329166666666666,1.1249999999999998,1.14489823172537,1.1370249307473907,1.0743564262421172
2024-12-29 23:00:00,1.13,1.2544495637050848,1.13,1.13,1.1329166666666666,1.13,1.1387917229189004,1.134142778659068,1.073658156875641
2024-12-30 00:00:00,1.13,1.2544495637050848,1.13,1.13,1.131875,1.1258333333333332,1.1357346509666622,1.1415491334877035,1.0734178589840353
2024-12-31 09:00:00,1.16,1.2544495637050848,1.16,1.13,1.1597916666666666,1.1516666666666666,1.172015007925776,1.1695868784646954,1.121949080651633
2024-12-31 10:00:00,1.16,1.2544495637050848,1.16,1.13,1.1597916666666666,1.16,1.1719822171262402,1.1681822350387143,1.12029777523336
2024-12-31 11:00:00,1.1658333333333333,1.2544495637050848,1.16,1.13,1.1597916666666666,1.16,1.174015121027701,1.1681822350387143,1.1197589109890522
2024-12-31 12:00:00,1.1649999999999998,1.2544495637050848,1.16,1.1541666666666666,1.16,1.1608333333333334,1.175814366740823,1.1681822350387143,1.119304975872943
2024-12-31 13:00:00,1.1658333333333333,1.2544495637050848,1.16,1.1683333333333332,1.16,1.16,1.1743342453458485,1.1676769668577747,1.1187451018637993
2024-12-31 14:00:00,1.1658333333333333,1.2544495637050848,1.16,1.17,1.16,1.16,1.1720221775504165,1.1681822350387143,1.1177567631972956
2024-12-31 15:00:00,1.1683333333333332,1.2544495637050848,1.1658333333333333,1.17,1.1614583333333333,1.1716666666666666,1.1785629387575063,1.164845598838158,1.1181280771544468
2024-12-31 16:00:00,1.1624999999999999,1.2544495637050848,1.1649999999999998,1.1691666666666667,1.1627083333333332,1.1699999999999997,1.1812426284889714,1.1637890307503533,1.1182010007027392
2024-12-31 17:00:00,1.16,1.2544495637050848,1.1658333333333333,1.17,1.1641666666666666,1.1716666666666666,1.1840640643167946,1.1637890307503533,1.1178072176818152
2024-12-31 18:00:00,1.1608333333333334,1.2544495637050848,1.1658333333333333,1.1716666666666666,1.165625,1.1716666666666666,1.181419957945321,1.1688067990246012,1.1166667600381897
2024-12-31 19:00:00,1.16,1.2544495637050848,1.1683333333333332,1.16,1.1662499999999998,1.1708333333333332,1.1758883411584395,1.1679067724182617,1.11550157710974
