forecast_made_at,actual,train_mean,persistence,seasonal_naive,moving_average,drift,ridge,gradient_boosting
2024-11-17 22:00:00,1.6058333514166667,0.7453761151982504,1.56750002475,1.5583332876666667,1.5531249765625001,1.6000000829999999,1.5661660780314504,1.5883338251461212
2024-11-17 23:00:00,1.6041666865,0.7453761151982504,1.5766667125833334,1.5649999975,1.5627083305,1.6150001283333333,1.570464671827923,1.5849854940123256
2024-11-18 00:00:00,1.6216666698333333,0.7453761151982504,1.5841667055000002,1.5683333573333333,1.572083351375,1.6216667890000003,1.583874228609118,1.5899195366183503
2024-11-18 01:00:00,1.6349999905,0.7453761151982504,1.5883333680833334,1.5716667073333335,1.5791667027291667,1.6166667735,1.5816566803587864,1.5952578467291645
2024-11-18 02:00:00,1.6433333159999999,0.7453761151982504,1.6058333514166667,1.5741667149166665,1.5887500343958334,1.6441666780833335,1.5918501496714152,1.608635036561271
2024-11-18 03:00:00,1.6574999691666665,0.7453761151982504,1.6041666865,1.54833328725,1.5956250278750002,1.6316666604166665,1.5860872662347716,1.6455510701298806
2024-11-18 04:00:00,1.6774999502499999,0.7453761151982504,1.6216666698333333,1.5725000497500001,1.6050000189583333,1.6591666341666664,1.5969829102589317,1.7096608612669286
2024-11-18 05:00:00,1.6683332919999998,0.7453761151982504,1.6349999905,1.5708333845833333,1.6166666745625,1.6816666129166664,1.6048773718601557,1.7001615931068301
2024-11-18 06:00:00,1.6366666555,0.7453761151982504,1.6433333159999999,1.5641666550833333,1.6260416657083332,1.680833280583333,1.6080334727892014,1.695054883902836
2024-11-18 07:00:00,1.6175000071666668,0.7453761151982504,1.6574999691666665,1.559999943,1.6393749863749998,1.7108332518333331,1.600805702237552,1.689812717136941
2024-11-18 08:00:00,1.6108333468333333,0.7453761151982504,1.6774999502499999,1.55749994525,1.6533333064791664,1.7333332306666664,1.6227892097510628,1.7297947219253482
2024-11-18 09:00:00,1.6083333491666665,0.7453761151982504,1.6683332919999998,1.5466666219166667,1.6616666318541666,1.7016665934999997,1.6149546531206043,1.711981040157575
2024-11-18 10:00:00,1.5975000261666665,0.7453761151982504,1.6366666555,1.5474999545,1.6599999667291665,1.6299999950000001,1.5933997317126976,1.700497843914302
2024-11-18 11:00:00,1.5649999975,0.7453761151982504,1.6175000071666668,1.5399999620000002,1.6499999762291666,1.577500045166667,1.5839345253485289,1.622643234583181
2024-11-18 12:00:00,1.5649999975,0.7453761151982504,1.6108333468333333,1.5458332895,1.6333333253749998,1.5441667434166668,1.5833817318887076,1.579921941022094
2024-11-18 13:00:00,1.5933333633333333,0.7453761151982504,1.6083333491666665,1.5391666293333335,1.6183333396666666,1.5483334063333332,1.588989879973714,1.5954305174881445
2024-11-18 14:00:00,1.6033333539166668,0.7453761151982504,1.5975000261666665,1.5349999665,1.6085416823333334,1.558333396833333,1.5876095917948354,1.587981102416824
2024-11-18 15:00:00,1.6125000119166666,0.7453761151982504,1.5649999975,1.5383332968333334,1.5954166799166667,1.5124999878333332,1.5650669790364904,1.5743365067663695
2024-11-18 16:00:00,1.6258333325833334,0.7453761151982504,1.5649999975,1.546666622,1.5839583425833332,1.5191666481666666,1.5678358942926107,1.5860490289875102
2024-11-18 17:00:00,1.6433333159166665,0.7453761151982504,1.5933333633333333,1.5599999626666667,1.5802083461249998,1.5783333775000001,1.5933256895891093,1.5837891429236832
2024-11-18 18:00:00,1.65833330175,0.7453761151982504,1.6033333539166668,1.56750002475,1.5816666780625,1.609166681666667,1.6043935882689588,1.5977286615732027
2024-11-18 19:00:00,1.6624999645,0.7453761151982504,1.6125000119166666,1.5766667125833334,1.5935416816666665,1.6600000263333332,1.6149061083201453,1.5987202912300298
2024-11-18 20:00:00,1.6658332944999998,0.7453761151982504,1.6258333325833334,1.5841667055000002,1.6087500154374998,1.6866666676666668,1.6289113449920944,1.6615236262024877
2024-11-18 21:00:00,1.6833333275,0.7453761151982504,1.6433333159166665,1.5883333680833334,1.6212500035833335,1.6933332684999998,1.6399160902663745,1.711550094660864
2024-11-18 22:00:00,1.6841666600833334,0.7453761151982504,1.65833330175,1.6058333514166667,1.6349999905416666,1.713333249583333,1.6494133954204382,1.7193400387029079
2024-11-18 23:00:00,1.67583330475,0.7453761151982504,1.6624999645,1.6041666865,1.6474999786875,1.7124999170833335,1.6508432045550911,1.740891339862815
2024-11-19 00:00:00,1.7033333779166666,0.7453761151982504,1.6658332944999998,1.6216666698333333,1.6574999691666665,1.7058332564166663,1.64809843945724,1.732486798971552
2024-11-19 01:00:00,1.7183333638333333,0.7453761151982504,1.6833333275,1.6349999905,1.6674999720625,1.7233333390833334,1.6591527966264885,1.7366852861885724
2024-11-19 02:00:00,1.7050000330833333,0.7453761151982504,1.6841666600833334,1.6433333159999999,1.6739583116458334,1.7100000184166668,1.6560667779795604,1.7547015022811645
2024-11-19 03:00:00,1.6633332969166668,0.7453761151982504,1.67583330475,1.6574999691666665,1.6772916467083334,1.689166645,1.643907730881188,1.7433753433828052
2024-11-19 04:00:00,1.7016667029166666,0.7453761151982504,1.7033333779166666,1.6774999502499999,1.6866666675625,1.7408334613333334,1.6632644643170384,1.739284646392322
2024-11-19 05:00:00,1.6941667100833333,0.7453761151982504,1.7183333638333333,1.6683332919999998,1.6954166766458334,1.7533334001666667,1.6739594646598688,1.7229055969644205
2024-11-19 06:00:00,1.6791666253333333,0.7453761151982504,1.7050000330833333,1.6366666555,1.7006250198958333,1.7258334060833331,1.6595900953056053,1.7225169202536812
2024-11-19 07:00:00,1.6266666651666668,0.7453761151982504,1.6633332969166668,1.6175000071666668,1.6975000179375,1.6508332890833335,1.616656208968446,1.733360865240648
2024-11-19 08:00:00,1.590000033,0.7453761151982504,1.7016667029166666,1.6108333468333333,1.6970833491875,1.7000000279166665,1.6499299654929298,1.7510821694299978
2024-11-19 09:00:00,1.5950000285,0.7453761151982504,1.6941667100833333,1.6083333491666665,1.6910416857500001,1.6700000563333333,1.643468438197612,1.715918855048163
2024-11-19 10:00:00,1.583333373,0.7453761151982504,1.6791666253333333,1.5975000261666665,1.6845833338125,1.6533332175833333,1.6307175411676917,1.7084445194766098
2024-11-19 11:00:00,1.5700000225000001,0.7453761151982504,1.6266666651666668,1.5649999975,1.675416675875,1.5900000334166668,1.5966981089266534,1.7111354127643206
2024-11-19 12:00:00,1.5658333399166666,0.7453761151982504,1.590000033,1.5649999975,1.6475000083958333,1.4783333630833333,1.5687661036893439,1.6461790591404146
2024-11-19 13:00:00,1.5766667126666667,0.7453761151982504,1.5950000285,1.5933333633333333,1.622708338,1.495833346916667,1.5870359471101922,1.6574977106229398
2024-11-19 14:00:00,1.5875000356666666,0.7453761151982504,1.583333373,1.6033333539166668,1.5987500249166668,1.487500120666667,1.5842203474698504,1.6320839778096827
2024-11-19 15:00:00,1.6041666865,0.7453761151982504,1.5700000225000001,1.6125000119166666,1.58458336425,1.5133333798333335,1.5773225757003508,1.6176884467510584
2024-11-19 16:00:00,1.6308333277499998,0.7453761151982504,1.5658333399166666,1.6258333325833334,1.5785416909791667,1.5416666468333333,1.5802907119532859,1.6196077918819998
2024-11-19 17:00:00,1.6433333159999999,0.7453761151982504,1.5766667126666667,1.6433333159166665,1.5739583620208333,1.5583333968333333,1.590764571132167,1.6510706713579715
2024-11-19 18:00:00,1.6591666341666667,0.7453761151982504,1.5875000356666666,1.65833330175,1.5750000276875,1.5916666983333332,1.6008210990047043,1.6658534246210521
2024-11-19 19:00:00,1.6791666350833332,0.7453761151982504,1.6041666865,1.6624999645,1.5835416936875,1.6383333504999997,1.6217726585214693,1.6623528908366094
2024-11-19 20:00:00,1.69083337975,0.7453761151982504,1.6308333277499998,1.6658332944999998,1.5997916906458332,1.695833315583333,1.6470182344864757,1.7194754958917176
2024-11-19 21:00:00,1.6933333873333334,0.7453761151982504,1.6433333159999999,1.6833333275,1.6164583414791667,1.709999919333333,1.655982307359797,1.727773930315596
2024-11-19 22:00:00,1.7058333754166668,0.7453761151982504,1.6591666341666667,1.6841666600833334,1.6343749911041665,1.7308332326666667,1.666699318080843,1.7441608447217793
2024-11-19 23:00:00,1.7091667055833335,0.7453761151982504,1.6791666350833332,1.67583330475,1.65312497825,1.7541665836666664,1.6776740189274137,1.7547829324004616
2024-11-20 00:00:00,1.7091667057499997,0.7453761151982504,1.69083337975,1.7033333779166666,1.66812499125,1.75083343175,1.6800838213310794,1.749522329414432
2024-11-20 01:00:00,1.7158333660833334,0.7453761151982504,1.6933333873333334,1.7183333638333333,1.6806250090833332,1.743333458666667,1.6795532683325436,1.7730310789398165
2024-11-20 02:00:00,1.6916666828333333,0.7453761151982504,1.7058333754166668,1.7050000330833333,1.6922916943958333,1.752500116666667,1.6859740224969415,1.7895773903009373
2024-11-20 03:00:00,1.7483333349999999,0.7453761151982504,1.7091667055833335,1.6633332969166668,1.6997917120208335,1.7391667760833338,1.6830346633707802,1.770545725468712
2024-11-20 04:00:00,1.76999998075,0.7453761151982504,1.7091667057499997,1.7016667029166666,1.7043750435208334,1.7275000317499996,1.679461426994354,1.7584405876267681
2024-11-20 05:00:00,1.7633333203333335,0.7453761151982504,1.7158333660833334,1.6941667100833333,1.7100000382083334,1.7383333448333333,1.6832722822121724,1.7592157296121171
2024-11-20 06:00:00,1.7016666631666666,0.7453761151982504,1.6916666828333333,1.6791666253333333,1.7064583650625,1.6774999902499999,1.6590062571056832,1.7253177929083672
2024-11-20 07:00:00,1.6200000046666665,0.7453761151982504,1.7483333349999999,1.6266666651666668,1.7162500224166666,1.7874999644166663,1.684271401965843,1.706346973492019
2024-11-20 08:00:00,1.6091666814999999,0.7453761151982504,1.76999998075,1.590000033,1.7314583411666666,1.8308332557500002,1.7089098688307613,1.716711416737907
2024-11-20 09:00:00,1.6083333489999998,0.7453761151982504,1.7633333203333335,1.5950000285,1.7433333297291667,1.8108332745833335,1.7013998048969303,1.6970103765803313
2024-11-20 10:00:00,1.6075000165000002,0.7453761151982504,1.7016666631666666,1.583333373,1.7458333248125,1.7116666434999999,1.652942113619264,1.704529935974903
2024-11-20 11:00:00,1.6158333420833333,0.7453761151982504,1.6200000046666665,1.5700000225000001,1.7137499922291666,1.491666674333333,1.5907879334664514,1.7244154822816349
2024-11-20 12:00:00,1.6266666650000001,0.7453761151982504,1.6091666814999999,1.5658333399166666,1.6735416674166665,1.4483333822499997,1.5840827279262006,1.6494133034187437
2024-11-20 13:00:00,1.6391666533333333,0.7453761151982504,1.6083333489999998,1.5766667126666667,1.634791674583333,1.4533333776666661,1.6037603628930688,1.6500144920512891
2024-11-20 14:00:00,1.6233333349999999,0.7453761151982504,1.6075000165000002,1.5875000356666666,1.6112500129166665,1.5133333698333338,1.6090344976413966,1.5853922258440791
2024-11-20 15:00:00,1.63916665325,0.7453761151982504,1.6158333420833333,1.6041666865,1.6102083472708333,1.6116666795,1.6228760553862593,1.5939828437041421
2024-11-20 16:00:00,1.655833304,0.7453761151982504,1.6266666650000001,1.6308333277499998,1.6145833431458334,1.6441666485000004,1.6313135416904656,1.6737721259966911
2024-11-20 17:00:00,1.6541666389166665,0.7453761151982504,1.6391666533333333,1.6433333159999999,1.622291669229167,1.6699999576666669,1.640282087766085,1.702976948475238
2024-11-20 18:00:00,1.649999976,0.7453761151982504,1.6233333349999999,1.6591666341666667,1.6262499988541668,1.6391666534999996,1.6286335446291793,1.711634714531679
2024-11-20 19:00:00,1.6716666421666666,0.7453761151982504,1.63916665325,1.6791666350833332,1.6320833266458332,1.6624999644166667,1.6526666128078307,1.7496636791572064
2024-11-20 20:00:00,1.68750002975,0.7453761151982504,1.655833304,1.69083337975,1.6393749863958333,1.6849999429999998,1.6691118963129226,1.7481476656903645
2024-11-20 21:00:00,1.6808332904166667,0.7453761151982504,1.6541666389166665,1.6933333873333334,1.6431249827916665,1.6691666244999996,1.6672948103407639,1.7459726372912703
2024-11-20 22:00:00,1.6816666328333334,0.7453761151982504,1.649999976,1.7058333754166668,1.6497916430416666,1.676666617,1.6592453368887004,1.768204865778156
2024-11-20 23:00:00,1.6983333826666664,0.7453761151982504,1.6716666421666666,1.7091667055833335,1.6579166402708334,1.7041666310833332,1.6700619489919144,1.7516458531814956
2024-11-21 00:00:00,1.7175000310833333,0.7453761151982504,1.68750002975,1.7091667057499997,1.6658333217083332,1.7191667555,1.675606676680646,1.7474696047228577
2024-11-21 01:00:00,1.7358333470833334,0.7453761151982504,1.6808332904166667,1.7158333660833334,1.6724999845833333,1.707499941916667,1.6677174793696328,1.7469544786035343
2024-11-21 02:00:00,1.7350000045833334,0.7453761151982504,1.6816666328333334,1.6916666828333333,1.6804166487916667,1.7133332896666669,1.66594704946733,1.752212686332675
2024-11-21 03:00:00,1.7100000382499998,0.7453761151982504,1.6983333826666664,1.7483333349999999,1.6870833339166666,1.7250001231666663,1.6754931211710287,1.7618590755898758
2024-11-21 04:00:00,1.7300000190833333,0.7453761151982504,1.7175000310833333,1.76999998075,1.6945833342499999,1.7475000324166665,1.6868346138214725,1.7381524326641493
2024-11-21 05:00:00,1.7150000334166666,0.7453761151982504,1.7358333470833334,1.7633333203333335,1.7083333484166667,1.79083340375,1.7015864318710427,1.7423084156623492
2024-11-21 06:00:00,1.68416665025,0.7453761151982504,1.7350000045833334,1.7016666631666666,1.7216666913541665,1.7883333763333333,1.6956425740900702,1.7174275008473947
2024-11-21 07:00:00,1.666666627,0.7453761151982504,1.7100000382499998,1.6200000046666665,1.7245833552499998,1.7216666938333332,1.6605530839989857,1.7113959906884533
2024-11-21 08:00:00,1.6466666461666666,0.7453761151982504,1.7300000190833333,1.6091666814999999,1.7277083522499999,1.7425000070833334,1.6798321864867791,1.708653016385363
2024-11-21 09:00:00,1.6225000025,0.7453761151982504,1.7150000334166666,1.6083333489999998,1.7225000238333332,1.6941667197499999,1.667393557863936,1.6876329354697854
2024-11-21 10:00:00,1.6258333325,0.7453761151982504,1.68416665025,1.6075000165000002,1.70979168525,1.6333332959166664,1.64398193669996,1.6846632790061744
2024-11-21 11:00:00,1.62166667,0.7453761151982504,1.666666627,1.6158333420833333,1.6989583324375,1.62333321575,1.63688976559886,1.7073717605329075
2024-11-21 12:00:00,1.6208333374166666,0.7453761151982504,1.6466666461666666,1.6266666650000001,1.6781249892083332,1.5633332732499998,1.6242156659915927,1.6958953967788852
2024-11-21 13:00:00,1.6291666625,0.7453761151982504,1.6225000025,1.6391666533333333,1.6549999814791665,1.5299999715833335,1.610172121320045,1.703322022973633
2024-11-21 14:00:00,1.6349999905,0.7453761151982504,1.6258333325,1.6233333349999999,1.6404166520416665,1.5675000147500002,1.6175382177695488,1.7151556398460674
2024-11-21 15:00:00,1.6333333253333333,0.7453761151982504,1.62166667,1.63916665325,1.6291666627916668,1.576666713,1.6186879547207265,1.725752568189823
2024-11-21 16:00:00,1.6391666533333333,0.7453761151982504,1.6208333374166666,1.655833304,1.6227083356041667,1.5950000286666666,1.6216813867428672,1.7235278306712776
2024-11-21 17:00:00,1.6608332991666668,0.7453761151982504,1.6291666625,1.6541666389166665,1.6243750006041668,1.6358333225000001,1.6336630911182033,1.72392656157958
2024-11-21 18:00:00,1.6658332944999998,0.7453761151982504,1.6349999905,1.649999976,1.6266666651041668,1.6441666484999997,1.639838942827895,1.7234231165356049
2024-11-21 19:00:00,1.6641666295000002,0.7453761151982504,1.6333333253333333,1.6716666421666666,1.6295833289375,1.6449999806666666,1.639089491029171,1.7247542631713748
2024-11-21 20:00:00,1.6816666623333332,0.7453761151982504,1.6391666533333333,1.68750002975,1.6341666579166667,1.65749996925,1.6467089253118685,1.7360926613039491
2024-11-21 21:00:00,1.6950000525,0.7453761151982504,1.6608332991666668,1.6808332904166667,1.6420833170833333,1.6924999358333335,1.6625954522999105,1.7351626309003791
2024-11-21 22:00:00,1.6916667221666666,0.7453761151982504,1.6658332944999998,1.6816666328333334,1.6497916430833333,1.6966665984999998,1.66365733186306,1.7347424604696071
2024-11-21 23:00:00,1.7100000384166665,0.7453761151982504,1.6641666295000002,1.6983333826666664,1.657499969125,1.694999933666667,1.659513896055726,1.7488278906747663
2024-11-22 00:00:00,1.7300000191666667,0.7453761151982504,1.6816666623333332,1.7175000310833333,1.668124971375,1.724166671333333,1.6688045542176682,1.7513062393963466
2024-11-22 01:00:00,1.7458333375,0.7453761151982504,1.6950000525,1.7358333470833334,1.6766666597083333,1.7291668058333332,1.6733977686127877,1.7508801896667707
2024-11-22 02:00:00,1.7658333180833334,0.7453761151982504,1.6916667221666666,1.7350000045833334,1.683125016625,1.7175001498333333,1.6670724131605734,1.752188744728023
2024-11-22 03:00:00,1.9233333170833333,0.7453761151982504,1.7100000384166665,1.7100000382499998,1.6945833688541665,1.7558334473333328,1.679494861523902,1.7270877895655974
2024-11-22 04:00:00,2.125,0.7453761151982504,1.7300000191666667,1.7300000190833333,1.7066667080625,1.7783333760000002,1.6921099629348413,1.7240084166204162
2024-11-22 05:00:00,2.1791667342500003,0.7453761151982504,1.7458333375,1.7150000334166666,1.7193750293124999,1.7966666224999999,1.7014536525932922,1.7282156472114472
2024-11-22 06:00:00,2.2150000334166666,0.7453761151982504,1.7658333180833334,1.68416665025,1.7379166782916666,1.8399999140000003,1.716548365715026,1.7130944456422894
2024-11-22 07:00:00,2.2200000286666666,0.7453761151982504,1.9233333170833333,1.666666627,1.7912499979583334,2.1366665957500004,1.8368266708239998,1.8204623761002938
2024-11-22 08:00:00,2.2375000120833337,0.7453761151982504,2.125,1.6466666461666666,1.8899999931666667,2.519999980833333,2.0047969832947414,1.8679186921489286
2024-11-22 09:00:00,2.25833332525,0.7453761151982504,2.1791667342500003,1.6225000025,1.998333342354167,2.612500131000001,2.055083663481131,1.8798262083045663
2024-11-22 10:00:00,2.27166664575,0.7453761151982504,2.2150000334166666,1.6258333325,2.1106250211875,2.6641667487499996,2.0886831937565318,1.8797140657265554
2024-11-22 11:00:00,2.2799999711666668,0.7453761151982504,2.2200000286666666,1.62166667,2.184791699083333,2.51666674025,2.0973489119039677,1.8293913239119055
2024-11-22 12:00:00,2.281666636416667,0.7453761151982504,2.2375000120833337,1.6208333374166666,2.2129167021041667,2.3500000241666674,2.1145238158289006,1.8407875843014039
2024-11-22 13:00:00,2.22000002875,0.7453761151982504,2.25833332525,1.6291666625,2.2327083498541667,2.33749991625,2.1567298984683694,1.8357251073445118
2024-11-22 14:00:00,2.20000004775,0.7453761151982504,2.27166664575,1.6349999905,2.2468750029375,2.328333258083333,2.180975541680229,1.803976514742497
2024-11-22 15:00:00,2.1833333968333335,0.7453761151982504,2.2799999711666668,1.6333333253333333,2.2618749885625,2.339999913666667,2.1968448591970064,1.8197116987070592
2024-11-22 16:00:00,2.185000062,0.7453761151982504,2.281666636416667,1.6391666533333333,2.272916644645833,2.32583326075,2.2030319891050865,1.8353501859845995
2024-11-22 17:00:00,2.1800000665833337,0.7453761151982504,2.22000002875,1.6608332991666668,2.2633333205208332,2.1816667322499996,2.1535725807230097,1.840686338698844
2024-11-22 18:00:00,2.1766667365,0.7453761151982504,2.20000004775,1.6658332944999998,2.245416671020833,2.1283334497500004,2.1417909747991004,1.5842490100025786
2024-11-22 19:00:00,2.1675000787500003,0.7453761151982504,2.1833333968333335,1.6641666295000002,2.2212500274374998,2.0866668225000002,2.1487425724098337,1.5136755201944692
2024-11-22 20:00:00,2.1525000929166667,0.7453761151982504,2.185000062,1.6816666623333332,2.1970833838333332,2.088333487583333,2.1674667516895347,1.645570000627767
2024-11-22 21:00:00,2.1316667,0.7453761151982504,2.1800000665833337,1.6950000525,2.1870833932916667,2.1400001044166674,2.1693069938490344,1.724113770294444
2024-11-22 22:00:00,2.1141666175,0.7453761151982504,2.1766667365,1.6916667221666666,2.181250065479167,2.15333342525,2.1700386039144144,1.7557248462603472
2024-11-22 23:00:00,2.099999904666667,0.7453761151982504,2.1675000787500003,1.7100000384166665,2.1772917359583337,2.151666760666667,2.1558857992228786,1.9029986112554809
2024-11-23 00:00:00,2.0899999141666665,0.7453761151982504,2.1525000929166667,1.7300000191666667,2.1691667436875,2.1200001238333335,2.1378475428216084,1.93091556972218
2024-11-23 01:00:00,2.061666607833333,0.7453761151982504,2.1316667,1.7458333375,2.1570834020416667,2.083333333416666,2.1205569197963903,1.9137209892282459
2024-11-23 02:00:00,1.9733333389999999,0.7453761151982504,2.1141666175,1.7658333180833334,2.141458372291667,2.0516664985,2.104661561063767,1.9225671959973898
2024-11-23 03:00:00,2.05916667975,0.7453761151982504,2.099999904666667,1.9233333170833333,2.124583328770833,2.0324997305833334,2.0885522296039385,1.8780539967325778
2024-11-23 04:00:00,2.2250000240000003,0.7453761151982504,2.0899999141666665,2.125,2.108958284083333,2.0274997354166664,2.07759356696575,1.7641798291419395
2024-11-23 05:00:00,2.1558333635833336,0.7453761151982504,2.061666607833333,2.1791667342500003,2.0914582610416668,1.9916665156666666,2.0449839460264183,1.7159481638381386
2024-11-23 06:00:00,2.06083327525,0.7453761151982504,1.9733333389999999,2.2150000334166666,2.0562499414166666,1.8325000604999997,1.9625945359251098,1.6375673412360034
2024-11-23 07:00:00,2.0166666505,0.7453761151982504,2.05916667975,2.2200000286666666,2.0460416351874997,2.0183334548333334,2.0220816571216123,1.6754384501615691
2024-11-23 08:00:00,1.9800000193333334,0.7453761151982504,2.2250000240000003,2.2375000120833337,2.0797916626458335,2.360000133833334,2.1619172437546714,1.7722321624300004
2024-11-23 09:00:00,1.9350000025,0.7453761151982504,2.1558333635833336,2.25833332525,2.1033333515833337,2.250000119333334,2.1082158802501034,1.8085897024139574
2024-11-23 10:00:00,1.919999957,0.7453761151982504,2.06083327525,2.27166664575,2.1252083356458336,2.1483332115,2.034199114576345,1.761995151931685
2024-11-23 11:00:00,1.9024999740000001,0.7453761151982504,2.0166666505,2.2799999711666668,2.1145833283333335,1.9741666212499998,1.9997121364148165,1.8233207731006542
2024-11-23 12:00:00,1.8866666556666667,0.7453761151982504,1.9800000193333334,2.281666636416667,2.053333327166667,1.7350000146666664,1.9598903717634573,1.849264714677893
2024-11-23 13:00:00,1.864166677,0.7453761151982504,1.9350000025,2.22000002875,1.9981249868958333,1.7141666414166665,1.929130102160269,1.7639434140494976
2024-11-23 14:00:00,1.8208333351666666,0.7453761151982504,1.919999957,2.20000004775,1.9629166573333334,1.77916663875,1.927548117021837,1.8195738328374584
2024-11-23 15:00:00,1.7908332942500003,0.7453761151982504,1.9024999740000001,2.1833333968333335,1.9343749882083334,1.7883332975000004,1.9123796721381374,1.839220131344726
2024-11-23 16:00:00,1.7908332940833336,0.7453761151982504,1.8866666556666667,2.185000062,1.9110416472916667,1.793333292,1.8952617967783962,1.8595901900962108
2024-11-23 17:00:00,1.7833333015,0.7453761151982504,1.864166677,2.1800000665833337,1.8933333159166668,1.7933333515,1.876347872866804,1.8524836590801528
2024-11-23 18:00:00,1.7683333157499999,0.7453761151982504,1.8208333351666666,2.1766667365,1.8685416604583334,1.7216667133333332,1.8358325874817432,1.8734938488190414
2024-11-23 19:00:00,1.7475000024166667,0.7453761151982504,1.7908332942500003,2.1675000787500003,1.8406249905208334,1.6791666145000004,1.8153535197684787,1.80362932040041
2024-11-23 20:00:00,1.7341666820833332,0.7453761151982504,1.7908332940833336,2.1525000929166667,1.8166666501250002,1.6949999325000005,1.824070781333268,1.7984457541686942
2024-11-23 21:00:00,1.7366666794166665,0.7453761151982504,1.7833333015,2.1316667,1.7964583062500001,1.7024999259999998,1.811947345999987,1.7946719679491103
2024-11-23 22:00:00,1.7458333375,0.7453761151982504,1.7683333157499999,2.1141666175,1.7833333013958332,1.7158332963333331,1.7911866894611859,1.7628162413409478
2024-11-23 23:00:00,1.7300000191666667,0.7453761151982504,1.7475000024166667,2.099999904666667,1.7724999784375002,1.7041667105833331,1.7681220351879854,1.7434386928713033
2024-11-24 00:00:00,1.7275000215,0.7453761151982504,1.7341666820833332,2.0899999141666665,1.7583333254375,1.677500070083333,1.7453826327667123,1.7292282703925905
2024-11-24 01:00:00,1.7191666961666667,0.7453761151982504,1.7366666794166665,2.061666607833333,1.7466666699166666,1.6900000573333331,1.738714316861447,1.7088482274566137
2024-11-24 02:00:00,1.7150000335833333,0.7453761151982504,1.7458333375,1.9733333389999999,1.7410416753541667,1.72333335925,1.7407604980516167,1.706142987774604
2024-11-24 03:00:00,1.6083333294166666,0.7453761151982504,1.7300000191666667,2.05916667975,1.7366666795416665,1.7125000359166667,1.7213186376931235,1.6672728928739904
2024-11-24 04:00:00,1.6658333143333335,0.7453761151982504,1.7275000215,2.2250000240000003,1.7350000143958333,1.7208333609166668,1.7134478551767733,1.668834514723525
2024-11-24 05:00:00,1.65916663425,0.7453761151982504,1.7191666961666667,2.1558333635833336,1.7306250185833334,1.701666712916667,1.699334985592205,1.657678989662823
2024-11-24 06:00:00,1.6299999952500002,0.7453761151982504,1.7150000335833333,2.06083327525,1.7229166926041666,1.6841667296666667,1.6855007191557179,1.6158490316736769
2024-11-24 07:00:00,1.5908333658333333,0.7453761151982504,1.6083333294166666,2.0166666505,1.6925000201666667,1.4866666396666666,1.5842322018720238,1.5958463220847323
2024-11-24 08:00:00,1.5566666224999999,0.7453761151982504,1.6658333143333335,1.9800000193333334,1.677083343375,1.604166607166667,1.638294463712929,1.654092627301084
2024-11-24 09:00:00,1.5283333061666668,0.7453761151982504,1.65916663425,1.9350000025,1.6620833278958331,1.5991665723333333,1.6306179482509386,1.6257766118952222
2024-11-24 10:00:00,1.50999999,0.7453761151982504,1.6299999952500002,1.919999957,1.6408333183125,1.544999956916667,1.6013605272821545,1.6438625512199356
2024-11-24 11:00:00,1.5058333275000002,0.7453761151982504,1.5908333658333333,1.9024999740000001,1.6364583274166666,1.57333340225,1.5779435112569407,1.5961591345890385
2024-11-24 12:00:00,1.4925000075000001,0.7453761151982504,1.5566666224999999,1.8866666556666667,1.6091666544583334,1.4474999306666663,1.5491338583366276,1.595743750581857
2024-11-24 13:00:00,1.4833333493333332,0.7453761151982504,1.5283333061666668,1.864166677,1.5764583224375,1.3974999780833337,1.5300112611968832,1.5869385832989633
2024-11-24 14:00:00,1.48750001225,0.7453761151982504,1.50999999,1.8208333351666666,1.546458321125,1.38999998475,1.5236741393475528,1.5665981271332612
2024-11-24 15:00:00,1.49000001,0.7453761151982504,1.5058333275000002,1.7908332942500003,1.5252083115416668,1.420833289166667,1.523486489772034,1.489680008210746
2024-11-24 16:00:00,1.491666675,0.7453761151982504,1.4925000075000001,1.7908332940833336,1.509166657791667,1.4283333925000004,1.5143819238967229,1.4823376657610536
2024-11-24 17:00:00,1.4991666675,0.7453761151982504,1.4833333493333332,1.7833333015,1.4979166685833334,1.4383333924999995,1.5072522756370632,1.4923578742265629
2024-11-24 18:00:00,1.4991666675,0.7453761151982504,1.48750001225,1.7683333157499999,1.4922916741458334,1.4650000344999998,1.5111466054323017,1.5085154411128954
2024-11-24 19:00:00,1.4991666675,0.7453761151982504,1.49000001,1.7475000024166667,1.4883333447708333,1.4741666924999997,1.5087109080149192,1.50634120289904
2024-11-24 20:00:00,1.5099999900833334,0.7453761151982504,1.491666675,1.7341666820833332,1.4881250116458333,1.4908333425,1.5141276563570827,1.5020447070738532
2024-11-24 21:00:00,1.5191666481666666,0.7453761151982504,1.4991666675,1.7366666794166665,1.4920833411875,1.5149999856666667,1.519856188527513,1.498859722701521
2024-11-24 22:00:00,1.5391666292500001,0.7453761151982504,1.4991666675,1.7458333375,1.495000005,1.51083332275,1.515137903703937,1.506212474868788
2024-11-24 23:00:00,1.5499999523333334,0.7453761151982504,1.4991666675,1.7300000191666667,1.497291669375,1.508333325,1.508876640351339,1.5004993666094006
2024-11-25 00:00:00,1.56083329525,0.7453761151982504,1.5099999900833334,1.7275000215,1.5018749981458335,1.5283333051666668,1.5231983700086036,1.516416037148813
2024-11-25 01:00:00,1.5716667073333335,0.7453761151982504,1.5191666481666666,1.7191666961666667,1.5068749933124999,1.5391666288333332,1.524389438834687,1.515932793462503
2024-11-25 02:00:00,1.5733333724999998,0.7453761151982504,1.5391666292500001,1.7150000335833333,1.51687498375,1.5791665910000003,1.5360961544534404,1.5204826863845702
2024-11-25 03:00:00,1.5083333351666666,0.7453761151982504,1.5499999523333334,1.6083333294166666,1.5295833049583334,1.600833237166667,1.5402624139767267,1.5005532772641041
2024-11-25 04:00:00,1.5933333435833335,0.7453761151982504,1.56083329525,1.6658333143333335,1.54229163125,1.6116666004166664,1.5440995607632586,1.4950073251695082
2024-11-25 05:00:00,1.5858333506666666,0.7453761151982504,1.5716667073333335,1.65916663425,1.5554166460416667,1.6241667665000004,1.5481627779052474,1.5879485286217303
2024-11-25 06:00:00,1.5633333324166667,0.7453761151982504,1.5733333724999998,1.6299999952500002,1.5639583318541666,1.6075001157499995,1.5465312600991759,1.575899131556584
2024-11-25 07:00:00,1.5833333433333332,0.7453761151982504,1.5083333351666666,1.5908333658333333,1.5535416775625,1.4666667179999997,1.4783369071889139,1.5457655960448833
2024-11-25 08:00:00,1.6041666865,0.7453761151982504,1.5933333435833335,1.5566666224999999,1.5616666896458333,1.625833391916667,1.549844106346079,1.5916524179191602
2024-11-25 09:00:00,1.5991666911666667,0.7453761151982504,1.5858333506666666,1.5283333061666668,1.5652083504791667,1.5999999939999998,1.5459052611745827,1.5370797598620278
2024-11-25 10:00:00,1.5516666173333336,0.7453761151982504,1.5633333324166667,1.50999999,1.5627083404583333,1.5533332923333336,1.5248378823311075,1.582907679943763
2024-11-25 11:00:00,1.5408332944999998,0.7453761151982504,1.5833333433333332,1.5058333275000002,1.5814583425000002,1.6583333514999998,1.549554802444255,1.5760527102929578
2024-11-25 12:00:00,1.5483332870833335,0.7453761151982504,1.6041666865,1.4925000075000001,1.5841666782291668,1.6150000294166664,1.5684894437421362,1.5354450337901624
2024-11-25 13:00:00,1.5233333109166667,0.7453761151982504,1.5991666911666667,1.4833333493333332,1.5875000133541668,1.6125000316666667,1.57232461588017,1.558600896642356
2024-11-25 14:00:00,1.508333325,0.7453761151982504,1.5516666173333336,1.48750001225,1.5845833345833333,1.5399999022500004,1.5443757246777445,1.5587515390403879
2024-11-25 15:00:00,1.5154545305454545,0.7453761151982504,1.5408332944999998,1.49000001,1.573958322375,1.4983332456666665,1.5398941397542663,1.5694048539836898
2024-11-25 16:00:00,1.523333311,0.7453761151982504,1.5483332870833335,1.491666675,1.5599999725208333,1.492499887666667,1.5491223958857185,1.5630640761929226
2024-11-25 17:00:00,1.5349999665,0.7453761151982504,1.5233333109166667,1.4991666675,1.5410416274583334,1.4474999306666667,1.533967580199732,1.5100833632676878
2024-11-25 18:00:00,1.544999957,0.7453761151982504,1.508333325,1.4991666675,1.530208304375,1.4650000326666663,1.5278781217499597,1.5127133383325193
2024-11-25 19:00:00,1.5683333376666668,0.7453761151982504,1.5154545305454545,1.4991666675,1.5238636133863637,1.4900757665909092,1.5353003978276007,1.4975965392818917
2024-11-25 20:00:00,1.5900000331666666,0.7453761151982504,1.523333311,1.5099999900833334,1.5176136193655303,1.4983333349166665,1.543683199545848,1.5135571624795665
2024-11-25 21:00:00,1.605000019,0.7453761151982504,1.5349999665,1.5191666481666666,1.5205302832613636,1.5466666220833334,1.5524708368606301,1.4494190954338941
2024-11-25 22:00:00,1.6166666746666667,0.7453761151982504,1.544999957,1.5391666292500001,1.5296969412613637,1.581666589,1.5595880022754396,1.4501456854281103
2024-11-25 23:00:00,1.6208333375,0.7453761151982504,1.5683333376666668,1.5499999523333334,1.5429166430416665,1.6212121447878791,1.576628978045734,1.4663759019637523
2024-11-26 00:00:00,1.637499988,0.7453761151982504,1.5900000331666666,1.56083329525,1.5595833235833334,1.6566667553333332,1.5901709072012316,1.4479846762408348
2024-11-26 01:00:00,1.65083330875,0.7453761151982504,1.605000019,1.5716667073333335,1.5770833367083332,1.6750000715,1.5986051856766514,1.4587199212447828
2024-11-26 02:00:00,1.6333333254166666,0.7453761151982504,1.6166666746666667,1.5733333724999998,1.595000016125,1.6883333923333335,1.60166963164964,1.4712336351822106
2024-11-26 03:00:00,2.055833369333333,0.7453761151982504,1.6208333375,1.5083333351666666,1.6081250160833334,1.673333337333333,1.5999190134726766,1.4709329567319571
2024-11-26 04:00:00,2.1045454415454548,0.7453761151982504,1.637499988,1.5933333435833335,1.6200000047916667,1.6849999428333335,1.6106237393342968,1.515824482844912
2024-11-26 05:00:00,1.5291666489999998,0.7453761151982504,1.65083330875,1.5858333506666666,1.6314583272291667,1.6966665985,1.6180611127777484,1.526794986768252
2024-11-26 06:00:00,1.1733333171666667,0.7453761151982504,1.6333333254166666,1.5633333324166667,1.6356249899166666,1.6499999761666666,1.5989909626030179,1.5193718541778216
2024-11-26 07:00:00,1.2566666603333332,0.7453761151982504,2.055833369333333,1.5833333433333332,1.744374997875,2.4908334011666664,1.9372878968228822,1.5615525530084953
2024-11-26 08:00:00,1.3258333404166667,0.7453761151982504,2.1045454415454548,1.6041666865,1.8611363612613636,2.5715908950909094,1.9869309038733078,1.6671850538379533
2024-11-26 09:00:00,1.3966666460833332,0.7453761151982504,1.5291666489999998,1.5991666911666667,1.8307196963238637,1.4074999892499995,1.50806974472645,1.6885712042036227
2024-11-26 10:00:00,1.4525000353333333,0.7453761151982504,1.1733333171666667,1.5516666173333336,1.7157196942613637,0.7133333089166667,1.217622625580205,1.558602213909413
2024-11-26 11:00:00,1.5024999976666666,0.7453761151982504,1.2566666603333332,1.5408332944999998,1.5159280170113636,0.4574999513333333,1.275579367794977,1.4193310672092048
2024-11-26 12:00:00,1.553333332,0.7453761151982504,1.3258333404166667,1.5483332870833335,1.3212499917291667,0.5471212392878786,1.3278545184300583,1.3784625343903973
2024-11-26 13:00:00,1.5875000355833333,0.7453761151982504,1.3966666460833332,1.5233333109166667,1.288124991,1.2641666431666667,1.4430395314643323,1.3508259077140188
2024-11-26 14:00:00,1.6058333514166667,0.7453761151982504,1.4525000353333333,1.508333325,1.3579166705416665,1.7316667534999999,1.5113209765111075,1.4301190234394923
2024-11-26 15:00:00,1.6458333134166665,0.7453761151982504,1.5024999976666666,1.5154545305454545,1.4193750048749998,1.748333335,1.516615240908072,1.4591792436599156
2024-11-26 16:00:00,1.7350000025,0.7453761151982504,1.553333332,1.523333311,1.4762500027708334,1.7808333235833333,1.5363901774437707,1.489302400008995
2024-11-26 17:00:00,2.087272644090909,0.7453761151982504,1.5875000355833333,1.5349999665,1.5239583501458334,1.7783334250833334,1.573387290597616,1.4521711352124862
2024-11-26 18:00:00,2.1350000896666668,0.7453761151982504,1.6058333514166667,1.544999957,1.5622916791666666,1.7591666675000002,1.5944109069135388,1.481408626264553
2024-11-26 19:00:00,2.1558334230000002,0.7453761151982504,1.6458333134166665,1.5683333376666668,1.5981250081041667,1.7891666291666664,1.6640408161132503,1.60020426117087
2024-11-26 20:00:00,2.1616667508333336,0.7453761151982504,1.7350000025,1.5900000331666666,1.6435416757291668,1.9166666730000002,1.7454977800388412,1.6389034831988698
2024-11-26 21:00:00,2.1758334040833334,0.7453761151982504,2.087272644090909,1.605000019,1.7684848278560605,2.587045252598485,2.0032074846175143,1.7916296260906839
2024-11-26 22:00:00,2.1858333945,0.7453761151982504,2.1350000896666668,1.6166666746666667,1.9007765124185605,2.6641668279166666,2.0231745853344694,1.8850004802526885
2024-11-26 23:00:00,2.191666722166667,0.7453761151982504,2.1558334230000002,1.6208333375,2.028276539814394,2.665833532583334,2.0473951122937124,1.9274254943280849
2024-11-27 00:00:00,2.1858333945833333,0.7453761151982504,2.1616667508333336,1.637499988,2.1349432268977275,2.588333499166667,2.0561483764814312,1.9011364091578036
2024-11-27 01:00:00,2.1870000602,0.7453761151982504,2.1758334040833334,1.65083330875,2.1570834168958335,2.2643941640757577,2.059328630362945,1.9712765359867495
2024-11-27 02:00:00,2.2141667007500003,0.7453761151982504,2.1858333945,1.6333333254166666,2.1697917431041667,2.236666699333333,2.0713182309115763,1.9670423708603133
2024-11-27 03:00:00,2.3441665769166664,0.7453761151982504,2.191666722166667,2.055833369333333,2.1787500678958334,2.227500021333334,2.0983187429302044,1.9036165627507244
2024-11-27 04:00:00,2.34083324675,0.7453761151982504,2.1858333945833333,2.1045454415454548,2.1847917288333334,2.210000038333333,2.095628254862909,1.8900174156221683
2024-11-27 05:00:00,2.3658332625833336,0.7453761151982504,2.1870000602,1.5291666489999998,2.1875833928625,2.1981667163166665,2.0967275018624623,1.8622769071814538
2024-11-27 06:00:00,2.40000009525,0.7453761151982504,2.2141667007500003,1.1733333171666667,2.1946667194250002,2.2425000070000007,2.115141895703778,1.8347977571820206
2024-11-27 07:00:00,2.3833333849166665,0.7453761151982504,2.3441665769166664,1.2566666603333332,2.2327916831124996,2.496666431666666,2.2196098417483023,1.813462965806202
2024-11-27 08:00:00,2.38916677225,0.7453761151982504,2.34083324675,1.3258333404166667,2.2715416461541666,2.4958330989166666,2.2285721252704063,1.8107569636098502
2024-11-27 09:00:00,2.4050000707500003,0.7453761151982504,2.3658332625833336,1.3966666460833332,2.31624994675,2.5446664649666673,2.266258679003006,1.7818717156258537
2024-11-27 10:00:00,2.40250009275,0.7453761151982504,2.40000009525,1.4525000353333333,2.3627082953749996,2.5858334897499993,2.297268236153296,1.8191564960877673
2024-11-27 11:00:00,2.3927273532727273,0.7453761151982504,2.3833333849166665,1.5024999976666666,2.372499997375,2.4225001929166665,2.2885521047102086,1.870533814754783
2024-11-27 12:00:00,2.3816666801666666,0.7453761151982504,2.38916677225,1.553333332,2.38458337875,2.4375002977499998,2.3014871022661487,1.8524680381593135
2024-11-27 13:00:00,2.384166737333333,0.7453761151982504,2.4050000707500003,1.5875000355833333,2.394375080791667,2.444166878916667,2.335993721910507,1.8528511796088678
2024-11-27 14:00:00,2.3991667230833333,0.7453761151982504,2.40250009275,1.6058333514166667,2.3950000801666667,2.40500009025,2.338118663927373,1.8615921235196609
2024-11-27 15:00:00,2.4327273369090907,0.7453761151982504,2.3927273532727273,1.6458333134166665,2.397348572255682,2.402121321628788,2.3379797294446365,1.8774168872332657
2024-11-27 16:00:00,2.445000052416667,0.7453761151982504,2.3816666801666666,1.7350000025,2.3954735492348487,2.3741665880833334,2.3358487871717224,1.8783108218693807
2024-11-27 17:00:00,2.4316667319166667,0.7453761151982504,2.384166737333333,2.087272644090909,2.3902652158806816,2.363333403916666,2.340015265628757,1.893241136869739
2024-11-27 18:00:00,2.4566667080833335,0.7453761151982504,2.3991667230833333,2.1350000896666668,2.389431873464015,2.3958333534166667,2.358598929721464,1.8918371481736673
2024-11-27 19:00:00,2.497500002416667,0.7453761151982504,2.4327273369090907,2.1558334230000002,2.399431869373106,2.472727320545454,2.4011988491641194,1.8980076402484785
2024-11-27 20:00:00,2.4833333493333334,0.7453761151982504,2.445000052416667,2.1616667508333336,2.4152652124356058,2.508333424666667,2.414600847648823,1.8763447322391607
2024-11-27 21:00:00,2.50333333,0.7453761151982504,2.4316667319166667,2.1758334040833334,2.4271402110814395,2.4791667265000004,2.4096263438913894,1.835318939877843
2024-11-27 22:00:00,2.4900000098333335,0.7453761151982504,2.4566667080833335,2.1858333945,2.4415152073314395,2.5141666930833337,2.431282258723355,1.8339034664101912
2024-11-27 23:00:00,2.4999999999166667,0.7453761151982504,2.497500002416667,2.191666722166667,2.457708373708334,2.562272667924243,2.460425215137726,1.8455732059590593
2024-11-28 00:00:00,2.5074999928333335,0.7453761151982504,2.4833333493333334,2.1858333945833333,2.4672916979375,2.52166664625,2.444254195680635,1.8361392087538067
2024-11-28 01:00:00,2.5224999784166666,0.7453761151982504,2.50333333,2.1870000602,2.4852083474583333,2.574999928083333,2.461789609780283,1.8722201636705431
2024-11-28 02:00:00,2.494545459909091,0.7453761151982504,2.4900000098333335,2.2141667007500003,2.4935416728958337,2.5233333115833334,2.4471566088804564,1.8685017425830897
2024-11-28 03:00:00,1.208333383,0.7453761151982504,2.4999999999166667,2.3441665769166664,2.4941666722708336,2.5024999974166664,2.44809376700113,1.8248667862257932
2024-11-28 04:00:00,1.2050000429166665,0.7453761151982504,2.5074999928333335,2.34083324675,2.5002083331458334,2.5316666363333336,2.4517733752544357,1.824093513910662
2024-11-28 05:00:00,1.2075000405833334,0.7453761151982504,2.5224999784166666,2.3658332625833336,2.50499999525,2.5416666268333334,2.4616842052205716,1.7995245181732822
2024-11-28 06:00:00,1.22000002875,0.7453761151982504,2.494545459909091,2.40000009525,2.5061363577689395,2.499090909984848,2.43487977561365,1.7620567852189581
2024-11-28 07:00:00,1.2308333516666667,0.7453761151982504,1.208333383,2.3833333849166665,2.183219703539773,-0.08333323391666658,1.3493639511963584,1.5184377344027353
2024-11-28 08:00:00,1.23833334475,0.7453761151982504,1.2050000429166665,2.38916677225,1.857594716060606,-0.09749990700000044,1.3357778861612237,1.5233698011505714
2024-11-28 09:00:00,1.2549999950000001,0.7453761151982504,1.2075000405833334,2.4050000707500003,1.5288447316022729,-0.10749989724999987,1.333636063798724,1.3409901755001037
2024-11-28 10:00:00,1.2574999925833332,0.7453761151982504,1.22000002875,2.40250009275,1.2102083738125,-0.054545402409091004,1.3268200712325449,1.3195325815768324
2024-11-28 11:00:00,1.27916663875,0.7453761151982504,1.2308333516666667,2.3927273532727273,1.2158333659791665,1.2533333203333334,1.393971279916235,1.3235048254432167
2024-11-28 12:00:00,1.2958332894166666,0.7453761151982504,1.23833334475,2.3816666801666666,1.2241666914375,1.2716666465833335,1.4017811594940581,1.3363740607953436
2024-11-28 13:00:00,1.3141666550833333,0.7453761151982504,1.2549999950000001,2.384166737333333,1.2360416800416667,1.302499949416667,1.3439354621516175,1.345915492089809
2024-11-28 14:00:00,1.3291667104166667,0.7453761151982504,1.2574999925833332,2.3991667230833333,1.245416671,1.2949999564166665,1.3481150897706766,1.3363402523452252
2024-11-28 15:00:00,1.3508333563333332,0.7453761151982504,1.27916663875,2.4327273369090907,1.2574999927708332,1.3274999258333333,1.3709145625237855,1.3451205081620583
2024-11-28 16:00:00,1.3708333375,0.7453761151982504,1.2958332894166666,2.445000052416667,1.2718749789375,1.3533332340833333,1.3912073527281612,1.3626315015418848
2024-11-28 17:00:00,1.3824999928333332,0.7453761151982504,1.3141666550833333,2.4316667319166667,1.2866666439583332,1.3733333151666665,1.4113960639787426,1.391429974199923
2024-11-28 18:00:00,1.398333311,0.7453761151982504,1.3291667104166667,2.4566667080833335,1.3045833234166666,1.4008334282500001,1.426142642592518,1.4167040668305007
2024-11-28 19:00:00,1.4058333040833333,0.7453761151982504,1.3508333563333332,2.497500002416667,1.3225000028125,1.4225000739166664,1.362496950734518,1.3822786125466122
2024-11-28 20:00:00,1.4108332994166668,0.7453761151982504,1.3708333375,2.4833333493333334,1.3412500148333333,1.4458333855833332,1.3787501363084997,1.3624619765034796
2024-11-28 21:00:00,1.4141666295000002,0.7453761151982504,1.3824999928333332,2.50333333,1.3583333492708332,1.4508333305833332,1.3885373422796041,1.361538714772189
2024-11-28 22:00:00,1.4208332896666667,0.7453761151982504,1.398333311,2.4900000098333335,1.3756249994166665,1.4674999115833334,1.4019414249857696,1.388227687428037
2024-11-28 23:00:00,1.4308332904166667,0.7453761151982504,1.4058333040833333,2.4999999999166667,1.3893749863541665,1.4608332518333333,1.4079595215937946,1.4104086457243015
2024-11-29 00:00:00,1.4425000151666667,0.7453761151982504,1.4108332994166668,2.5074999928333335,1.3993749768333332,1.4508332613333337,1.4072827051497903,1.4339572857122378
2024-11-29 01:00:00,1.4525000455,0.7453761151982504,1.4141666295000002,2.5224999784166666,1.407291636,1.445833266166667,1.4095738894144594,1.4281374256891353
2024-11-29 02:00:00,1.4516667129999998,0.7453761151982504,1.4208332896666667,2.494545459909091,1.4129166306666667,1.4433332683333333,1.4132000250482337,1.4157051008705364
2024-11-29 03:00:00,1.2408333619166667,0.7453761151982504,1.4308332904166667,1.208333383,1.41916662725,1.4558332767500002,1.422167234742636,1.4060046849897583
2024-11-29 04:00:00,1.2258333565,0.7453761151982504,1.4425000151666667,1.2050000429166665,1.4270833061875,1.4741667309166666,1.4286347787960567,1.4231333760171891
2024-11-29 05:00:00,1.2308333516666667,0.7453761151982504,1.4525000455,1.2075000405833334,1.4366666601875,1.4908334614999996,1.4352174012679146,1.3781492879543888
2024-11-29 06:00:00,1.23750001225,0.7453761151982504,1.4516667129999998,1.22000002875,1.4443750160208333,1.482500136333333,1.430132528780967,1.388161273529975
2024-11-29 07:00:00,1.2366666796666665,0.7453761151982504,1.2408333619166667,1.2308333516666667,1.3968750338958331,1.0508334334166667,1.2184721637000098,1.2715325745847934
2024-11-29 08:00:00,1.24666667,0.7453761151982504,1.2258333565,1.23833334475,1.3427083692291666,1.0091666978333331,1.2094528792975705,1.2402948160054152
2024-11-29 09:00:00,1.2508333325,0.7453761151982504,1.2308333516666667,1.2549999950000001,1.2872916957708334,1.0091666578333336,1.2161865152511864,1.2857742321850243
2024-11-29 10:00:00,1.2599999901666668,0.7453761151982504,1.23750001225,1.2574999925833332,1.2337500205833334,1.0233333115,1.2229062310811663,1.262920871555102
2024-11-29 11:00:00,1.2758333085833333,0.7453761151982504,1.2366666796666665,1.27916663875,1.2327083500208333,1.2324999974166664,1.2378994242296497,1.2687367384507753
2024-11-29 12:00:00,1.28833329675,0.7453761151982504,1.24666667,1.2958332894166666,1.2379166783958333,1.2674999835,1.2516805277872656,1.2923803100395546
2024-11-29 13:00:00,1.3049999475,0.7453761151982504,1.2508333325,1.3141666550833333,1.2429166736041666,1.2708333133333334,1.25099990905713,1.2949905967389974
2024-11-29 14:00:00,1.3191666800833333,0.7453761151982504,1.2599999901666668,1.3291667104166667,1.2485416680833334,1.2824999680833336,1.2631096474823802,1.297450309009188
2024-11-29 15:00:00,1.333333373,0.7453761151982504,1.2758333085833333,1.3508333563333332,1.2583333253125,1.3149999375,1.2843362752227507,1.3543709360967007
2024-11-29 16:00:00,1.3441666959166667,0.7453761151982504,1.28833329675,1.3708333375,1.268749982,1.3299999235000002,1.3007155580715073,1.386004782595658
2024-11-29 17:00:00,1.355000019,0.7453761151982504,1.3049999475,1.3824999928333332,1.28229163575,1.3591665625,1.319524890438759,1.3804347252815659
2024-11-29 18:00:00,1.3683333398333335,0.7453761151982504,1.3191666800833333,1.398333311,1.2970833082291666,1.3783333699999998,1.3347128488177433,1.3764117798540212
2024-11-29 19:00:00,1.3749999999166667,0.7453761151982504,1.333333373,1.4058333040833333,1.3114583243333333,1.3908334374166669,1.3346059706795916,1.3536396306178482
2024-11-29 20:00:00,1.380833327583333,0.7453761151982504,1.3441666959166667,1.4108332994166668,1.325416674125,1.4000000950833333,1.3432941831475524,1.3749533660223647
2024-11-29 21:00:00,1.38249999275,0.7453761151982504,1.355000019,1.4141666295000002,1.337916692,1.4050000905,1.3526717510262771,1.373968926580305
2024-11-29 22:00:00,1.3883333208333335,0.7453761151982504,1.3683333398333335,1.4208332896666667,1.3502083569375,1.4174999995833337,1.3643173261117885,1.379998282364637
2024-11-29 23:00:00,1.3858333230833333,0.7453761151982504,1.3749999999166667,1.4308332904166667,1.3606250136666669,1.4166666268333332,1.3685741382039018,1.4077666982921488
2024-11-30 00:00:00,1.3725000025,0.7453761151982504,1.380833327583333,1.4425000151666667,1.3697916715833334,1.4174999592499995,1.3706988433081355,1.3989875755731023
2024-11-30 01:00:00,1.380833327583333,0.7453761151982504,1.38249999275,1.4525000455,1.3766666650208332,1.4099999664999998,1.3679083251828916,1.3904885616152056
2024-11-30 02:00:00,1.3758333325,0.7453761151982504,1.3883333208333335,1.4516667129999998,1.3816666602708332,1.4083333018333335,1.367627441154428,1.3828936229488977
2024-11-30 03:00:00,1.26000000025,0.7453761151982504,1.3858333230833333,1.2408333619166667,1.3843749910624998,1.39666664625,1.3595293351189888,1.375342366975345
2024-11-30 04:00:00,1.2450000049999999,0.7453761151982504,1.3725000025,1.2258333565,1.3822916597916666,1.364166677416667,1.3454208395669247,1.3659825455608783
2024-11-30 05:00:00,1.24333334,0.7453761151982504,1.380833327583333,1.2308333516666667,1.3818749935,1.3791666624166663,1.3501823224099794,1.3637726830016532
2024-11-30 06:00:00,1.2441666725,0.7453761151982504,1.3758333325,1.23750001225,1.3787499964166667,1.3633333441666666,1.3466733845072618,1.3358970317122252
2024-11-30 07:00:00,1.24000001,0.7453761151982504,1.26000000025,1.2366666796666665,1.3472916657083334,1.1341666774166668,1.2333365039342787,1.2950492418380588
2024-11-30 08:00:00,1.24000001,0.7453761151982504,1.2450000049999999,1.24666667,1.3154166663333333,1.1175000074999997,1.2233515411950138,1.2385185811127455
2024-11-30 09:00:00,1.24000001,0.7453761151982504,1.24333334,1.2508333325,1.2810416694375,1.1058333524166668,1.2201173513505488,1.2387466528808797
2024-11-30 10:00:00,1.24000001,0.7453761151982504,1.2441666725,1.2599999901666668,1.2481250044374999,1.1125000125,1.2188975334555934,1.2394835760133696
2024-11-30 11:00:00,1.2516666651666666,0.7453761151982504,1.24000001,1.2758333085833333,1.243125006875,1.2200000197499998,1.2273304436607813,1.254313755933661
2024-11-30 12:00:00,1.27083331325,0.7453761151982504,1.24000001,1.28833329675,1.241875008125,1.235000015,1.2331588003103375,1.2692705275907679
2024-11-30 13:00:00,1.279999971,0.7453761151982504,1.24000001,1.3049999475,1.241041675625,1.23666668,1.237297470702542,1.2716077533049783
2024-11-30 14:00:00,1.279999971,0.7453761151982504,1.24000001,1.3191666800833333,1.24000001,1.2358333474999998,1.241190952738063,1.2798558465246697
2024-11-30 15:00:00,1.2841666339166666,0.7453761151982504,1.2516666651666666,1.333333373,1.2429166737916666,1.2633333203333332,1.2562763742683516,1.2932028276349343
2024-11-30 16:00:00,1.2891666294166668,0.7453761151982504,1.27083331325,1.3441666959166667,1.2506249996041665,1.3016666165000002,1.2755652723386834,1.3127713639276428
2024-11-30 17:00:00,1.2924999595,0.7453761151982504,1.279999971,1.355000019,1.2606249898541666,1.3199999320000002,1.2880018112917975,1.3610503435540826
2024-11-30 18:00:00,1.298333287,0.7453761151982504,1.279999971,1.3683333398333335,1.2706249801041667,1.3199999320000002,1.2929654968668363,1.3662029303745993
2024-11-30 19:00:00,1.2974999545,0.7453761151982504,1.2841666339166666,1.3749999999166667,1.2787499722916666,1.3166666026666667,1.2930206910680013,1.3153502103156591
2024-11-30 20:00:00,1.2941666245,0.7453761151982504,1.2891666294166668,1.380833327583333,1.2833333013333335,1.3074999455833336,1.2969807647027527,1.3065359699447028
2024-11-30 21:00:00,1.298333287,0.7453761151982504,1.2924999595,1.38249999275,1.2864582984583333,1.3049999479999999,1.2997878614913292,1.3074212749364393
2024-11-30 22:00:00,1.3008332845833335,0.7453761151982504,1.298333287,1.3883333208333335,1.2910416274583334,1.3166666029999998,1.3038072176143505,1.3104474191699689
2024-11-30 23:00:00,1.2991666195,0.7453761151982504,1.2974999545,1.3858333230833333,1.2943749576041668,1.3108332750833336,1.3016687461930974,1.3156616428058894
2024-12-01 00:00:00,1.3016666171666669,0.7453761151982504,1.2941666245,1.3725000025,1.295624956375,1.2991666195833333,1.292453699650423,1.3132740046583224
2024-12-01 01:00:00,1.3041666149166666,0.7453761151982504,1.298333287,1.380833327583333,1.29708328825,1.3041666145,1.291332963252065,1.3101806815511574
2024-12-01 02:00:00,1.3066666126666666,0.7453761151982504,1.3008332845833335,1.3758333325,1.2977082876458335,1.303333282166667,1.2888204451160359,1.3051361810679194
2024-12-01 03:00:00,1.320000052,0.7453761151982504,1.2991666195,1.26000000025,1.2981249538958335,1.3008332845,1.283134934451212,1.3009856498078496
2024-12-01 04:00:00,1.3233333823333333,0.7453761151982504,1.3016666171666669,1.2450000049999999,1.2999999520625,1.3091666098333337,1.28329789205988,1.3074401983071369
2024-12-01 05:00:00,1.320000052,0.7453761151982504,1.3041666149166666,1.24333334,1.3014582840416669,1.3099999428333333,1.2817930955064907,1.2949839896138147
2024-12-01 06:00:00,1.320000052,0.7453761151982504,1.3066666126666666,1.2441666725,1.3029166160624999,1.3124999407499998,1.2789581587381091,1.2640070355786102
2024-12-01 07:00:00,1.3175000345833332,0.7453761151982504,1.320000052,1.24000001,1.3081249741875,1.3408334844999998,1.2779036452236134,1.2728938265364582
2024-12-01 08:00:00,1.3241667149166667,0.7453761151982504,1.3233333823333333,1.24000001,1.3135416654791665,1.3450001474999997,1.2803693679258803,1.2555239890859946
2024-12-01 09:00:00,1.3266667126666667,0.7453761151982504,1.320000052,1.24000001,1.31750002475,1.3358334890833332,1.2776978125913057,1.2497497050914894
2024-12-01 10:00:00,1.3283333778333335,0.7453761151982504,1.320000052,1.24000001,1.3208333845833333,1.3333334913333332,1.278180800623411,1.2576126789938133
2024-12-01 11:00:00,1.330000043,0.7453761151982504,1.3175000345833332,1.2516666651666666,1.3202083802291664,1.3150000171666665,1.2799898928063385,1.2601921944621899
2024-12-01 12:00:00,1.330000043,0.7453761151982504,1.3241667149166667,1.27083331325,1.320416713375,1.3250000475,1.2886274480460231,1.2721726576695027
2024-12-01 13:00:00,1.3308333755000001,0.7453761151982504,1.3266667126666667,1.279999971,1.3220833785416666,1.3333333733333335,1.3025283356283355,1.278376690159073
2024-12-01 14:00:00,1.330000043,0.7453761151982504,1.3283333778333335,1.279999971,1.32416671,1.336666703666667,1.3077509445457274,1.2944719617733988
2024-12-01 15:00:00,1.3350000379999998,0.7453761151982504,1.330000043,1.2841666339166666,1.3272917121041667,1.342500051416667,1.3152580719584321,1.2789900302783388
2024-12-01 16:00:00,1.3450000285,0.7453761151982504,1.330000043,1.2891666294166668,1.328750044125,1.3358333710833334,1.3208681110677931,1.2895740368725845
2024-12-01 17:00:00,1.346666693666667,0.7453761151982504,1.3308333755000001,1.2924999595,1.3297917098333336,1.3350000383333336,1.3248098668953876,1.299092351005852
2024-12-01 18:00:00,1.3491666914166667,0.7453761151982504,1.330000043,1.298333287,1.330208376125,1.3316667081666667,1.327506873434638,1.2990503391418315
2024-12-01 19:00:00,1.3433333633333333,0.7453761151982504,1.3350000379999998,1.2974999545,1.331458374875,1.3400000329999995,1.337833012833411,1.3344401564340476
2024-12-01 20:00:00,1.3433333633333333,0.7453761151982504,1.3450000285,1.2941666245,1.33520837125,1.3600000140000001,1.346930153180427,1.3448165603126896
2024-12-01 21:00:00,1.3475000262499999,0.7453761151982504,1.346666693666667,1.298333287,1.3391667007916668,1.3625000118333337,1.3480031434543236,1.369110766579343
2024-12-01 22:00:00,1.3475000262499999,0.7453761151982504,1.3491666914166667,1.3008332845833335,1.3439583628958334,1.3683333398333333,1.3489892674754596,1.393653667301234
2024-12-01 23:00:00,1.3558333515,0.7453761151982504,1.3433333633333333,1.2991666195,1.3460416942291669,1.3516666886666668,1.341294946510622,1.3985938975168892
2024-12-02 00:00:00,1.3541666865,0.7453761151982504,1.3433333633333333,1.3016666171666669,1.3456250279375,1.3416666981666665,1.3482829831521246,1.372331554361682
2024-12-02 01:00:00,1.3616666791666665,0.7453761151982504,1.3475000262499999,1.3041666149166666,1.3458333610833333,1.3483333588333328,1.3476442678470528,1.3829097146434313
2024-12-02 02:00:00,1.3666666745833334,0.7453761151982504,1.3475000262499999,1.3066666126666666,1.3454166947916666,1.345833361083333,1.3435371708358574,1.402484320168784
2024-12-02 03:00:00,1.43750000025,0.7453761151982504,1.3558333515,1.320000052,1.3485416918333333,1.3683333396666668,1.3455332810971743,1.4054997256755735
2024-12-02 04:00:00,1.44416669025,0.7453761151982504,1.3541666865,1.3233333823333333,1.351250022625,1.3650000096666666,1.340127684318754,1.4014232344391213
2024-12-02 05:00:00,1.4475000402499998,0.7453761151982504,1.3616666791666665,1.320000052,1.3547916858541664,1.3758333320833331,1.3422559878767384,1.3837204681031667
2024-12-02 06:00:00,1.4550000330833333,0.7453761151982504,1.3666666745833334,1.320000052,1.3595833479375,1.3858333229166668,1.3434038910325727,1.3665310381595548
2024-12-02 07:00:00,1.4463636658181818,0.7453761151982504,1.43750000025,1.3175000345833332,1.3800000101249998,1.519166649,1.3876218737176096,1.3868111305257225
2024-12-02 08:00:00,1.4483333628333332,0.7453761151982504,1.44416669025,1.3241667149166667,1.4025000110625,1.5341666940000003,1.3969622542104247,1.3888991518230966
2024-12-02 09:00:00,1.4533333778333333,0.7453761151982504,1.4475000402499998,1.3266667126666667,1.4239583513333331,1.533333401333333,1.3989510343261071,1.4041373355188327
2024-12-02 10:00:00,1.5208333333333333,0.7453761151982504,1.4550000330833333,1.3283333778333335,1.4460416909583333,1.5433333915833332,1.4049524371995248,1.38091283970906
2024-12-02 11:00:00,1.6408333280833334,0.7453761151982504,1.4463636658181818,1.330000043,1.4482576073503788,1.4552273313863635,1.4023032252371688,1.4172330344629993
2024-12-02 12:00:00,1.9533333084166664,0.7453761151982504,1.4483333628333332,1.330000043,1.449299275496212,1.4525000354166664,1.4096193207142744,1.4212484659368696
2024-12-02 13:00:00,2.0666666031666665,0.7453761151982504,1.4533333778333333,1.3308333755000001,1.4507576098920454,1.4591667154166668,1.4330927385760077,1.420078510276198
2024-12-02 14:00:00,2.0983332396666667,0.7453761151982504,1.5208333333333333,1.330000043,1.4672159349545453,1.5866666335833333,1.4929000555151486,1.421336249895768
2024-12-02 15:00:00,2.0916665793333333,0.7453761151982504,1.6408333280833334,1.3350000379999998,1.5158333505208332,1.835302990348485,1.5984751662671557,1.5095811351281536
2024-12-02 16:00:00,2.076666593666667,0.7453761151982504,1.9533333084166664,1.3450000285,1.6420833369166665,2.4583332539999994,1.8606473206034022,1.7473966733334079
2024-12-02 17:00:00,2.0849999190833333,0.7453761151982504,2.0666666031666665,1.346666693666667,1.7954166432499998,2.6799998284999997,1.9641784834775724,1.8317380367371336
2024-12-02 18:00:00,2.1099999547499997,0.7453761151982504,2.0983332396666667,1.3491666914166667,1.9397916198333331,2.6758331460000004,1.9959032592441104,1.8797622405159016
2024-12-02 19:00:00,2.1416667698333334,0.7453761151982504,2.0916665793333333,1.3433333633333333,2.0524999326458335,2.542499830583333,2.0035108914506234,1.9029266872954493
2024-12-02 20:00:00,2.136666754833333,0.7453761151982504,2.076666593666667,1.3433333633333333,2.083333253958333,2.1999998789166675,1.9914740021218684,1.8515757008665152
2024-12-02 21:00:00,2.1466667651666667,0.7453761151982504,2.0849999190833333,1.3475000262499999,2.0879165829375,2.103333235,2.0030713563936415,1.881542149983277
2024-12-02 22:00:00,2.165000081,0.7453761151982504,2.1099999547499997,1.3475000262499999,2.090833261708333,2.1216666698333326,2.043436701591207,1.869762980132323
2024-12-02 23:00:00,2.18166673175,0.7453761151982504,2.1416667698333334,1.3558333515,2.1033333093333333,2.1916669603333334,2.0760615037653203,1.8423936350143566
2024-12-03 00:00:00,2.21083337075,0.7453761151982504,2.136666754833333,1.3541666865,2.118333349625,2.1966669159999994,2.0694573713230806,1.8561614938218063
2024-12-03 01:00:00,2.22166669375,0.7453761151982504,2.1466667651666667,1.3616666791666665,2.1337500611458333,2.20833361125,2.0731222443328132,1.8593177173902709
2024-12-03 02:00:00,2.2250000041666667,0.7453761151982504,2.165000081,1.3666666745833334,2.1475000927083334,2.2200002072500005,2.086660761408311,1.8633433611124723
2024-12-05 00:00:00,2.28999996175,0.7453761151982504,2.258333325166667,1.7108333709166665,2.240416675854167,2.307499944666667,2.217219592752242,1.9149786110009281
2024-12-05 01:00:00,2.30166661725,0.7453761151982504,2.264999985333333,1.7233333589166666,2.2502083330625,2.304166614166666,2.2200585593143094,1.914923663533801
2024-12-05 02:00:00,2.3199999332499996,0.7453761151982504,2.276666641,1.7216666938333332,2.2610416559791666,2.3199999326666663,2.2307954337307594,1.9131807530415452
2024-12-05 03:00:00,2.350833257166667,0.7453761151982504,2.28833329675,1.9849999744166666,2.2720833120625,2.332499921083333,2.239720208604079,1.875310996248608
2024-12-05 04:00:00,2.3774999976666664,0.7453761151982504,2.28999996175,2.0541666149999998,2.2799999712083334,2.321666598333333,2.2396077358078874,1.8625373546128785
2024-12-05 05:00:00,2.3925001024166668,0.7453761151982504,2.30166661725,2.0749999285,2.2891666291875,2.338333249166667,2.244688900080106,1.8532345718134107
2024-12-05 06:00:00,2.3758333524166666,0.7453761151982504,2.3199999332499996,2.109166602333333,2.29999995225,2.3633332254999995,2.2575917767500835,1.8650720681584882
2024-12-05 07:00:00,2.3766667046666665,0.7453761151982504,2.350833257166667,2.110833307,2.3156249423541664,2.4133332175833337,2.274633904924414,1.76124035462422
2024-12-05 08:00:00,2.3841667175,0.7453761151982504,2.3774999976666664,2.1366667349166666,2.337499951333333,2.465000033583333,2.298448220025294,1.7405947077606083
2024-12-05 09:00:00,2.3791666824999997,0.7453761151982504,2.3925001024166668,2.130000015083333,2.360208322625,2.4833335875833336,2.313640184023794,1.7517823417458886
2024-12-05 10:00:00,2.39083343725,0.7453761151982504,2.3758333524166666,2.1350001095,2.3741666774166665,2.4316667715833336,2.303393260566544,1.7906951770533674
2024-12-05 11:00:00,2.3958334325000004,0.7453761151982504,2.3766667046666665,2.1341667768333332,2.3806250392916666,2.4025001521666662,2.312537215478641,1.7741754925572375
2024-12-05 12:00:00,2.4172728061818183,0.7453761151982504,2.3841667175,2.169166743666667,2.38229171925,2.3908334373333333,2.3262147296341746,1.7818892775126185
2024-12-05 13:00:00,2.4358333945,0.7453761151982504,2.3791666824999997,2.172500073833333,2.378958364270833,2.3658332625833327,2.332073002729143,1.7837184691611925
2024-12-05 14:00:00,2.4691666961666665,0.7453761151982504,2.39083343725,2.1691667438333333,2.3827083854791664,2.4058335220833333,2.343755906498627,1.8155539577555992
2024-12-05 15:00:00,2.4866666795000003,0.7453761151982504,2.3958334325000004,2.200833380416667,2.3875000674374998,2.415000160333334,2.3517761494412213,1.8419265472889386
2024-12-05 16:00:00,2.52083331325,0.7453761151982504,2.4172728061818183,2.2091667056666666,2.3957765896079546,2.4503788948636367,2.374830189574615,1.851799555893294
2024-12-05 17:00:00,2.5333333013333332,0.7453761151982504,2.4358333945,2.2258333565000004,2.4099432676079546,2.4925001065,2.3966775015503594,1.8584452118923207
2024-12-05 18:00:00,2.5533332824166663,0.7453761151982504,2.4691666961666665,2.2333333493333334,2.4295265823371213,2.547499955083333,2.4291842141334756,1.858644900701628
2024-12-05 19:00:00,2.5641666055,0.7453761151982504,2.4866666795000003,2.2441666724166667,2.4522348940871215,2.5774999265000003,2.448616401179346,1.8608942233983015
2024-12-05 20:00:00,2.5799999236666666,0.7453761151982504,2.52083331325,2.258333325166667,2.4781250208541667,2.6243938203181814,2.478611490514755,1.8715650865608662
2024-12-05 21:00:00,2.594166576833333,0.7453761151982504,2.5333333013333332,2.264999985333333,2.5024999975625,2.6308332081666665,2.4904955597009972,1.8700317567976474
2024-12-05 22:00:00,2.601666569833333,0.7453761151982504,2.5533332824166663,2.276666641,2.523541644125,2.637499868666666,2.5064278421959116,1.8666726168754064
2024-12-05 23:00:00,2.611666560166667,0.7453761151982504,2.5641666055,2.28833329675,2.5429166256249998,2.6416665315,2.5144922994038104,1.8669546651390934
2024-12-06 00:00:00,2.6208332778333334,0.7453761151982504,2.5799999236666666,2.28999996175,2.5577082782291667,2.6391665340833335,2.524795082248666,1.8690105001546438
2024-12-06 01:00:00,2.632500092,0.7453761151982504,2.594166576833333,2.30166661725,2.5729165971041668,2.654999852333333,2.5334624379885122,1.8728656738074638
2024-12-06 02:00:00,2.63916677225,0.7453761151982504,2.601666569833333,2.3199999332499996,2.5849999189583333,2.64999985725,2.5377175942371704,1.880891147594236
2024-12-06 03:00:00,2.4066666563333334,0.7453761151982504,2.611666560166667,2.350833257166667,2.5968749076249997,2.6591665148333337,2.5436029998228555,1.832295603398432
2024-12-06 04:00:00,2.36666659525,0.7453761151982504,2.6208332778333334,2.3774999976666664,2.607083246166667,2.661666632,2.5492826041713514,1.831736024765469
2024-12-06 05:00:00,2.3666665953333332,0.7453761151982504,2.632500092,2.3925001024166668,2.6166666249583335,2.6708336071666667,2.5566701893097505,1.8165024704127721
2024-12-06 06:00:00,2.3466665745833333,0.7453761151982504,2.63916677225,2.3758333524166666,2.6260416755625,2.6766669746666665,2.5624365861393366,1.802897825412419
2024-12-06 07:00:00,2.3441665769166664,0.7453761151982504,2.4066666563333334,2.3766667046666665,2.574791699604167,2.2016667525,2.356346375832132,1.7337612067791652
2024-12-06 08:00:00,2.3416665794166667,0.7453761151982504,2.36666659525,2.3841667175,2.511250028958333,2.1124999126666664,2.324303979968449,1.7353214775416546
2024-12-06 09:00:00,2.313333273,0.7453761151982504,2.3666665953333332,2.3791666824999997,2.4447916547916666,2.1008330986666666,2.3252019688570096,1.741149850895949
2024-12-06 10:00:00,2.3216665982499998,0.7453761151982504,2.3466665745833333,2.39083343725,2.3716666053749997,2.0541663769166667,2.30402359967449,1.772805916241865
2024-12-06 11:00:00,2.333333253833333,0.7453761151982504,2.3441665769166664,2.3958334325000004,2.356041585520833,2.2816664974999994,2.317113547701216,1.7647390343313223
2024-12-06 12:00:00,2.3541665675,0.7453761151982504,2.3416665794166667,2.4172728061818183,2.3497915815625,2.3166665635833334,2.323482769602185,1.8078617336593712
2024-12-06 13:00:00,2.35666656525,0.7453761151982504,2.313333273,2.4358333945,2.3364582509791667,2.259999950666667,2.3015030596102686,1.812372371767292
2024-12-06 14:00:00,2.36666659525,0.7453761151982504,2.3216665982499998,2.4691666961666665,2.3302082568958333,2.2966666219166663,2.3140630108296416,1.823354595862503
2024-12-06 15:00:00,2.375000019833333,0.7453761151982504,2.333333253833333,2.4866666795000003,2.327499926125,2.32249993075,2.32852434677009,1.8357338368245097
2024-12-06 16:00:00,2.359999915,0.7453761151982504,2.3541665675,2.52083331325,2.3306249231458334,2.3666665555833335,2.348897059043839,1.8348497481117776
2024-12-06 17:00:00,2.378333330083333,0.7453761151982504,2.35666656525,2.5333333013333332,2.341458246208333,2.3999998574999997,2.3574767836841986,1.8329329100357858
2024-12-06 18:00:00,2.39000010475,0.7453761151982504,2.36666659525,2.5533332824166663,2.3527082454583335,2.41166659225,2.370125999618614,1.8415092744094652
2024-12-06 19:00:00,2.4141667485833334,0.7453761151982504,2.375000019833333,2.5641666055,2.363124936958333,2.4166667858333333,2.366380236026336,1.848956702422823
2024-12-06 20:00:00,2.4250000715,0.7453761151982504,2.359999915,2.5799999236666666,2.3645832738333334,2.3658332625,2.3531166757173922,1.8513506405801978
2024-12-06 21:00:00,2.4341667295,0.7453761151982504,2.378333330083333,2.594166576833333,2.3699999650416665,2.4000000949166664,2.3682165073621295,1.8500218149810537
2024-12-06 22:00:00,2.4558333755,0.7453761151982504,2.39000010475,2.601666569833333,2.3758333424166667,2.41333361425,2.377178860099529,1.850050694743981
2024-12-06 23:00:00,2.473333358916667,0.7453761151982504,2.4141667485833334,2.611666560166667,2.385625024604167,2.4533334773333335,2.3945864887349133,1.8508371539606465
2024-12-07 00:00:00,2.4999999999166667,0.7453761151982504,2.4250000715,2.6208332778333334,2.401875063729167,2.490000228,2.40043022235512,1.8617876825360127
2024-12-07 01:00:00,2.4950000048333334,0.7453761151982504,2.4341667295,2.632500092,2.415833413583333,2.4900001289166664,2.4015166382853224,1.8665243100059907
2024-12-07 02:00:00,2.5058333275833333,0.7453761151982504,2.4558333755,2.63916677225,2.4322917312708334,2.5216666462500004,2.4144253540159193,1.8854016393189215
2024-12-07 03:00:00,2.2949999966666668,0.7453761151982504,2.473333358916667,2.4066666563333334,2.447083383854167,2.5324999692500003,2.425633492899122,1.8357932122789469
2024-12-07 04:00:00,2.2866666316666664,0.7453761151982504,2.4999999999166667,2.36666659525,2.4658333659583334,2.5749999283333334,2.4457565484225463,1.8365085789192377
2024-12-07 05:00:00,2.2708333131666665,0.7453761151982504,2.4950000048333334,2.3666665953333332,2.4810416847916668,2.555833280166667,2.439811651941529,1.8126939628120493
2024-12-07 06:00:00,2.2908332941666667,0.7453761151982504,2.5058333275833333,2.3466665745833333,2.4935416728125,2.5558332796666665,2.446459508461293,1.8097883630182052
2024-12-07 07:00:00,2.2858332989999997,0.7453761151982504,2.2949999966666668,2.3441665769166664,2.44895833225,2.1166666344166667,2.2500174089508835,1.7537054189399643
2024-12-07 08:00:00,2.2874999641666665,0.7453761151982504,2.2866666316666664,2.3416665794166667,2.3956249901875,2.073333263416666,2.2394397096882086,1.750599595291581
2024-12-07 09:00:00,2.299166619583333,0.7453761151982504,2.2708333131666665,2.313333273,2.3395833172708334,2.0466666214999996,2.2295079918709364,1.7825049919964537
2024-12-07 10:00:00,2.304166614916667,0.7453761151982504,2.2908332941666667,2.3216665982499998,2.2858333089166667,2.07583326075,2.2451895081150255,1.8184212228125989
2024-12-07 11:00:00,2.310833275333333,0.7453761151982504,2.2858332989999997,2.333333253833333,2.2835416344999997,2.2766666013333325,2.256192478869332,1.7861576113840034
2024-12-07 12:00:00,2.3299999235,0.7453761151982504,2.2874999641666665,2.3541665675,2.283749967625,2.2883332966666665,2.263057010882201,1.725365564382816
2024-12-10 00:00:00,0.5683333277333333,0.7453761151982504,0.6100000143,1.8308333754166668,0.6178787946734848,0.5883333683166665,0.6626598594067218,0.6226899846965028
2024-12-10 01:00:00,0.5583333373166667,0.7453761151982504,0.6000000138833333,1.8350000379999998,0.6108333443624999,0.5718182126393939,0.6485364182586001,0.6105677372462205
2024-12-10 02:00:00,0.5583333472333334,0.7453761151982504,0.5883333087166667,1.8375000355,0.6029166703416666,0.5566666126333334,0.6330437890461938,0.5795523502108236
2024-12-10 03:00:00,0.906666686125,0.7453761151982504,0.5799999833,2.638333320416667,0.59458333005,0.5466666221333334,0.6207323554242726,0.5737942246909921
2024-12-10 04:00:00,0.9081818352909091,0.7453761151982504,0.5683333277333333,1.1450000007916665,0.5841666584083334,0.5266666411666667,0.6051104516954472,0.5667466384038234
2024-12-10 05:00:00,0.892499983325,0.7453761151982504,0.5583333373166667,0.8791666676583333,0.5737499892666666,0.51666666075,0.5928333445641789,0.5475763839200037
2024-12-10 06:00:00,0.8772727250909091,0.7453761151982504,0.5583333472333334,0.7550000051666667,0.5662499988958334,0.5283333857500001,0.5888382501333843,0.5318644725985341
2024-12-10 07:00:00,0.8616666793833333,0.7453761151982504,0.906666686125,0.7024999956166665,0.6479166746020834,1.23333338895,0.8727287312699235,0.849771862364667
2024-12-10 08:00:00,0.8390909053909091,0.7453761151982504,0.9081818352909091,0.6833333373333333,0.7328788014914773,1.248030342848485,0.8532092570659318,0.8393176622757494
2024-12-10 09:00:00,0.8209090828727273,0.7453761151982504,0.892499983325,0.6663636565181817,0.8164204629935607,1.2266666293333333,0.8373860310291884,0.8355006508973392
2024-12-10 10:00:00,0.8036363720909091,0.7453761151982504,0.8772727250909091,0.6600000262,0.8961553074579545,1.196212102948485,0.8261753549437373,0.8170762967865464
2024-12-10 11:00:00,0.7841666589416666,0.7453761151982504,0.8616666793833333,0.6545454534727273,0.8849053057725379,0.8166666726416666,0.8080925479000924,0.811633241488874
2024-12-10 12:00:00,0.7799999714,0.7453761151982504,0.8390909053909091,0.6499999762,0.867632573297538,0.7699999754909091,0.7905798542687825,0.7807737599410686
2024-12-10 13:00:00,0.7791666388583334,0.7453761151982504,0.8209090828727273,0.6490908861545456,0.8497348481844696,0.7493181824204547,0.8112501737757271,0.7379491356240742
2024-12-10 14:00:00,0.7699999809000001,0.7453761151982504,0.8036363720909091,0.6399999857,0.8313257599344697,0.7300000190909091,0.8000823538407457,0.7491531411729149
2024-12-10 15:00:00,0.7624999881,0.7453761151982504,0.7841666589416666,0.6399999857,0.811950754824053,0.7066666384999999,0.7875906656985725,0.7543345073056207
2024-12-10 16:00:00,0.7590909004545455,0.7453761151982504,0.7799999714,0.6316666602833334,0.7971780213263258,0.7209090374090908,0.786762428211352,0.7713565986033222
2024-12-10 17:00:00,0.7491666674583333,0.7453761151982504,0.7791666388583334,0.6281818151272728,0.7867424103227273,0.7374241948439394,0.7896225293529981,0.7846962339322675
2024-12-10 18:00:00,0.7358333468333332,0.7453761151982504,0.7699999809000001,0.6200000048,0.778333312525,0.7363635897090911,0.7850751084341498,0.7593926689606479
2024-12-10 19:00:00,0.7216666936833334,0.7453761151982504,0.7624999881,0.6133333444666667,0.7729166448145834,0.7408333172583333,0.806308103476306,0.7974724478631146
2024-12-10 20:00:00,0.7118181694272727,0.7453761151982504,0.7590909004545455,0.6100000143,0.7676893770782197,0.7381818295090911,0.8025154217246546,0.8258615778208843
2024-12-10 21:00:00,0.7024999856999999,0.7453761151982504,0.7491666674583333,0.6000000138833333,0.7601893842282197,0.7191666960583332,0.7926363812815407,0.8044522734969004
2024-12-10 22:00:00,0.6941666603083333,0.7453761151982504,0.7358333468333332,0.5883333087166667,0.751647725711553,0.7016667127666664,0.7769114834068915,0.7956792494624794
2024-12-10 23:00:00,0.6891666650666667,0.7453761151982504,0.7216666936833334,0.5799999833,0.7414394021073862,0.6808333992666668,0.7616587365369554,0.7946182814247549
2024-12-11 00:00:00,0.6800000072,0.7453761151982504,0.7118181694272727,0.5683333277333333,0.7296212193505682,0.6645454383999999,0.7461353717656468,0.7541174498095227
2024-12-11 01:00:00,0.6772727370636363,0.7453761151982504,0.7024999856999999,0.5583333373166667,0.7179545489109849,0.6558333039416666,0.7315490062788182,0.742361806006124
2024-12-11 02:00:00,0.67300001385,0.7453761151982504,0.6941666603083333,0.5583333472333334,0.7075378772797349,0.6524999737833334,0.7174222985292542,0.7434126569347728
2024-12-11 03:00:00,0.6060000180999999,0.7453761151982504,0.6891666650666667,0.906666686125,0.6994128701255681,0.65666663645,0.706427798093019,0.750121105985236
2024-12-11 04:00:00,0.607500016675,0.7453761151982504,0.6800000072,0.9081818352909091,0.69145832956875,0.6481818449727272,0.6922992869398997,0.7358565478228608
2024-12-11 05:00:00,0.6091666817583333,0.7453761151982504,0.6772727370636363,0.892499983325,0.6851515174096591,0.6520454884272727,0.684739881935654,0.7312009022534597
2024-12-11 06:00:00,0.6100000143,0.7453761151982504,0.67300001385,0.8772727250909091,0.6798598557950758,0.6518333673916666,0.6770147369880383,0.7308076383858316
2024-12-11 07:00:00,0.6100000143,0.7453761151982504,0.6060000180999999,0.8616666793833333,0.6590681940534091,0.5228333711333332,0.610463064900013,0.5787577896992913
2024-12-11 08:00:00,0.60700001715,0.7453761151982504,0.607500016675,0.8390909053909091,0.640943196422159,0.53500002615,0.6123542791131554,0.5962330282587225
2024-12-11 09:00:00,0.6072727441636363,0.7453761151982504,0.6091666817583333,0.8209090828727273,0.6239166825958333,0.5410606264530303,0.6106414587459246,0.6034020211238303
2024-12-11 10:00:00,0.6030000209499999,0.7453761151982504,0.6100000143,0.8036363720909091,0.6081666827083333,0.5470000147499999,0.6098018353570274,0.6173772091669129
2024-12-11 11:00:00,0.6063636541181817,0.7453761151982504,0.6100000143,0.7841666589416666,0.6091666817583332,0.6140000105,0.6164075431116842,0.629017207114695
2024-12-11 12:00:00,0.6030000209499999,0.7453761151982504,0.60700001715,0.7799999714,0.6090416818770833,0.6065000176249999,0.6153423695970226,0.6218587575889234
2024-12-11 13:00:00,0.6100000143,0.7453761151982504,0.6072727441636363,0.7791666388583334,0.6085681974784091,0.6053788065689393,0.6204201225729127,0.6201904691258736
2024-12-11 14:00:00,0.6100000143,0.7453761151982504,0.6030000209499999,0.7699999809000001,0.6068181991409091,0.5960000275999999,0.6204984826215284,0.5999039164565256
2024-12-11 15:00:00,0.6100000143,0.7453761151982504,0.6063636541181817,0.7624999881,0.6059091090954545,0.6027272939363635,0.6284809717202642,0.6033209916851433
2024-12-11 16:00:00,0.6100000143,0.7453761151982504,0.6030000209499999,0.7590909004545455,0.6049091100454544,0.5990000247499999,0.6308083611475283,0.6102665286141626
2024-12-11 17:00:00,0.6100000143,0.7453761151982504,0.6100000143,0.7491666674583333,0.6055909275795454,0.6127272844363636,0.641077623432348,0.6167869192268901
2024-12-11 18:00:00,0.6100000143,0.7453761151982504,0.6100000143,0.7358333468333332,0.6073409259170455,0.61700000765,0.6444238580643239,0.6154758563172621
2024-12-11 19:00:00,0.6050000190499999,0.7453761151982504,0.6100000143,0.7216666936833334,0.6082500159625,0.6136363744818182,0.6439493923480651,0.6172872006826311
2024-12-11 20:00:00,0.6000000238,0.7453761151982504,0.6100000143,0.7118181694272727,0.6100000143,0.61700000765,0.6453388015287629,0.6020442374866903
2024-12-11 21:00:00,0.6000000238,0.7453761151982504,0.6100000143,0.7024999856999999,0.6100000143,0.6100000143,0.6450609452711932,0.6144317550133277
2024-12-11 22:00:00,0.6000000238,0.7453761151982504,0.6100000143,0.6941666603083333,0.6100000143,0.6100000143,0.6423936875648008,0.6111780212463856
2024-12-11 23:00:00,0.6000000238,0.7453761151982504,0.6050000190499999,0.6891666650666667,0.6087500154875,0.6000000237999998,0.6359865957387015,0.6128499235423396
2024-12-12 00:00:00,0.6000000238,0.7453761151982504,0.6000000238,0.6800000072,0.6062500178624999,0.5900000333,0.6259606898893513,0.5930297584118807
2024-12-12 01:00:00,0.5991666862999999,0.7453761151982504,0.6000000238,0.6772727370636363,0.6037500202374999,0.5900000333,0.6205009842510023,0.5992019554190172
2024-12-12 02:00:00,0.5991666862999999,0.7453761151982504,0.6000000238,0.67300001385,0.6012500226124999,0.5900000333,0.6151304293455475,0.5995080512296679
2024-12-12 03:00:00,0.28750000891666666,0.7453761151982504,0.6000000238,0.6060000180999999,0.6000000238,0.59500002855,0.6118220881567318,0.5995869277833106
2024-12-12 04:00:00,0.2655555572777778,0.7453761151982504,0.6000000238,0.607500016675,0.6000000238,0.6000000238,0.6061741665723028,0.6035313960149808
2024-12-14 00:00:00,0.24833333243333333,0.7453761151982504,0.24166666216666666,0.2599999905,0.24520833074583334,0.23499999189999998,0.2744957631838903,0.24223584384054964
2024-12-14 01:00:00,0.25,0.7453761151982504,0.2399999946,0.2591666579583333,0.24291666284166666,0.23083332298333334,0.26884627577294373,0.24047046036320413
2024-12-14 02:00:00,0.24916666621666664,0.7453761151982504,0.2399999946,0.2599999905,0.241249995275,0.23333332433333331,0.2641569587205393,0.2609460968411096
2024-12-14 03:00:00,0.23333333433333334,0.7453761151982504,0.24166666216666666,0.2599999905,0.24083332838333332,0.2399999946,0.2611437397973897,0.31438712827849313
2024-12-14 04:00:00,0.2399999946,0.7453761151982504,0.24833333243333333,0.25833332541666665,0.24249999595,0.2550000027,0.2614334213400435,0.31478229097057714
2024-12-14 05:00:00,0.2399999946,0.7453761151982504,0.25,0.2508333325416667,0.2449999973,0.2600000054,0.2567069763914957,0.31336651609097027
2024-12-14 06:00:00,0.2399999946,0.7453761151982504,0.24916666621666664,0.2508333325416667,0.24729166520416665,0.2583333378333333,0.2506269841705622,0.29695633965742896
2024-12-14 07:00:00,0.2399999946,0.7453761151982504,0.23333333433333334,0.25,0.24520833324583333,0.22500000650000002,0.22443281976718554,0.23843172587266936
2024-12-14 08:00:00,0.24249999594999996,0.7453761151982504,0.2399999946,0.2516666650833333,0.2431249987875,0.23166665676666665,0.23218990956074181,0.2382286724193481
2024-12-14 09:00:00,0.24166666216666666,0.7453761151982504,0.2399999946,0.25249999762500003,0.2406249974375,0.22999998919999998,0.23246462670993862,0.25767970200078977
2024-12-14 10:00:00,0.24249999594999996,0.7453761151982504,0.2399999946,0.25,0.23833332953333333,0.23083332298333334,0.23507257426945616,0.22791894925285633
2024-12-14 11:00:00,0.25,0.7453761151982504,0.2399999946,0.25,0.2399999946,0.24666665486666664,0.24028311758709964,0.23165757351570196
2024-12-14 12:00:00,0.25,0.7453761151982504,0.24249999594999996,0.25,0.24062499493749998,0.24499999729999994,0.24647862318814107,0.22617411709509355
2024-12-14 13:00:00,0.25,0.7453761151982504,0.24166666216666666,0.25,0.24104166182916664,0.24333332973333333,0.2501737475562484,0.22500851250555168
2024-12-14 14:00:00,0.25,0.7453761151982504,0.24249999594999996,0.25,0.24166666216666663,0.24499999729999994,0.2548656318246055,0.23675590641867847
2024-12-14 15:00:00,0.25,0.7453761151982504,0.25,0.25,0.24416666351666663,0.2600000054,0.2652940071719852,0.2299269201627187
2024-12-14 16:00:00,0.25,0.7453761151982504,0.25,0.24833333243333333,0.24604166452916665,0.25750000405000006,0.26957286018108656,0.24289273563202146
2024-12-14 17:00:00,0.25333333016666665,0.7453761151982504,0.25,0.24916666621666664,0.24812499898749998,0.25833333783333334,0.2731333972910215,0.26054149275549165
2024-12-14 18:00:00,0.25666666033333335,0.7453761151982504,0.25,0.24666666486666666,0.25,0.25750000405000006,0.2767213201712514,0.2591940666489638
2024-12-14 19:00:00,0.2599999905,0.7453761151982504,0.25,0.24333332973333333,0.25,0.25,0.27642038008982595,0.24756784156682202
2024-12-14 20:00:00,0.2599999905,0.7453761151982504,0.25,0.24166666216666666,0.25,0.25,0.27797670136197994,0.2652783808678231
2024-12-14 21:00:00,0.2616666605333333,0.7453761151982504,0.25333333016666665,0.2399999946,0.2508333325416667,0.2566666603333333,0.28120616383460917,0.2528583071492286
2024-12-14 22:00:00,0.2599999905,0.7453761151982504,0.25666666033333335,0.2399999946,0.252499997625,0.2633333206666667,0.2829340547870256,0.21633026762695998
2024-12-14 23:00:00,0.2599999905,0.7453761151982504,0.2599999905,0.24166666216666666,0.25499999525,0.269999981,0.2833901254902352,0.2572512222937376
2024-12-15 00:00:00,0.2599999905,0.7453761151982504,0.2599999905,0.24833333243333333,0.25749999287500003,0.269999981,0.2782152784456432,0.25724563825702207
2024-12-15 01:00:00,0.2599999905,0.7453761151982504,0.2616666605333333,0.25,0.2595833254666666,0.2699999909,0.27558606950185743,0.29142369160828174
2024-12-15 02:00:00,0.25916665919166665,0.7453761151982504,0.2599999905,0.24916666621666664,0.26041665800833336,0.26333332066666665,0.26962869714090953,0.2880314475626558
2024-12-15 03:00:00,0.2199999988,0.7453761151982504,0.2599999905,0.23333333433333334,0.26041665800833336,0.2599999905,0.26626955625337945,0.3355137647745881
2024-12-15 04:00:00,0.2291666704166667,0.7453761151982504,0.2599999905,0.2399999946,0.26041665800833336,0.2599999905,0.26339497715013194,0.32617209093446103
2024-12-15 05:00:00,0.2300000042,0.7453761151982504,0.2599999905,0.2399999946,0.2599999905,0.2583333204666667,0.26008154698539526,0.3557508058738126
2024-12-15 06:00:00,0.2300000042,0.7453761151982504,0.25916665919166665,0.2399999946,0.2597916576729167,0.2583333278833333,0.2560160533418465,0.34621513499154694
2024-12-15 07:00:00,0.2300000042,0.7453761151982504,0.2199999988,0.2399999946,0.24979165974791667,0.18000000710000003,0.21690683628858876,0.2548889156439978
2024-12-15 08:00:00,0.2308333367333333,0.7453761151982504,0.2291666704166667,0.24249999594999996,0.24208332972708335,0.19833335033333338,0.22518559394600524,0.2409445047156741
2024-12-15 09:00:00,0.2325000018,0.7453761151982504,0.2300000042,0.24166666216666666,0.23458333315208335,0.2000000179,0.22772427383259064,0.25054063213684064
2024-12-15 10:00:00,0.2300000042,0.7453761151982504,0.2300000042,0.24249999594999996,0.22729166940416667,0.20083334920833334,0.2257017758710418,0.2253162377191092
2024-12-15 11:00:00,0.2300000042,0.7453761151982504,0.2300000042,0.25,0.22979167075416668,0.24000000959999998,0.23200812089820944,0.2469583309410054
2024-12-15 12:00:00,0.2300000042,0.7453761151982504,0.2308333367333333,0.25,0.23020833733333335,0.23250000304999993,0.2356171987286656,0.2503200482950399
2024-12-15 13:00:00,0.2399999946,0.7453761151982504,0.2325000018,0.25,0.2308333367333333,0.2349999994,0.24345663823248842,0.2540788012605778
2024-12-15 14:00:00,0.237499997,0.7453761151982504,0.2300000042,0.25,0.2308333367333333,0.2300000042,0.2470614899911584,0.25587836962735805
2024-12-15 15:00:00,0.23333333433333334,0.7453761151982504,0.2300000042,0.25,0.2308333367333333,0.2300000042,0.2515893260065747,0.258352026342954
2024-12-15 16:00:00,0.23583333193333333,0.7453761151982504,0.2300000042,0.25,0.2306250036,0.22916667166666668,0.2554218229944508,0.2607168633316852
2024-12-15 17:00:00,0.23333333433333334,0.7453761151982504,0.2399999946,0.25333333016666665,0.2325000018,0.24749998739999998,0.2682582428988138,0.24539429185605086
2024-12-15 18:00:00,0.23666666446666665,0.7453761151982504,0.237499997,0.25666666033333335,0.234375,0.24499998979999998,0.2689400805262253,0.24422707888571807
2024-12-15 19:00:00,0.2308333367333333,0.7453761151982504,0.23333333433333334,0.2599999905,0.23520833253333334,0.23666666446666668,0.2681539704822649,0.23777969394349352
2024-12-15 20:00:00,0.23166666926666668,0.7453761151982504,0.23583333193333333,0.2599999905,0.23666666446666668,0.24166665966666667,0.2702143785664985,0.2522971078600576
2024-12-15 21:00:00,0.23416666686666665,0.7453761151982504,0.23333333433333334,0.2616666605333333,0.2349999994,0.22666667406666668,0.26710381636545405,0.23771423679199757
2024-12-15 22:00:00,0.237499997,0.7453761151982504,0.23666666446666665,0.2599999905,0.23479166626666664,0.2358333319333333,0.26794224594063915,0.24300746916237054
2024-12-15 23:00:00,0.23583333193333333,0.7453761151982504,0.2308333367333333,0.2599999905,0.23416666686666668,0.22833333913333329,0.2615603701182237,0.24030616855253165
2024-12-16 00:00:00,0.23333333433333334,0.7453761151982504,0.23166666926666668,0.2599999905,0.23312500120000001,0.22750000660000003,0.26882660816437126,0.24364799902718756
2024-12-16 01:00:00,0.23416666686666665,0.7453761151982504,0.23416666686666665,0.2599999905,0.23333333433333334,0.23499999939999996,0.2666927789355853,0.24913339658825864
2024-12-16 02:00:00,0.23166666926666668,0.7453761151982504,0.237499997,0.25916665919166665,0.23354166746666666,0.23833332953333333,0.26403606856825734,0.24885009939776676
2024-12-16 03:00:00,0.26750000565000004,0.7453761151982504,0.23583333193333333,0.2199999988,0.23479166626666664,0.24083332713333336,0.25837487095448125,0.29599053245015533
2024-12-16 04:00:00,0.2700000107,0.7453761151982504,0.23333333433333334,0.2291666704166667,0.23520833253333331,0.2349999994,0.25267995924550013,0.3166406795931041
2024-12-16 05:00:00,0.2700000107,0.7453761151982504,0.23416666686666665,0.2300000042,0.23520833253333331,0.23416666686666665,0.25073883233517325,0.31908181746964087
2024-12-16 06:00:00,0.2700000107,0.7453761151982504,0.23166666926666668,0.2300000042,0.2337500006,0.22583334153333337,0.24454485128212988,0.30931997007015666
2024-12-16 07:00:00,0.2700000107,0.7453761151982504,0.26750000565000004,0.2300000042,0.24166666902916667,0.29916667936666674,0.25549807747811254,0.28863137020703433
2024-12-16 08:00:00,0.2700000107,0.7453761151982504,0.2700000107,0.2308333367333333,0.25083333812083336,0.30666668706666667,0.26263488694128634,0.2817341664979783
2024-12-16 09:00:00,0.26583333561666667,0.7453761151982504,0.2700000107,0.2325000018,0.2597916740791667,0.3058333545333334,0.26049013372242125,0.2865911932622702
2024-12-16 10:00:00,0.2650000006,0.7453761151982504,0.2700000107,0.2300000042,0.26937500943750003,0.30833335213333335,0.2617750528719687,0.2718062594279715
2024-12-16 11:00:00,0.26083332551666666,0.7453761151982504,0.2700000107,0.2300000042,0.2700000107,0.27250001575,0.26758724836976344,0.28569034424950546
2024-12-16 12:00:00,0.2599999905,0.7453761151982504,0.2700000107,0.2300000042,0.2700000107,0.2700000107,0.2718158681042188,0.29826320418333185
2024-12-16 13:00:00,0.2599999905,0.7453761151982504,0.26583333561666667,0.2399999946,0.2689583419291667,0.2616666605333333,0.284570801830556,0.26071698576814184
2024-12-16 14:00:00,0.2599999905,0.7453761151982504,0.2650000006,0.237499997,0.26770833940416666,0.2599999905,0.2891264182389871,0.27131673256291866
2024-12-16 15:00:00,0.2599999905,0.7453761151982504,0.26083332551666666,0.23333333433333334,0.2654166681083333,0.2516666403333333,0.28940136351407764,0.2765105914346254
2024-12-16 16:00:00,0.2599999905,0.7453761151982504,0.2599999905,0.23583333193333333,0.26291666305833333,0.24999997029999999,0.29327364630437447,0.27979727930931114
2024-12-16 17:00:00,0.2599999905,0.7453761151982504,0.2599999905,0.23333333433333334,0.2614583267791667,0.25416664538333333,0.2972887841397083,0.2727524756177796
2024-12-16 18:00:00,0.257499992875,0.7453761151982504,0.2599999905,0.23666666446666665,0.2602083242541667,0.2549999804,0.30117038299398313,0.2904519074715482
2024-12-16 19:00:00,0.257499992875,0.7453761151982504,0.2599999905,0.2308333367333333,0.2599999905,0.25916665548333334,0.30898143677396417,0.28647355496041105
2024-12-16 20:00:00,0.2516666650833333,0.7453761151982504,0.2599999905,0.23166666926666668,0.2599999905,0.2599999905,0.3104183588476625,0.29370805619742385
2024-12-16 21:00:00,0.2516666650833333,0.7453761151982504,0.2599999905,0.23416666686666665,0.2599999905,0.2599999905,0.30944197257899103,0.29298933648067926
2024-12-16 22:00:00,0.25,0.7453761151982504,0.257499992875,0.237499997,0.25937499109375,0.25499999524999994,0.3052152781558296,0.2569934120498604
2024-12-16 23:00:00,0.25,0.7453761151982504,0.257499992875,0.23583333193333333,0.2587499916875,0.25499999524999994,0.30222853989485,0.23912058148141224
2024-12-17 00:00:00,0.25,0.7453761151982504,0.2516666650833333,0.23333333433333334,0.2566666603333333,0.2433333396666666,0.2922890201528282,0.25805266170429964
2024-12-17 01:00:00,0.2472727258,0.7453761151982504,0.2516666650833333,0.23416666686666665,0.25458332897916663,0.2433333396666666,0.2877170658234787,0.2604885332417398
2024-12-17 02:00:00,0.23499999565,0.7453761151982504,0.25,0.23166666926666668,0.25270833076041666,0.24250000712500003,0.2814932853771513,0.2604233284419913
2024-12-17 03:00:00,0.200000003,0.7453761151982504,0.25,0.26750000565000004,0.2508333325416666,0.24250000712500003,0.27688597998654396,0.2936837767841603
2024-12-17 04:00:00,0.200000003,0.7453761151982504,0.25,0.2700000107,0.25041666627083337,0.2483333349166667,0.2724980940836886,0.30188704554935775
2024-12-17 05:00:00,0.200000003,0.7453761151982504,0.2472727258,0.2700000107,0.24931818145,0.24287878651666672,0.26638823533845446,0.29789469341402985
2024-12-17 06:00:00,0.200000003,0.7453761151982504,0.23499999565,0.2700000107,0.2455681803625,0.21999999129999998,0.2519610588383673,0.28950035396059637
2024-12-17 07:00:00,0.200000003,0.7453761151982504,0.200000003,0.2700000107,0.2330681811125,0.15000000600000002,0.20721110697321676,0.1828073601337537
2024-12-17 08:00:00,0.200000003,0.7453761151982504,0.200000003,0.2700000107,0.2205681818625,0.15000000600000002,0.20801025955510288,0.19426515043799858
2024-12-17 09:00:00,0.200000003,0.7453761151982504,0.200000003,0.26583333561666667,0.2087500011625,0.1527272802,0.20746561482271808,0.1912996550811177
2024-12-17 10:00:00,0.200000003,0.7453761151982504,0.200000003,0.2650000006,0.200000003,0.16500001035000003,0.20693957203473257,0.1842554550415206
2024-12-17 11:00:00,0.20166666806666667,0.7453761151982504,0.200000003,0.26083332551666666,0.200000003,0.200000003,0.2133194287610668,0.18888195482568446
2024-12-17 12:00:00,0.20083333553333335,0.7453761151982504,0.200000003,0.2599999905,0.200000003,0.200000003,0.216302027621884,0.19734992259749182
2024-12-17 13:00:00,0.200000003,0.7453761151982504,0.200000003,0.2599999905,0.200000003,0.200000003,0.22438314083323663,0.20105737695707124
2024-12-17 14:00:00,0.200000003,0.7453761151982504,0.200000003,0.2599999905,0.200000003,0.200000003,0.22809795552408907,0.20672611538759258
2024-12-17 15:00:00,0.200000003,0.7453761151982504,0.20166666806666667,0.2599999905,0.20041666926666668,0.20333333313333332,0.2338797585821728,0.20388229338210284
2024-12-17 16:00:00,0.200000003,0.7453761151982504,0.20083333553333335,0.2599999905,0.20062500240000003,0.2016666680666667,0.2379606044951954,0.2007785883621595
2024-12-17 17:00:00,0.200000003,0.7453761151982504,0.200000003,0.2599999905,0.2006250024,0.200000003,0.24072305064499988,0.19924180853293
2024-12-17 18:00:00,0.200000003,0.7453761151982504,0.200000003,0.257499992875,0.2006250024,0.200000003,0.243649380724275,0.19305888659815995
2024-12-17 19:00:00,0.200000003,0.7453761151982504,0.200000003,0.257499992875,0.20020833613333333,0.19833333793333335,0.2449230868228336,0.1806936362484787
2024-12-17 20:00:00,0.2049999982,0.7453761151982504,0.200000003,0.2516666650833333,0.200000003,0.19916667046666667,0.24580052167798655,0.21171255695159927
2024-12-17 21:00:00,0.20083333553333335,0.7453761151982504,0.200000003,0.2516666650833333,0.200000003,0.200000003,0.2453373290520391,0.20554491410847475
2024-12-17 22:00:00,0.200000003,0.7453761151982504,0.200000003,0.25,0.200000003,0.200000003,0.24376238015512308,0.22537060093628314
2024-12-17 23:00:00,0.200000003,0.7453761151982504,0.200000003,0.25,0.200000003,0.200000003,0.2410523485813283,0.20083516496482495
2024-12-18 00:00:00,0.19833333543333334,0.7453761151982504,0.2049999982,0.25,0.2012500018,0.2099999934,0.24019106205325924,0.19932399270686676
2024-12-18 01:00:00,0.19916666921666668,0.7453761151982504,0.20083333553333335,0.2472727258,0.20145833493333334,0.2016666680666667,0.23216563408816682,0.19001861013175114
2024-12-18 02:00:00,0.19750000165,0.7453761151982504,0.200000003,0.23499999565,0.20145833493333334,0.200000003,0.22702700030107192,0.19974202687124953
2024-12-18 03:00:00,0.20083333553333335,0.7453761151982504,0.200000003,0.200000003,0.20145833493333332,0.200000003,0.22275810567128096,0.24272938126056756
2024-12-18 04:00:00,0.20333333313333335,0.7453761151982504,0.19833333543333334,0.200000003,0.1997916692416667,0.19166667266666668,0.21630200426240342,0.22824818455272408
2024-12-18 05:00:00,0.20083333553333335,0.7453761151982504,0.19916666921666668,0.200000003,0.19937500266250002,0.1975000029,0.21341511714849382,0.2413243753510827
2024-12-18 06:00:00,0.20416666566666666,0.7453761151982504,0.19750000165,0.200000003,0.198750002325,0.1950000003,0.20827429422723132,0.22827511936923464
2024-12-18 07:00:00,0.200000003,0.7453761151982504,0.20083333553333335,0.200000003,0.19895833545833336,0.2016666680666667,0.19964682081471818,0.18250097014650257
2024-12-18 08:00:00,0.20166666806666667,0.7453761151982504,0.20333333313333335,0.200000003,0.20020833488333334,0.20833333083333336,0.2021937102859671,0.18480773682031745
2024-12-18 09:00:00,0.20333333313333335,0.7453761151982504,0.20083333553333335,0.200000003,0.2006250014625,0.20250000185000003,0.19948071511494747,0.17887277895398035
2024-12-18 10:00:00,0.2074999958,0.7453761151982504,0.20416666566666666,0.200000003,0.20229166746666669,0.21083332968333332,0.20445731370608144,0.17797580651532816
2024-12-18 11:00:00,0.2099999934,0.7453761151982504,0.200000003,0.20166666806666667,0.20208333433333334,0.19916667046666667,0.20514265714869828,0.17140364160206784
2024-12-18 12:00:00,0.2099999934,0.7453761151982504,0.20166666806666667,0.20083333553333335,0.20166666806666667,0.20000000299999998,0.21030753925951062,0.17771420057241888
2024-12-18 13:00:00,0.20833332833333332,0.7453761151982504,0.20333333313333335,0.200000003,0.20229166746666666,0.20583333073333335,0.21956346235075885,0.19318165079610083
2024-12-18 14:00:00,0.2091666608666667,0.7453761151982504,0.2074999958,0.200000003,0.203125,0.21083332593333334,0.2262765236630515,0.17558196887539598
2024-12-18 15:00:00,0.2099999934,0.7453761151982504,0.2099999934,0.200000003,0.20562499760000003,0.2199999838,0.23309098261639638,0.1751087001750117
2024-12-18 16:00:00,0.2099999934,0.7453761151982504,0.2099999934,0.200000003,0.20770832893333335,0.21833331873333334,0.23696380818039253,0.17391619044262316
2024-12-18 17:00:00,0.2099999934,0.7453761151982504,0.20833332833333332,0.200000003,0.20895832773333334,0.21333332353333329,0.23905533492890363,0.15580697186711154
2024-12-18 18:00:00,0.2099999934,0.7453761151982504,0.2091666608666667,0.200000003,0.209374994,0.21083332593333337,0.24311166558007746,0.16644500598181114
2024-12-18 19:00:00,0.2099999934,0.7453761151982504,0.2099999934,0.200000003,0.209374994,0.2099999934,0.24740311660571707,0.17531296363792864
2024-12-18 20:00:00,0.2099999934,0.7453761151982504,0.2099999934,0.2049999982,0.20937499399999998,0.2099999934,0.24853481294284296,0.18974115166970656
2024-12-18 21:00:00,0.2099999934,0.7453761151982504,0.2099999934,0.20083333553333335,0.20979166026666668,0.21166665846666669,0.2481542198754107,0.19181083758217607
2024-12-18 22:00:00,0.2099999934,0.7453761151982504,0.2099999934,0.200000003,0.2099999934,0.21083332593333332,0.24666091806590817,0.18367521004042775
2024-12-18 23:00:00,0.2099999934,0.7453761151982504,0.2099999934,0.200000003,0.2099999934,0.2099999934,0.24382184437258958,0.18595198723917256
2024-12-19 00:00:00,0.2099999934,0.7453761151982504,0.2099999934,0.19833333543333334,0.2099999934,0.2099999934,0.23870297823033504,0.18610964188422832
2024-12-19 01:00:00,0.2099999934,0.7453761151982504,0.2099999934,0.19916666921666668,0.2099999934,0.2099999934,0.23524669695379752,0.1937073065405831
2024-12-19 02:00:00,0.2099999934,0.7453761151982504,0.2099999934,0.19750000165,0.2099999934,0.2099999934,0.2306692751064201,0.221160886425215
2024-12-19 03:00:00,0.2199999988,0.7453761151982504,0.2099999934,0.20083333553333335,0.2099999934,0.2099999934,0.22650869446576072,0.2702991714029945
2024-12-19 04:00:00,0.22583333528333335,0.7453761151982504,0.2099999934,0.20333333313333335,0.2099999934,0.2099999934,0.22172353176558957,0.2602866216651417
2024-12-19 05:00:00,0.2300000042,0.7453761151982504,0.2099999934,0.20083333553333335,0.2099999934,0.2099999934,0.21756767531768317,0.2635829097974101
2024-12-19 06:00:00,0.2300000042,0.7453761151982504,0.2099999934,0.20416666566666666,0.2099999934,0.2099999934,0.21423515723402742,0.26322165871627207
2024-12-19 07:00:00,0.2300000042,0.7453761151982504,0.2199999988,0.200000003,0.21249999475,0.23000000420000002,0.20934116796126634,0.21787337161913922
2024-12-19 08:00:00,0.2300000042,0.7453761151982504,0.22583333528333335,0.20166666806666667,0.21645833022083336,0.2416666771666667,0.21675137526291555,0.2570474793932775
2024-12-19 09:00:00,0.2300000042,0.7453761151982504,0.2300000042,0.20333333313333335,0.22145833292083333,0.250000015,0.21951366402691552,0.2703927691883395
2024-12-19 10:00:00,0.2300000042,0.7453761151982504,0.2300000042,0.2074999958,0.22645833562083334,0.250000015,0.21967185378145238,0.26119395128059064
2024-12-19 11:00:00,0.2291666704166667,0.7453761151982504,0.2300000042,0.2099999934,0.22895833697083334,0.24000000959999998,0.226249274025773,0.2553558077618677
2024-12-19 12:00:00,0.2300000042,0.7453761151982504,0.2300000042,0.2099999934,0.2300000042,0.23416667311666664,0.22970708190175837,0.2625622116757065
2024-12-19 13:00:00,0.2300000042,0.7453761151982504,0.2300000042,0.20833332833333332,0.2300000042,0.2300000042,0.2436020704466022,0.25176719772682465
2024-12-19 14:00:00,0.2300000042,0.7453761151982504,0.2300000042,0.2091666608666667,0.2300000042,0.2300000042,0.24874735558035382,0.2528073742530423
2024-12-19 15:00:00,0.2300000042,0.7453761151982504,0.2291666704166667,0.2099999934,0.22979167075416668,0.22833333663333338,0.2526118209398292,0.2490925793429458
2024-12-19 16:00:00,0.2300000042,0.7453761151982504,0.2300000042,0.2099999934,0.22979167075416668,0.2300000042,0.25730111133600114,0.2524993395028624
2024-12-19 17:00:00,0.2300000042,0.7453761151982504,0.2300000042,0.2099999934,0.22979167075416668,0.2300000042,0.2610510023585915,0.2410562459880916
2024-12-19 18:00:00,0.2300000042,0.7453761151982504,0.2300000042,0.2099999934,0.22979167075416668,0.2300000042,0.264364450656485,0.2773427421636552
2024-12-19 19:00:00,0.2300000042,0.7453761151982504,0.2300000042,0.2099999934,0.2300000042,0.2308333379833333,0.27047786351214737,0.25850998376225526
2024-12-19 20:00:00,0.2300000042,0.7453761151982504,0.2300000042,0.2099999934,0.2300000042,0.2300000042,0.2718096476004769,0.25627882156168463
2024-12-19 21:00:00,0.2308333367333333,0.7453761151982504,0.2300000042,0.2099999934,0.2300000042,0.2300000042,0.2715483461269371,0.2728364818530879
2024-12-19 22:00:00,0.2300000042,0.7453761151982504,0.2300000042,0.2099999934,0.2300000042,0.2300000042,0.26974219475729894,0.2554396335950379
2024-12-19 23:00:00,0.2300000042,0.7453761151982504,0.2300000042,0.2099999934,0.2300000042,0.2300000042,0.267524748477435,0.2841359020341301
2024-12-20 00:00:00,0.2300000042,0.7453761151982504,0.2300000042,0.2099999934,0.2300000042,0.2300000042,0.26252969415525257,0.32210885657539773
2024-12-20 01:00:00,0.2300000042,0.7453761151982504,0.2308333367333333,0.2099999934,0.23020833733333332,0.23166666926666662,0.25933717784591975,0.3117219261824279
2024-12-20 02:00:00,0.2300000042,0.7453761151982504,0.2300000042,0.2099999934,0.23020833733333332,0.2300000042,0.2538908051662057,0.3132807768548539
2024-12-20 03:00:00,0.22083333258333335,0.7453761151982504,0.2300000042,0.2199999988,0.23020833733333332,0.2300000042,0.2491116209016373,0.38285206564096175
2024-12-20 04:00:00,0.2291666704166667,0.7453761151982504,0.2300000042,0.22583333528333335,0.23020833733333332,0.2300000042,0.24440533187888436,0.3738133512243149
2024-12-20 05:00:00,0.22833333663333333,0.7453761151982504,0.2300000042,0.2300000042,0.2300000042,0.22916667166666668,0.24070981670835256,0.3521221866095576
2024-12-20 06:00:00,0.2291666704166667,0.7453761151982504,0.2300000042,0.2300000042,0.2300000042,0.2300000042,0.23719073348873976,0.3497909880136203
2024-12-20 07:00:00,0.2300000042,0.7453761151982504,0.22083333258333335,0.2300000042,0.22770833629583334,0.2116666609666667,0.2053768481668895,0.24196137633291648
2024-12-20 08:00:00,0.2300000042,0.7453761151982504,0.2291666704166667,0.2300000042,0.22750000285,0.22833333663333338,0.2176105316101774,0.26054353945878994
2024-12-20 09:00:00,0.2291666704166667,0.7453761151982504,0.22833333663333333,0.2300000042,0.22708333595833335,0.22666666906666666,0.21429396834027592,0.2709181962284022
2024-12-20 10:00:00,0.2300000042,0.7453761151982504,0.2291666704166667,0.2300000042,0.2268750025125,0.22833333663333338,0.2165355432370928,0.2818468477351939
2024-12-20 11:00:00,0.22833333663333333,0.7453761151982504,0.2300000042,0.2291666704166667,0.22916667041666666,0.23916667581666665,0.22672248791648186,0.28340249507792603
2024-12-20 12:00:00,0.22833333663333333,0.7453761151982504,0.2300000042,0.2300000042,0.2293750038625,0.2308333379833333,0.2297745812205042,0.29543351832213177
2024-12-20 13:00:00,0.24333333223333334,0.7453761151982504,0.2291666704166667,0.2300000042,0.22958333730833333,0.23000000420000005,0.24416917506232927,0.2591190856918
2024-12-20 14:00:00,0.25249999762500003,0.7453761151982504,0.2300000042,0.2300000042,0.22979167075416668,0.2308333379833333,0.24906099285845001,0.2588476503955273
2024-12-20 15:00:00,0.2508333325416667,0.7453761151982504,0.22833333663333333,0.2300000042,0.2293750038625,0.22666666906666666,0.2517107695224069,0.24445481185999016
2024-12-20 16:00:00,0.2541666627083333,0.7453761151982504,0.22833333663333333,0.2300000042,0.22895833697083334,0.22666666906666666,0.2555037700400384,0.2394098828112911
2024-12-20 17:00:00,0.257499992875,0.7453761151982504,0.24333333223333334,0.2300000042,0.232500002425,0.25749999405,0.26538410501163756,0.25941268649494115
2024-12-20 18:00:00,0.2599999905,0.7453761151982504,0.25249999762500003,0.2300000042,0.23812500078125,0.27499999105000006,0.27711197387967534,0.27213706306213836
2024-12-20 19:00:00,0.2599999905,0.7453761151982504,0.2508333325416667,0.2300000042,0.24374999975833334,0.27333332845,0.28004253029760556,0.323223748908674
2024-12-20 20:00:00,0.2599999905,0.7453761151982504,0.2541666627083333,0.2300000042,0.25020833127708336,0.2799999887833333,0.282565794077742,0.31606833735784506
2024-12-20 21:00:00,0.2599999905,0.7453761151982504,0.257499992875,0.2308333367333333,0.2537499964375,0.27166665351666663,0.28819719154128165,0.3093666532298543
2024-12-20 22:00:00,0.2599999905,0.7453761151982504,0.2599999905,0.2300000042,0.25562499465625,0.267499983375,0.2896327207751616,0.34403008140103647
2024-12-20 23:00:00,0.2599999905,0.7453761151982504,0.2599999905,0.2300000042,0.2579166591458333,0.2691666484583333,0.296892924268275,0.3644846295411153
2024-12-21 00:00:00,0.2599999905,0.7453761151982504,0.2599999905,0.2300000042,0.25937499109375,0.2658333182916667,0.29204977431552676,0.31642229104123926
2024-12-21 01:00:00,0.2599999905,0.7453761151982504,0.2599999905,0.2300000042,0.2599999905,0.26249998812500003,0.2873533043618236,0.3618220611894509
2024-12-21 02:00:00,0.2599999905,0.7453761151982504,0.2599999905,0.2300000042,0.2599999905,0.2599999905,0.28264373882241906,0.382763709016615
2024-12-21 03:00:00,0.39666666338333334,0.7453761151982504,0.2599999905,0.22083333258333335,0.2599999905,0.2599999905,0.27783058573774555,0.4299591487474423
2024-12-21 04:00:00,0.424166662025,0.7453761151982504,0.2599999905,0.2291666704166667,0.2599999905,0.2599999905,0.2733435107547999,0.4550416119116035
2024-12-21 05:00:00,0.42499999705,0.7453761151982504,0.2599999905,0.22833333663333333,0.2599999905,0.2599999905,0.27399820063885144,0.4379505307134746
2024-12-21 06:00:00,0.424166662025,0.7453761151982504,0.2599999905,0.2291666704166667,0.2599999905,0.2599999905,0.2708778927222291,0.3805006167915785
2024-12-21 07:00:00,0.427500002125,0.7453761151982504,0.39666666338333334,0.2300000042,0.29416665872083336,0.5333333362666667,0.36846704521273665,0.37194982867103493
2024-12-21 08:00:00,0.42666666709999995,0.7453761151982504,0.424166662025,0.2300000042,0.33520832660208333,0.58833333355,0.39431446687582117,0.4323588999436423
2024-12-21 09:00:00,0.4199999869,0.7453761151982504,0.42499999705,0.2291666704166667,0.37645832823958336,0.5900000036,0.3955907344399175,0.4530757041572125
2024-12-21 10:00:00,0.4199999869,0.7453761151982504,0.424166662025,0.2300000042,0.4174999961208333,0.58833333355,0.39930408164032366,0.3830293534096444
2024-12-21 11:00:00,0.4199999869,0.7453761151982504,0.427500002125,0.22833333663333333,0.42520833080625,0.45833334086666666,0.40166091667639675,0.4775771855063963
2024-12-21 12:00:00,0.4199999869,0.7453761151982504,0.42666666709999995,0.22833333663333333,0.42583333207499996,0.42916667217499993,0.4043598232938181,0.4826593639212811
2024-12-21 13:00:00,0.4199999869,0.7453761151982504,0.4199999869,0.24333333223333334,0.4245833295375,0.41499997675,0.41304360482318786,0.4454989321754221
2024-12-21 14:00:00,0.4199999869,0.7453761151982504,0.4199999869,0.25249999762500003,0.42354166075625,0.41583331177500005,0.420747984349355,0.4502687845766867
2024-12-21 15:00:00,0.4199999869,0.7453761151982504,0.4199999869,0.2508333325416667,0.42166665695,0.412499971675,0.42416390402239734,0.45674047549621616
2024-12-21 16:00:00,0.4199999869,0.7453761151982504,0.4199999869,0.2541666627083333,0.4199999869,0.41333330670000007,0.42747945784973357,0.44087331301581795
2024-12-21 17:00:00,0.4199999869,0.7453761151982504,0.4199999869,0.257499992875,0.4199999869,0.4199999869,0.4246667220842476,0.4552890500205659
2024-12-21 18:00:00,0.42166665695,0.7453761151982504,0.4199999869,0.2599999905,0.4199999869,0.4199999869,0.42822424322701164,0.4891568975994982
2024-12-21 19:00:00,0.4199999869,0.7453761151982504,0.4199999869,0.2599999905,0.4199999869,0.4199999869,0.43882975471810487,0.4587200718776066
2024-12-21 20:00:00,0.4199999869,0.7453761151982504,0.4199999869,0.2599999905,0.4199999869,0.4199999869,0.442803580466739,0.467162678141303
2024-12-21 21:00:00,0.4199999869,0.7453761151982504,0.4199999869,0.2599999905,0.4199999869,0.4199999869,0.4425565675995947,0.4367065521570477
2024-12-21 22:00:00,0.4199999869,0.7453761151982504,0.42166665695,0.2599999905,0.4204166544125,0.423333327,0.44219968750421074,0.46369177950796625
2024-12-21 23:00:00,0.4199999869,0.7453761151982504,0.4199999869,0.2599999905,0.42041665441250003,0.4199999869,0.4380063837073044,0.44934344650052044
2024-12-22 00:00:00,0.41999998689999996,0.7453761151982504,0.4199999869,0.2599999905,0.42041665441250003,0.4199999869,0.4330224548431168,0.4437032584449216
2024-12-22 01:00:00,0.4199999869,0.7453761151982504,0.4199999869,0.2599999905,0.4204166544125,0.4199999869,0.4285256460969073,0.4602953543895473
2024-12-22 02:00:00,0.4199999869,0.7453761151982504,0.4199999869,0.2599999905,0.4199999869,0.41833331685,0.4256399335494673,0.4663043984117933
2024-12-22 03:00:00,0.5424999992166667,0.7453761151982504,0.4199999869,0.39666666338333334,0.4199999869,0.4199999869,0.42109262083959753,0.4628773292079702
2024-12-22 04:00:00,0.5699999928,0.7453761151982504,0.41999998689999996,0.424166662025,0.4199999869,0.4199999868999999,0.4177316171829234,0.4914676916496613
2024-12-22 05:00:00,0.5716666578833334,0.7453761151982504,0.4199999869,0.42499999705,0.4199999869,0.4199999869,0.41317862932482396,0.46465724936312164
2024-12-22 06:00:00,0.5799999833,0.7453761151982504,0.4199999869,0.424166662025,0.4199999869,0.4199999869,0.4108604241703766,0.44651087611952683
2024-12-22 07:00:00,0.5799999833,0.7453761151982504,0.5424999992166667,0.427500002125,0.45062498997916667,0.6650000115333334,0.5058848839435224,0.46465877882591133
2024-12-22 08:00:00,0.5799999833,0.7453761151982504,0.5699999928,0.42666666709999995,0.48812499145416666,0.7199999987000001,0.53200396938362,0.4567331699345276
2024-12-22 09:00:00,0.5791666507583334,0.7453761151982504,0.5716666578833334,0.4199999869,0.5260416592,0.7233333288666668,0.5347140352783974,0.477637751133819
2024-12-22 10:00:00,0.5716666578833334,0.7453761151982504,0.5799999833,0.4199999869,0.5660416583000001,0.7399999797000001,0.5450653025372348,0.4993698546397658
2024-12-22 11:00:00,0.5699999928,0.7453761151982504,0.5799999833,0.4199999869,0.5754166543208333,0.6174999673833333,0.5480922978218769,0.5836179099837525
2024-12-22 12:00:00,0.5699999928,0.7453761151982504,0.5799999833,0.4199999869,0.5779166519458333,0.5899999738,0.5504501088066434,0.6020733830729613
2024-12-22 13:00:00,0.5699999928,0.7453761151982504,0.5791666507583334,0.4199999869,0.5797916501645834,0.5866666436333334,0.565236701569287,0.5665489942770283
2024-12-22 14:00:00,0.5699999928,0.7453761151982504,0.5716666578833334,0.4199999869,0.5777083188104167,0.5633333324666667,0.5629050220915359,0.551282090385019
2024-12-22 15:00:00,0.5699999928,0.7453761151982504,0.5699999928,0.4199999869,0.5752083211854168,0.5600000023,0.5656037616652236,0.5429761121958091
2024-12-22 16:00:00,0.5733333229666667,0.7453761151982504,0.5699999928,0.4199999869,0.5727083235604167,0.5600000023,0.5704103536678412,0.5505349442065092
2024-12-22 17:00:00,0.577499985675,0.7453761151982504,0.5699999928,0.4199999869,0.5704166590708334,0.5608333348416666,0.5745713242862135,0.6349357799650275
2024-12-22 18:00:00,0.5799999833,0.7453761151982504,0.5699999928,0.42166665695,0.5699999928,0.5683333277166667,0.5784795383846173,0.6200045459982519
2024-12-22 19:00:00,0.5816666483833334,0.7453761151982504,0.5699999928,0.4199999869,0.5699999928,0.5699999928,0.5900100999521789,0.6282599143931443
2024-12-22 20:00:00,0.583333318425,0.7453761151982504,0.5733333229666667,0.4199999869,0.5708333253416666,0.5766666531333334,0.5949135068500291,0.5753332043035653
2024-12-22 21:00:00,0.5799999833,0.7453761151982504,0.577499985675,0.4199999869,0.5727083235604167,0.5849999785500001,0.5983134789144098,0.569854376470721
2024-12-22 22:00:00,0.5799999833,0.7453761151982504,0.5799999833,0.4199999869,0.5752083211854166,0.5899999738,0.5995862945816214,0.5743048721945098
2024-12-22 23:00:00,0.5799999833,0.7453761151982504,0.5816666483833334,0.4199999869,0.57812498508125,0.5933333039666667,0.5986406082163199,0.5722889773919283
2024-12-23 00:00:00,0.5799999833,0.7453761151982504,0.583333318425,0.41999998689999996,0.5806249839458334,0.5933333138833333,0.6077859573807134,0.5549724518867631
2024-12-23 01:00:00,0.5799999833,0.7453761151982504,0.5799999833,0.4199999869,0.5812499833520833,0.582499980925,0.6013298832821601,0.5702074658894508
2024-12-23 02:00:00,0.5790908932545454,0.7453761151982504,0.5799999833,0.4199999869,0.5812499833520833,0.5799999833,0.5964318872558693,0.600127735138052
2024-12-23 03:00:00,0.23499999939999996,0.7453761151982504,0.5799999833,0.5424999992166667,0.58083331708125,0.5783333182166667,0.5926339086514756,0.6093725413071642
2024-12-23 04:00:00,0.2399999946,0.7453761151982504,0.5799999833,0.5699999928,0.5799999833,0.576666648175,0.5877380627711579,0.609278586133226
2024-12-23 05:00:00,0.2399999946,0.7453761151982504,0.5799999833,0.5716666578833334,0.5799999833,0.5799999833,0.5838631072820439,0.5920514545720993
2024-12-23 06:00:00,0.2399999946,0.7453761151982504,0.5790908932545454,0.5799999833,0.5797727107886363,0.5781818032090908,0.5799805958656665,0.594368063746323
2024-12-23 07:00:00,0.24333332973333333,0.7453761151982504,0.23499999939999996,0.5799999833,0.4935227148136364,-0.10999998450000012,0.28154349184903005,0.2701528791089481
2024-12-23 08:00:00,0.24333332973333333,0.7453761151982504,0.2399999946,0.5799999833,0.4085227176386364,-0.09999999410000004,0.2855087354643397,0.26116337060883754
2024-12-23 09:00:00,0.2458333310833333,0.7453761151982504,0.2399999946,0.5791666507583334,0.32352272046363634,-0.09999999410000004,0.2847992911840843,0.26579510066501877
2024-12-23 10:00:00,0.24916666621666664,0.7453761151982504,0.2399999946,0.5716666578833334,0.23874999579999998,-0.09909090405454546,0.27956620532758186,0.22637918374814783
2024-12-23 11:00:00,0.2458333310833333,0.7453761151982504,0.24333332973333333,0.5699999928,0.24083332838333332,0.2516666600666667,0.2999840103661732,0.22744856203564087
2024-12-23 12:00:00,0.24249999594999996,0.7453761151982504,0.24333332973333333,0.5699999928,0.24166666216666666,0.24666666486666666,0.30259553806036626,0.2318676942904292
2024-12-23 13:00:00,0.24916666621666664,0.7453761151982504,0.2458333310833333,0.5699999928,0.2431249962875,0.2516666675666666,0.291404064728823,0.22911526605911525
2024-12-23 14:00:00,0.24666666486666666,0.7453761151982504,0.24916666621666664,0.5699999928,0.24541666419166666,0.2583333378333333,0.29869448405004745,0.22596493058504583
2024-12-23 15:00:00,0.24083332838333335,0.7453761151982504,0.2458333310833333,0.5699999928,0.24604166452916665,0.24833333243333328,0.3001171573324682,0.22050967982677847
2024-12-23 16:00:00,0.24083332838333335,0.7453761151982504,0.24249999594999996,0.5733333229666667,0.2458333310833333,0.2416666621666666,0.30255734740896023,0.22579551023017233
2024-12-23 17:00:00,0.24166666216666666,0.7453761151982504,0.24916666621666664,0.577499985675,0.24666666486666666,0.25250000134999995,0.3132255511792974,0.23262113395998882
2024-12-23 18:00:00,0.24166666216666666,0.7453761151982504,0.24666666486666666,0.5799999833,0.24604166452916665,0.2441666635166667,0.31477457155182276,0.24080828385353206
2024-12-23 19:00:00,0.24083332838333335,0.7453761151982504,0.24083332838333335,0.5816666483833334,0.24479166385416665,0.2358333256833334,0.2913342880013153,0.24240027336740766
2024-12-23 20:00:00,0.2399999946,0.7453761151982504,0.24083332838333335,0.583333318425,0.2443749969625,0.23916666081666674,0.2922219782639417,0.2435857648602671
2024-12-23 21:00:00,0.2399999946,0.7453761151982504,0.24166666216666666,0.5799999833,0.24249999595000002,0.23416665811666668,0.2920677851743339,0.23151359409753064
2024-12-23 22:00:00,0.2399999946,0.7453761151982504,0.24166666216666666,0.5799999833,0.241249995275,0.23666665946666665,0.2905719680322872,0.2339177381630822
2024-12-23 23:00:00,0.2399999946,0.7453761151982504,0.24083332838333335,0.5799999833,0.24124999527500002,0.24083332838333335,0.28808774444975277,0.2410633810594586
2024-12-24 00:00:00,0.2399999946,0.7453761151982504,0.2399999946,0.5799999833,0.24104166182916667,0.23916666081666663,0.2828590215762224,0.2403000463158827
2024-12-24 01:00:00,0.2399999946,0.7453761151982504,0.2399999946,0.5799999833,0.2406249949375,0.23833332703333332,0.27791849975760974,0.24887015057699904
2024-12-24 02:00:00,0.2399999946,0.7453761151982504,0.2399999946,0.5790908932545454,0.24020832804583334,0.23833332703333332,0.2741091893866301,0.26270648316435197
2024-12-24 03:00:00,0.47416666646666666,0.7453761151982504,0.2399999946,0.23499999939999996,0.2399999946,0.23916666081666663,0.2686150114623928,0.28439579761825906
2024-12-24 04:00:00,0.5,0.7453761151982504,0.2399999946,0.2399999946,0.2399999946,0.2399999946,0.263811878600279,0.283848671562456
2024-12-24 05:00:00,0.5,0.7453761151982504,0.2399999946,0.2399999946,0.2399999946,0.2399999946,0.26049862729795625,0.2846479896586681
2024-12-24 06:00:00,0.5,0.7453761151982504,0.2399999946,0.2399999946,0.2399999946,0.2399999946,0.25703475695439415,0.29408865536685763
2024-12-24 07:00:00,0.497500002375,0.7453761151982504,0.47416666646666666,0.24333332973333333,0.29854166256666664,0.7083333383333333,0.4334770209957178,0.48140839914148886
2024-12-24 08:00:00,0.4941666722083333,0.7453761151982504,0.5,0.24333332973333333,0.36354166391666665,0.7600000054,0.4607778437997704,0.4722526943965452
2024-12-24 09:00:00,0.49000000949999994,0.7453761151982504,0.5,0.2458333310833333,0.42854166526666665,0.7600000054,0.46047579398987737,0.4901053677533713
2024-12-24 10:00:00,0.49000000949999994,0.7453761151982504,0.5,0.24916666621666664,0.49354166661666665,0.7600000054,0.46610868205135675,0.5288838765583862
2024-12-24 11:00:00,0.49000000949999994,0.7453761151982504,0.497500002375,0.2458333310833333,0.49937500059375,0.5208333382833334,0.46079258362162695,0.5699856892994376
2024-12-24 12:00:00,0.48750000444999997,0.7453761151982504,0.4941666722083333,0.24249999594999996,0.49791666864583334,0.48833334441666665,0.4594662490323631,0.565793379969828
2024-12-24 13:00:00,0.4858333344166667,0.7453761151982504,0.49000000949999994,0.24916666621666664,0.4954166710208333,0.4800000189999999,0.47872725070473515,0.5557816355105603
2024-12-24 14:00:00,0.48916667448333334,0.7453761151982504,0.49000000949999994,0.24666666486666666,0.49291667339583334,0.4800000189999999,0.48505266828616633,0.5527763235293128
2024-12-24 15:00:00,0.4858333344166667,0.7453761151982504,0.49000000949999994,0.24083332838333335,0.4910416751770833,0.48250001662499986,0.489259927042104,0.5332454808417045
2024-12-24 16:00:00,0.48249999434999996,0.7453761151982504,0.48750000444999997,0.24083332838333335,0.48937500823749996,0.4808333366916666,0.49081662346612737,0.5288342766610686
2024-12-24 17:00:00,0.4866666694333333,0.7453761151982504,0.4858333344166667,0.24166666216666666,0.4883333394666667,0.48166665933333347,0.49395334001645824,0.5341373510488114
2024-12-24 18:00:00,0.4799999893,0.7453761151982504,0.48916667448333334,0.24166666216666666,0.48812500571249995,0.48833333946666674,0.49972675159883,0.5653413014435742
2024-12-24 19:00:00,0.4799999893,0.7453761151982504,0.4858333344166667,0.24083332838333335,0.48708333694166667,0.48166665933333347,0.5150989355930411,0.5354395574513425
2024-12-24 20:00:00,0.4799999893,0.7453761151982504,0.48249999434999996,0.2399999946,0.48583333441666665,0.47749998424999995,0.5161861813861603,0.5319040021105287
2024-12-24 21:00:00,0.4799999893,0.7453761151982504,0.4866666694333333,0.2399999946,0.4860416681708333,0.4875000044499999,0.5189121258111875,0.5313424653822657
2024-12-24 22:00:00,0.48166665933333336,0.7453761151982504,0.4799999893,0.2399999946,0.483749996875,0.47083330411666663,0.5110564062209215,0.5243738041178388
2024-12-24 23:00:00,0.4799999893,0.7453761151982504,0.4799999893,0.2399999946,0.4822916605958333,0.47416664418333326,0.5080818359510493,0.5230050372717366
2024-12-25 00:00:00,0.4799999893,0.7453761151982504,0.4799999893,0.2399999946,0.4816666593333333,0.47749998425,0.5027801767216301,0.535060015857511
2024-12-25 01:00:00,0.4799999893,0.7453761151982504,0.4799999893,0.2399999946,0.4799999893,0.47333330916666666,0.49874817709343244,0.5397740775848581
2024-12-25 02:00:00,0.4799999893,0.7453761151982504,0.48166665933333336,0.2399999946,0.48041665680833334,0.48333332936666673,0.4955642296245184,0.5377258671014639
2024-12-25 03:00:00,0.2800000011916667,0.7453761151982504,0.4799999893,0.47416666646666666,0.48041665680833334,0.4799999893,0.49073441225766407,0.5961890041292681
2024-12-25 04:00:00,0.2800000012,0.7453761151982504,0.4799999893,0.5,0.48041665680833334,0.4799999893,0.48482995214590324,0.5912778598180504
2024-12-25 05:00:00,0.2800000012,0.7453761151982504,0.4799999893,0.5,0.48041665680833334,0.4799999893,0.48127632480681687,0.5661590898508629
2024-12-25 06:00:00,0.2800000012,0.7453761151982504,0.4799999893,0.5,0.4799999893,0.4783333192666666,0.4782803976496717,0.5540718108684597
2024-12-25 07:00:00,0.27500000595,0.7453761151982504,0.2800000011916667,0.497500002375,0.4299999922729167,0.08000001308333338,0.2998835334193884,0.29959714298722046
2024-12-25 08:00:00,0.2700000107,0.7453761151982504,0.2800000012,0.4941666722083333,0.37999999524791667,0.08000001310000004,0.3013296826045869,0.27812620066476007
2024-12-25 09:00:00,0.2700000107,0.7453761151982504,0.2800000012,0.49000000949999994,0.3299999982229167,0.08000001310000004,0.30013631592294954,0.3148891062075083
2024-12-25 10:00:00,0.2700000107,0.7453761151982504,0.2800000012,0.49000000949999994,0.2800000011979167,0.08000001310000004,0.29728408052439315,0.2804510805868801
2024-12-25 11:00:00,0.26083332551666666,0.7453761151982504,0.27500000595,0.49000000949999994,0.27875000238750003,0.27000001070833335,0.30799743700904436,0.3016723183626801
2024-12-25 12:00:00,0.26083332551666666,0.7453761151982504,0.2700000107,0.48750000444999997,0.27625000476250006,0.2600000202,0.3084604324566494,0.2901249152436834
2024-12-25 13:00:00,0.2599999905,0.7453761151982504,0.2700000107,0.4858333344166667,0.2737500071375,0.2600000202,0.30433847733395736,0.2723179681822278
2024-12-25 14:00:00,0.2599999905,0.7453761151982504,0.2700000107,0.48916667448333334,0.2712500095125,0.2600000202,0.30809986755386876,0.28031596080016175
2024-12-25 15:00:00,0.2599999905,0.7453761151982504,0.26083332551666666,0.4858333344166667,0.26770833940416666,0.2466666450833333,0.30489781666411375,0.2756793251690427
2024-12-25 16:00:00,0.2599999905,0.7453761151982504,0.26083332551666666,0.48249999434999996,0.2654166681083333,0.2516666403333333,0.3089267783484665,0.2780552748151408
2024-12-25 17:00:00,0.2599999905,0.7453761151982504,0.2599999905,0.4866666694333333,0.26291666305833333,0.24999997029999999,0.31151640945676345,0.26788543039042256
2024-12-25 18:00:00,0.2599999905,0.7453761151982504,0.2599999905,0.4799999893,0.26041665800833336,0.24999997029999999,0.31471485506307845,0.2676533570492465
2024-12-25 19:00:00,0.2599999905,0.7453761151982504,0.2599999905,0.4799999893,0.2602083242541667,0.25916665548333334,0.3046429852004713,0.282867055793315
2024-12-25 20:00:00,0.2599999905,0.7453761151982504,0.2599999905,0.4799999893,0.2599999905,0.25916665548333334,0.3039463584672737,0.29361933607382423
2024-12-25 21:00:00,0.2599999905,0.7453761151982504,0.2599999905,0.4799999893,0.2599999905,0.2599999905,0.3021056871088937,0.28178618886007334
2024-12-25 22:00:00,0.2599999905,0.7453761151982504,0.2599999905,0.48166665933333336,0.2599999905,0.2599999905,0.299336456990371,0.27708982710266883
2024-12-25 23:00:00,0.2599999905,0.7453761151982504,0.2599999905,0.4799999893,0.2599999905,0.2599999905,0.2952102441470754,0.2810039264435222
2024-12-26 00:00:00,0.2599999905,0.7453761151982504,0.2599999905,0.4799999893,0.2599999905,0.2599999905,0.29011871937125483,0.29397635260327626
2024-12-26 01:00:00,0.2599999905,0.7453761151982504,0.2599999905,0.4799999893,0.2599999905,0.2599999905,0.2867298207216741,0.29847151492288193
2024-12-26 02:00:00,0.2599999905,0.7453761151982504,0.2599999905,0.4799999893,0.2599999905,0.2599999905,0.28241591880198175,0.31319115431099004
2024-12-26 03:00:00,0.22916666541666667,0.7453761151982504,0.2599999905,0.2800000011916667,0.2599999905,0.2599999905,0.2772319244760843,0.35531212262389933
2024-12-26 04:00:00,0.22666666906666666,0.7453761151982504,0.2599999905,0.2800000012,0.2599999905,0.2599999905,0.2728917925864692,0.37088549980515184
2024-12-26 05:00:00,0.23833332953333333,0.7453761151982504,0.2599999905,0.2800000012,0.2599999905,0.2599999905,0.2685412514493217,0.3824882546146099
2024-12-26 06:00:00,0.2399999946,0.7453761151982504,0.2599999905,0.2800000012,0.2599999905,0.2599999905,0.26579642185414326,0.34274139953970434
2024-12-26 07:00:00,0.25916666660000004,0.7453761151982504,0.22916666541666667,0.27500000595,0.2522916592291667,0.19833334033333333,0.2269330390431724,0.26584632617934756
2024-12-26 08:00:00,0.28416666390833334,0.7453761151982504,0.22666666906666666,0.2700000107,0.24395832887083332,0.19333334763333332,0.22462082264044003,0.275229954582597
2024-12-26 09:00:00,0.2899999917,0.7453761151982504,0.23833332953333333,0.2700000107,0.23854166362916668,0.21666666856666666,0.23526825377010696,0.2604741722994558
2024-12-26 10:00:00,0.2991666768833333,0.7453761151982504,0.2399999946,0.2700000107,0.23354166465416665,0.21999999869999998,0.23554464779134154,0.25356002038723574
2024-12-26 11:00:00,0.3000000119,0.7453761151982504,0.25916666660000004,0.26083332551666666,0.24104166495,0.28916666778333344,0.2576432839663896,0.3149890307041534
2024-12-26 12:00:00,0.30250000952499995,0.7453761151982504,0.28416666390833334,0.26083332551666666,0.2554166636604167,0.34166665875,0.2827961347900846,0.32640218421241535
2024-12-26 13:00:00,0.3100000024,0.7453761151982504,0.2899999917,0.2599999905,0.2683333292020833,0.3416666538666667,0.29500591679651206,0.30491848636043645
2024-12-26 14:00:00,0.3175000001833333,0.7453761151982504,0.2991666768833333,0.2599999905,0.28312499977291666,0.35833335916666664,0.30705744048766365,0.30584378783344046
2024-12-26 15:00:00,0.3300000131,0.7453761151982504,0.3000000119,0.2599999905,0.2933333360979167,0.3408333571999999,0.3140735657605897,0.3239041859782428
2024-12-26 16:00:00,0.33083334564166667,0.7453761151982504,0.30250000952499995,0.2599999905,0.2979166725020833,0.32083335514166655,0.32027943900843214,0.32900264826765774
2024-12-26 17:00:00,0.3300000131,0.7453761151982504,0.3100000024,0.2599999905,0.3029166751770833,0.33000001309999993,0.3324315612886499,0.31867147135521046
2024-12-26 18:00:00,0.33750000597499996,0.7453761151982504,0.3175000001833333,0.2599999905,0.30750000600208327,0.3358333234833333,0.34320284936136075,0.36628411625695606
2024-12-26 19:00:00,0.3366666734333333,0.7453761151982504,0.3300000131,0.2599999905,0.3150000063020833,0.3600000143,0.35622614003431924,0.38943827128827296
2024-12-26 20:00:00,0.33916667105833337,0.7453761151982504,0.33083334564166667,0.2599999905,0.32208334033124997,0.3591666817583334,0.357833215469467,0.41844560769887873
2024-12-26 21:00:00,0.3400000036,0.7453761151982504,0.3300000131,0.2599999905,0.32708334300624997,0.3500000238,0.35846088350428584,0.4133110391275114
2024-12-26 22:00:00,0.3400000036,0.7453761151982504,0.33750000597499996,0.2599999905,0.33208334445416665,0.3575000117666666,0.36374962600846344,0.39697885565997926
2024-12-26 23:00:00,0.3400000036,0.7453761151982504,0.3366666734333333,0.2599999905,0.33375000953749995,0.3433333337666666,0.3620486977677359,0.3766739023840081
2024-12-27 00:00:00,0.3400000036,0.7453761151982504,0.33916667105833337,0.2599999905,0.33583334089166667,0.3474999964750001,0.36049567659269194,0.38727526037683685
2024-12-27 01:00:00,0.3400000036,0.7453761151982504,0.3400000036,0.2599999905,0.33833333851666664,0.3499999941,0.35867063873963234,0.3792660547534267
2024-12-27 02:00:00,0.40916666886666664,0.7453761151982504,0.3400000036,0.2599999905,0.33895833792291663,0.342500001225,0.35446823858643595,0.40600356872162807
2024-12-27 03:00:00,0.7308333466333333,0.7453761151982504,0.3400000036,0.22916666541666667,0.33979167046458336,0.3433333337666667,0.3508652461243721,0.46333192352905467
2024-12-27 04:00:00,0.7541666627083333,0.7453761151982504,0.3400000036,0.22666666906666666,0.3400000036,0.3408333361416666,0.3468567353305709,0.457875283505235
2024-12-27 05:00:00,0.7658333182333333,0.7453761151982504,0.3400000036,0.23833332953333333,0.3400000036,0.3400000036,0.34382252247142153,0.4819311780434414
2024-12-27 06:00:00,0.7742856911142857,0.7453761151982504,0.40916666886666664,0.2399999946,0.35729166991666667,0.4783333341333333,0.39620611310158527,0.4445869309363936
2024-12-29 00:00:00,0.43000000720000003,0.7453761151982504,0.43000000720000003,0.7599999905,0.43000000720000003,0.43000000720000003,0.45741556797680577,0.4511356160799144
2024-12-29 01:00:00,0.43000000720000003,0.7453761151982504,0.43000000720000003,0.7599999905,0.43000000720000003,0.43000000720000003,0.4528847366149721,0.4574234869439273
2024-12-29 02:00:00,0.4133333390333333,0.7453761151982504,0.43000000720000003,0.707499993375,0.43000000720000003,0.43000000720000003,0.4481248920297868,0.4718379774396139
2024-12-29 03:00:00,0.33250001072499996,0.7453761151982504,0.43000000720000003,0.40583333373333336,0.43000000720000003,0.43000000720000003,0.443540149473112,0.45500971341691193
2024-12-29 04:00:00,0.3400000036,0.7453761151982504,0.43000000720000003,0.427500002125,0.43000000720000003,0.43000000720000003,0.43870067617255576,0.4506681037345112
2024-12-29 05:00:00,0.3400000036,0.7453761151982504,0.43000000720000003,0.42249999197500004,0.43000000720000003,0.43000000720000003,0.4352671104624494,0.4362925652815566
2024-12-29 06:00:00,0.3400000036,0.7453761151982504,0.4133333390333333,0.42833333715,0.4258333401583333,0.39666667086666657,0.41540150051245806,0.40230415234155664
2024-12-29 07:00:00,0.3333333432666667,0.7453761151982504,0.33250001072499996,0.43000000720000003,0.40145834103958333,0.2350000142499999,0.3303427559927645,0.3606999104584568
2024-12-29 08:00:00,0.33166667818333334,0.7453761151982504,0.3400000036,0.43000000720000003,0.3789583401395833,0.24999999999999994,0.3379066889530734,0.3559021176900518
2024-12-29 09:00:00,0.33083334564166667,0.7453761151982504,0.3400000036,0.429166672175,0.3564583392395833,0.24999999999999994,0.3367941531316114,0.36967981780011705
2024-12-29 10:00:00,0.3300000131,0.7453761151982504,0.3400000036,0.42666666709999995,0.33812500538124995,0.2666666681666667,0.33732656313861176,0.33727695547582154
2024-12-29 11:00:00,0.3300000131,0.7453761151982504,0.3333333432666667,0.423333327,0.3383333385166667,0.3341666758083334,0.3392636484849345,0.34570944243778606
2024-12-29 12:00:00,0.3300000131,0.7453761151982504,0.33166667818333334,0.420833321925,0.3362500071625,0.3233333527666667,0.3415806756872025,0.3291367107039908
2024-12-29 13:00:00,0.3300000131,0.7453761151982504,0.33083334564166667,0.4199999869,0.3339583426729167,0.32166668768333334,0.34497326285800395,0.34363789253862764
2024-12-29 14:00:00,0.3300000131,0.7453761151982504,0.3300000131,0.42166665695,0.33145834504791666,0.3200000226,0.3488973780652726,0.35195499470299135
2024-12-29 15:00:00,0.3300000131,0.7453761151982504,0.3300000131,0.423333327,0.33062501250625,0.3266666829333333,0.35342696698103887,0.3636242929197982
2024-12-29 16:00:00,0.3300000131,0.7453761151982504,0.3300000131,0.43000000720000003,0.33020834623541667,0.32833334801666664,0.3577680059517869,0.364003739406379
2024-12-29 17:00:00,0.3300000131,0.7453761151982504,0.3300000131,0.43000000720000003,0.3300000131,0.3291666805583333,0.3619046588253698,0.36543400072067506
2024-12-29 18:00:00,0.3300000131,0.7453761151982504,0.3300000131,0.43000000720000003,0.3300000131,0.3300000131,0.36427337742958066,0.3565032660170622
2024-12-29 19:00:00,0.3300000131,0.7453761151982504,0.3300000131,0.43000000720000003,0.3300000131,0.3300000131,0.363723278185424,0.3644951085452412
2024-12-29 20:00:00,0.3300000131,0.7453761151982504,0.3300000131,0.43000000720000003,0.3300000131,0.3300000131,0.3649909117846365,0.3879206751462319
2024-12-29 21:00:00,0.3300000131,0.7453761151982504,0.3300000131,0.43000000720000003,0.3300000131,0.3300000131,0.36441534358345123,0.37472212575633074
2024-12-29 22:00:00,0.3300000131,0.7453761151982504,0.3300000131,0.43000000720000003,0.3300000131,0.3300000131,0.36293857838988564,0.3785527641318196
2024-12-29 23:00:00,0.3300000131,0.7453761151982504,0.3300000131,0.43000000720000003,0.3300000131,0.3300000131,0.36025707636983284,0.40063935579764265
2024-12-30 00:00:00,0.3300000131,0.7453761151982504,0.3300000131,0.43000000720000003,0.3300000131,0.3300000131,0.3671280518173976,0.37529245735855893
2024-12-30 01:00:00,0.3300000131,0.7453761151982504,0.3300000131,0.43000000720000003,0.3300000131,0.3300000131,0.36327268256454276,0.3665547798153606
2024-12-30 02:00:00,0.3300000131,0.7453761151982504,0.3300000131,0.4133333390333333,0.3300000131,0.3300000131,0.35843711253599586,0.37943847106491857
2024-12-30 03:00:00,0.50749999285,0.7453761151982504,0.3300000131,0.33250001072499996,0.3300000131,0.3300000131,0.3537104164003858,0.41367166447817555
2024-12-30 04:00:00,0.5774999956083333,0.7453761151982504,0.3300000131,0.3400000036,0.3300000131,0.3300000131,0.3494085049226052,0.4120055523400349
2024-12-30 05:00:00,0.6108333369083333,0.7453761151982504,0.3300000131,0.3400000036,0.3300000131,0.3300000131,0.345358710081522,0.4205445191598183
2024-12-30 06:00:00,0.6341666579083334,0.7453761151982504,0.3300000131,0.3400000036,0.3300000131,0.3300000131,0.3413767776931347,0.4135879832604309
2024-12-30 07:00:00,0.6474999785750001,0.7453761151982504,0.50749999285,0.3333333432666667,0.3743750080375,0.6849999726,0.46479171637068756,0.4677842205895182
2024-12-30 08:00:00,0.6566666762,0.7453761151982504,0.5774999956083333,0.33166667818333334,0.43625000366458333,0.8249999781166666,0.5327569549603095,0.48574481775905676
2024-12-30 09:00:00,0.6725000143250001,0.7453761151982504,0.6108333369083333,0.33083334564166667,0.5064583346166667,0.8916666607166666,0.5585892235178848,0.5339531125520353
2024-12-30 10:00:00,0.6758333444916667,0.7453761151982504,0.6341666579083334,0.3300000131,0.58249999581875,0.9383333027166667,0.5858240174220353,0.5538596362799166
2024-12-30 11:00:00,0.677500009575,0.7453761151982504,0.6474999785750001,0.3300000131,0.61749999225,0.7874999643000001,0.6006039474691196,0.5833532824311605
2024-12-30 12:00:00,0.6808333397333333,0.7453761151982504,0.6566666762,0.3300000131,0.6372916623979167,0.7358333567916666,0.6104738672862032,0.6528393050647642
2024-12-30 13:00:00,0.6899999975999999,0.7453761151982504,0.6725000143250001,0.3300000131,0.6527083317520834,0.7341666917416668,0.6427781937412972,0.7156760045685969
2024-12-30 14:00:00,0.6875,0.7453761151982504,0.6758333444916667,0.3300000131,0.6631250033979166,0.7175000310749999,0.6542771842242135,0.7540289368159184
2024-12-30 15:00:00,0.6899999975999999,0.7453761151982504,0.677500009575,0.3300000131,0.6706250111479166,0.7075000405749999,0.6617530041698283,0.7638432492571052
2024-12-30 16:00:00,0.6899999975999999,0.7453761151982504,0.6808333397333333,0.3300000131,0.6766666770312499,0.7050000032666666,0.6698575133642906,0.7667615611749679
2024-12-30 17:00:00,0.6899999975999999,0.7453761151982504,0.6899999975999999,0.3300000131,0.68104167285,0.7074999808749997,0.6819010443711423,0.7785763227768512
2024-12-30 18:00:00,0.6899999975999999,0.7453761151982504,0.6875,0.3300000131,0.6839583367270832,0.6991666555083333,0.683935087142705,0.7511350434586687
2024-12-30 19:00:00,0.6899999975999999,0.7453761151982504,0.6899999975999999,0.3300000131,0.6870833337333333,0.7024999856249997,0.699217345570029,0.8161003138776598
2024-12-30 20:00:00,0.6899999975999999,0.7453761151982504,0.6899999975999999,0.3300000131,0.6893749981999998,0.6991666554666665,0.705486437846942,0.7919477972709514
2024-12-30 21:00:00,0.6899999975999999,0.7453761151982504,0.6899999975999999,0.3300000131,0.6893749981999998,0.6899999975999999,0.7068756835895723,0.7905839398560507
2024-12-30 22:00:00,0.6899999975999999,0.7453761151982504,0.6899999975999999,0.3300000131,0.6899999975999999,0.6924999951999997,0.7074233250226362,0.786427822002232
2024-12-30 23:00:00,0.6899999975999999,0.7453761151982504,0.6899999975999999,0.3300000131,0.6899999975999999,0.6899999975999999,0.7064732759700411,0.7874606257869092
2024-12-31 00:00:00,0.6899999975999999,0.7453761151982504,0.6899999975999999,0.3300000131,0.6899999975999999,0.6899999975999999,0.702311921819278,0.7681623424109173
2024-12-31 01:00:00,0.6899999975999999,0.7453761151982504,0.6899999975999999,0.3300000131,0.6899999975999999,0.6899999975999999,0.7000422581836776,0.780797380312141
2024-12-31 02:00:00,0.6899999975999999,0.7453761151982504,0.6899999975999999,0.3300000131,0.6899999975999999,0.6899999975999999,0.6953933017439131,0.7927017593647359
2024-12-31 03:00:00,0.5691666602916666,0.7453761151982504,0.6899999975999999,0.50749999285,0.6899999975999999,0.6899999975999999,0.6909344206564714,0.8032679791214081
2024-12-31 04:00:00,0.574999988075,0.7453761151982504,0.6899999975999999,0.5774999956083333,0.6899999975999999,0.6899999975999999,0.686563923737747,0.8056778354463682
2024-12-31 05:00:00,0.5341666688583334,0.7453761151982504,0.6899999975999999,0.6108333369083333,0.6899999975999999,0.6899999975999999,0.6830918897258385,0.7910050503042083
2024-12-31 06:00:00,0.5783333182166667,0.7453761151982504,0.6899999975999999,0.6341666579083334,0.6899999975999999,0.6899999975999999,0.6805017391705723,0.8025825599737788
2024-12-31 07:00:00,0.5799999833,0.7453761151982504,0.5691666602916666,0.6474999785750001,0.6597916632729165,0.4483333229833334,0.5721305806041006,0.5647858410522448
2024-12-31 08:00:00,0.5849999785500001,0.7453761151982504,0.574999988075,0.6566666762,0.6310416608916666,0.4599999785500001,0.577228736681812,0.5726526198893
2024-12-31 09:00:00,0.5808333158416666,0.7453761151982504,0.5341666688583334,0.6725000143250001,0.5920833287062499,0.37833334011666697,0.5412201579256859,0.5195691082775955
2024-12-31 10:00:00,0.582499980925,0.7453761151982504,0.5783333182166667,0.6758333444916667,0.5641666588604166,0.4666666388333335,0.5748461838935072,0.5527561522163142
2024-12-31 11:00:00,0.6116666495916666,0.7453761151982504,0.5799999833,0.677500009575,0.5668749896125,0.5908333063083334,0.5878837421356605,0.5669203155478357
2024-12-31 12:00:00,0.43333333231666665,0.7453761151982504,0.5849999785500001,0.6808333397333333,0.56937498723125,0.5949999690250002,0.5954223804032881,0.5735735281148809
2024-12-31 13:00:00,0.5249999898,0.7453761151982504,0.5808333158416666,0.6899999975999999,0.5810416489770833,0.6274999628249999,0.5987595014251644,0.5546433032713096
2024-12-31 14:00:00,0.7191666811583333,0.7453761151982504,0.582499980925,0.6875,0.5820833146541666,0.5866666436333333,0.6021849063115843,0.5579835256917992
2024-12-31 15:00:00,0.7266666889333333,0.7453761151982504,0.6116666495916666,0.6899999975999999,0.5899999812270833,0.6433333158833332,0.6311929028691076,0.5853291482117707
2024-12-31 16:00:00,0.7383333444333333,0.7453761151982504,0.43333333231666665,0.6899999975999999,0.5520833196687499,0.28166668608333323,0.4886856730775516,0.4521762791580443
2024-12-31 17:00:00,0.7416666745833332,0.7453761151982504,0.5249999898,0.6899999975999999,0.5381249881583332,0.46916666375833327,0.5620768122569554,0.6198720016156056
2024-12-31 18:00:00,0.75,0.7453761151982504,0.7191666811583333,0.6899999975999999,0.5722916632166666,0.8558333813916665,0.7294771716027553,0.7018066074088395
2024-12-31 19:00:00,0.7558333277916667,0.7453761151982504,0.7266666889333333,0.6899999975999999,0.6010416730520833,0.841666728275,0.7250709091683629,0.7039248981029231
