forecast_made_at,actual,train_mean,persistence,seasonal_naive,moving_average,drift,ridge,gradient_boosting
2024-11-17 22:00:00,12.831666626666667,15.57197977306836,12.004999955,12.066666681666668,12.112083275416666,11.324999807500001,12.418459180089927,12.028165239838188
2024-11-17 23:00:00,12.837499935833334,15.57197977306836,12.254999955,11.98666676,12.087708293958332,12.157500029166668,12.68104768621145,11.740734597656502
2024-11-18 00:00:00,12.874999999166667,15.57197977306836,12.163333258333333,11.955833355000001,12.104791621041665,12.231666566666666,13.246754715496126,12.181797631851646
2024-11-18 01:00:00,12.954999925000001,15.57197977306836,12.429166635000001,11.870833396666667,12.213124950833333,12.86249995416667,13.577253007224703,12.132892199861194
2024-11-18 02:00:00,13.208333333333334,15.57197977306836,12.831666626666667,11.637499968333332,12.419791618749999,13.658333298333334,13.948127952094858,11.959171466528437
2024-11-18 03:00:00,16.042499860833335,15.57197977306836,12.837499935833334,11.654999811666668,12.565416613958334,13.419999916666667,13.883913975833755,12.735646970053214
2024-11-18 04:00:00,16.4033331875,15.57197977306836,12.874999999166667,12.533333301666666,12.743333299166665,13.58666674,14.012520821189973,13.334982655515796
2024-11-18 05:00:00,16.446666716666666,15.57197977306836,12.954999925000001,13.0533332025,12.874791621666665,13.480833215,14.178672833056844,14.49677745537805
2024-11-18 06:00:00,16.444999854166667,15.57197977306836,13.208333333333334,13.423333327499998,12.968958298333332,13.58500004,14.619619279006361,14.137102821244707
2024-11-18 07:00:00,16.689166386666667,15.57197977306836,16.042499860833335,13.686666569166666,13.770208279583333,19.247499785833334,17.725729272932195,17.3957800913228
2024-11-18 08:00:00,16.5066665025,15.57197977306836,16.4033331875,14.012499966666667,14.652291576666666,19.93166637583333,17.433188812672995,19.700579841008004
2024-11-18 09:00:00,16.0441664075,15.57197977306836,16.446666716666666,14.195000011666666,15.525208274583331,19.93833350833333,17.914726694946616,17.391285866974183
2024-11-18 10:00:00,15.679166634166668,15.57197977306836,16.444999854166667,14.203333218333333,16.334374904791666,19.681666375,17.954733582032986,16.269091112034985
2024-11-18 11:00:00,15.399166661666667,15.57197977306836,16.689166386666667,14.179999908333334,16.496041536249997,17.3358329125,16.115365240144133,16.11298488383173
2024-11-18 12:00:00,15.515000105,15.57197977306836,16.5066665025,13.958333334166667,16.521874865,16.6099998175,15.984296170557498,16.199395381350417
2024-11-18 13:00:00,15.8291665725,15.57197977306836,16.0441664075,13.4149999625,16.421249787708334,15.641666098333335,14.97243731183476,15.709373711706963
2024-11-18 14:00:00,16.022499879166666,15.57197977306836,15.679166634166668,12.6850001025,16.229791482708332,14.913333414166669,14.88182243826146,15.2900956262816
2024-11-18 15:00:00,16.408333459999998,15.57197977306836,15.399166661666667,12.352499880833333,15.907291551458332,14.109166936666668,14.711885370621626,15.244690059957819
2024-11-18 16:00:00,16.186666964166665,15.57197977306836,15.515000105,12.09499995,15.659374952083333,14.5233337075,14.742921756775388,14.93959956118275
2024-11-18 17:00:00,16.054166635833333,15.57197977306836,15.8291665725,11.995833315833332,15.605624993333333,15.6141667375,14.772043829909162,15.579409050541162
2024-11-18 18:00:00,16.03749998416667,15.57197977306836,16.022499879166666,12.004999955,15.691458304583332,16.365833124166663,14.903933976725,15.632898864571828
2024-11-18 19:00:00,16.074999967500002,15.57197977306836,16.408333459999998,12.254999955,15.943750004166663,17.417500258333327,16.76506982074009,15.978830934377958
2024-11-18 20:00:00,16.082500141666667,15.57197977306836,16.186666964166665,12.163333258333333,16.111666718958332,16.858333823333332,16.217775062339832,15.61625169152712
2024-11-18 21:00:00,16.040000280833333,15.57197977306836,16.054166635833333,12.429166635000001,16.167916734791664,16.279166699166666,16.11908245633432,15.45889229817379
2024-11-18 22:00:00,15.985833327499998,15.57197977306836,16.03749998416667,12.831666626666667,16.171666761041664,16.05250008916667,16.27034938607881,15.462741834079445
2024-11-18 23:00:00,15.899166583333333,15.57197977306836,16.074999967500002,12.837499935833334,16.088333387916666,15.741666475000006,16.48972958016117,15.470430529537877
2024-11-19 00:00:00,15.940833409166666,15.57197977306836,16.082500141666667,12.874999999166667,16.062291682291665,15.97833331916667,16.47808947522237,15.588937345046958
2024-11-19 01:00:00,15.741666635833333,15.57197977306836,16.040000280833333,12.954999925000001,16.058750093541665,16.025833925833332,16.600931482912237,15.65619026637971
2024-11-19 02:00:00,15.139166592499999,15.57197977306836,15.985833327499998,13.208333333333334,16.045833429374998,15.934166670833328,16.63154415001502,15.688616813232745
2024-11-19 03:00:00,12.623333295,15.57197977306836,15.899166583333333,16.042499860833335,16.00187508333333,15.723333199166664,16.5591724929517,15.75003779342488
2024-11-19 04:00:00,12.571666796666667,15.57197977306836,15.940833409166666,16.4033331875,15.96645840020833,15.799166676666665,16.586270479959758,16.248669210255102
2024-11-19 05:00:00,12.499166728333334,15.57197977306836,15.741666635833333,16.446666716666666,15.89187498895833,15.443332990833333,16.338933540964113,16.22496731816882
2024-11-19 06:00:00,12.604999939166667,15.57197977306836,15.139166592499999,16.444999854166667,15.68020830520833,14.2924998575,15.896703767669282,16.11225760268141
2024-11-19 07:00:00,12.970000108333332,15.57197977306836,12.623333295,16.689166386666667,14.861249983124997,9.347500006666667,13.745638676416757,17.350896783781547
2024-11-19 08:00:00,12.959999879166666,15.57197977306836,12.571666796666667,16.5066665025,14.018958329999998,9.202500184166668,13.967256722983437,18.759813848022254
2024-11-19 09:00:00,13.033333300833334,15.57197977306836,12.499166728333334,16.0441664075,13.208333353125,9.256666820833335,14.640241159643587,18.044228285381
2024-11-19 10:00:00,12.932500043333334,15.57197977306836,12.604999939166667,15.679166634166668,12.574791689791667,10.070833285833336,14.993174241328465,16.876743936194995
2024-11-19 11:00:00,12.828333378333333,15.57197977306836,12.970000108333332,15.399166661666667,12.661458393124999,13.316666921666664,13.172517332405544,14.834671712220473
2024-11-19 12:00:00,12.781666675833334,15.57197977306836,12.959999879166666,15.515000105,12.758541663749998,13.348332961666665,12.761544580090098,12.658484186338628
2024-11-19 13:00:00,12.649166663333332,15.57197977306836,13.033333300833334,15.8291665725,12.892083306874998,13.567499873333334,11.733958305669084,13.63227667433406
2024-11-19 14:00:00,12.56250008,15.57197977306836,12.932500043333334,16.022499879166666,12.973958332916666,13.260000147500001,11.638993995173282,12.550824996688647
2024-11-19 15:00:00,12.361666757499998,15.57197977306836,12.828333378333333,16.408333459999998,12.938541650416665,12.686666648333334,11.682362074655623,12.657690913876984
2024-11-19 16:00:00,12.323333500833334,15.57197977306836,12.781666675833334,16.186666964166665,12.893958349583333,12.603333472500001,11.732835946702913,13.101113417583884
2024-11-19 17:00:00,12.2541667625,15.57197977306836,12.649166663333332,16.054166635833333,12.797916690208332,12.26500002583333,11.66978352802802,12.946889712150371
2024-11-19 18:00:00,12.10833335,15.57197977306836,12.56250008,16.03749998416667,12.705416699374997,12.192500116666665,12.005806977346161,12.864963609793303
2024-11-19 19:00:00,11.955833355833335,15.57197977306836,12.361666757499998,16.074999967500002,12.588750044166664,11.895000136666663,13.890250652761408,12.591675677456724
2024-11-19 20:00:00,11.740000010833334,15.57197977306836,12.323333500833334,16.082500141666667,12.474166750416664,11.865000325833334,13.772498101022022,12.613816578276815
2024-11-19 21:00:00,11.644166708333335,15.57197977306836,12.2541667625,16.040000280833333,12.375416775208333,11.859166861666669,13.620032935928519,12.260697222578589
2024-11-19 22:00:00,11.694999933333333,15.57197977306836,12.10833335,15.985833327499998,12.26187509270833,11.654166620000002,13.479270080645344,12.100395994528196
2024-11-19 23:00:00,11.8233334225,15.57197977306836,11.955833355833335,15.899166583333333,12.160416742291666,11.54999995416667,13.365055039433598,12.136844660425309
2024-11-20 00:00:00,11.748333373333333,15.57197977306836,11.740000010833334,15.940833409166666,12.014583369791666,11.156666520833335,13.05714273923138,11.808622688675458
2024-11-20 01:00:00,11.7341666225,15.57197977306836,11.644166708333335,15.741666635833333,11.862083356249999,11.03416665416667,13.042049665436831,11.947377401913755
2024-11-20 02:00:00,11.521666606666665,15.57197977306836,11.694999933333333,15.139166592499999,11.758750002083332,11.281666516666666,13.153392529856962,12.058263249269974
2024-11-20 03:00:00,10.6258334325,15.57197977306836,11.8233334225,12.623333295,11.725625018749998,11.690833489166664,13.38911890233418,11.734703324334955
2024-11-20 04:00:00,10.9383333525,15.57197977306836,11.748333373333333,12.571666796666667,11.727708359374999,11.756666735833331,13.409810621914218,12.212486321911062
2024-11-20 05:00:00,11.466666697500001,15.57197977306836,11.7341666225,12.499166728333334,11.750208337916664,11.824166536666665,13.517718463495793,12.80468859944317
2024-11-20 06:00:00,11.895833412500002,15.57197977306836,11.521666606666665,12.604999939166667,11.706875006249998,11.348333279999997,13.252308973104297,13.15474526041876
2024-11-20 07:00:00,12.265000024999999,15.57197977306836,10.6258334325,12.970000108333332,11.407500008749999,9.428333442500001,11.480419744939171,13.485657074623779
2024-11-20 08:00:00,12.327500023333334,15.57197977306836,10.9383333525,12.959999879166666,11.205000003541665,10.128333331666669,11.13299310111643,12.351099831338972
2024-11-20 09:00:00,12.27666672,15.57197977306836,11.466666697500001,13.033333300833334,11.138125022291664,11.199166772500002,12.814050334654635,12.112095955756347
2024-11-20 10:00:00,11.971666574166667,15.57197977306836,11.895833412500002,12.932500043333334,11.23166672375,12.270000218333339,13.231195450753653,11.972918964119646
2024-11-20 11:00:00,11.9058334825,15.57197977306836,12.265000024999999,12.828333378333333,11.641458371874998,13.904166617499998,12.718491080640252,11.87005738455241
2024-11-20 12:00:00,11.644166548333333,15.57197977306836,12.327500023333334,12.781666675833334,11.988750039583334,13.716666694166667,12.136272112816982,12.085190958107118
2024-11-20 13:00:00,11.492500066666667,15.57197977306836,12.27666672,12.649166663333332,12.191250045208331,13.086666742499999,11.577300556233192,11.629264362411378
2024-11-20 14:00:00,11.402500074166667,15.57197977306836,11.971666574166667,12.56250008,12.210208335624998,12.047499735833332,11.121613425927768,11.696614300685637
2024-11-20 15:00:00,11.290833473333334,15.57197977306836,11.9058334825,12.361666757499998,12.120416699999998,11.546666940000001,11.34688543287041,11.65548516240536
2024-11-20 16:00:00,11.140000024999999,15.57197977306836,11.644166548333333,12.323333500833334,11.949583331249997,10.960833073333331,11.24547860708835,11.41476081568625
2024-11-20 17:00:00,11.116666634166668,15.57197977306836,11.492500066666667,12.2541667625,11.753541667916664,10.708333413333333,11.342680684397443,11.557039539948372
2024-11-20 18:00:00,11.261666775833334,15.57197977306836,11.402500074166667,12.10833335,11.611250042916666,10.833333574166668,11.551370362045445,11.381884128299358
2024-11-20 19:00:00,11.179166556666667,15.57197977306836,11.290833473333334,11.955833355833335,11.457500040624998,10.675833464166669,12.260508614689268,11.68161895487157
2024-11-20 20:00:00,11.222499927500001,15.57197977306836,11.140000024999999,11.740000010833334,11.331458409791665,10.635833501666665,12.245109790223566,11.063717566215555
2024-11-20 21:00:00,11.167500019166667,15.57197977306836,11.116666634166668,11.644166708333335,11.237500051666666,10.74083320166667,12.054995350642894,11.350271576650734
2024-11-20 22:00:00,11.189166546666668,15.57197977306836,11.261666775833334,11.694999933333333,11.202291727083331,11.1208334775,12.103730584761756,11.547186470270061
2024-11-20 23:00:00,11.305833419166667,15.57197977306836,11.179166556666667,11.8233334225,11.174374997916665,11.06749964,11.78762663398036,11.533533008078152
2024-11-21 00:00:00,11.431666535,15.57197977306836,11.222499927500001,11.748333373333333,11.194999973541666,11.304999830000003,11.585901305130083,11.550579353109795
2024-11-21 01:00:00,11.2958334275,15.57197977306836,11.167500019166667,11.7341666225,11.207708319791665,11.218333404166666,11.48382984328903,11.608599004267043
2024-11-21 02:00:00,11.34833328,15.57197977306836,11.189166546666668,11.521666606666665,11.1895832625,11.116666317500002,11.547971374763836,11.55822441697656
2024-11-21 03:00:00,11.2999999525,15.57197977306836,11.305833419166667,10.6258334325,11.221249978125,11.432500281666668,11.708285378267687,12.232971699810236
2024-11-21 04:00:00,11.534166575833332,15.57197977306836,11.431666535,10.9383333525,11.273541629999999,11.640833142499998,12.415599757898,12.85392161320596
2024-11-21 05:00:00,11.618333181666666,15.57197977306836,11.2958334275,11.466666697500001,11.305624982083332,11.424166835833333,12.373604880499563,12.457985981634229
2024-11-21 06:00:00,11.368333419166667,15.57197977306836,11.34833328,11.895833412500002,11.345416665416664,11.507500013333333,12.699484307384608,12.70465315679906
2024-11-21 07:00:00,11.34916687,15.57197977306836,11.2999999525,12.265000024999999,11.343958298749998,11.294166485833333,12.176562260450241,13.8374838141974
2024-11-21 08:00:00,11.621666670000002,15.57197977306836,11.534166575833332,12.327500023333334,11.369583308958331,11.636666616666664,12.627540827795324,13.215885746657626
2024-11-21 09:00:00,11.5883334475,15.57197977306836,11.618333181666666,12.27666672,11.450208247499997,11.940832935833331,12.733476953795307,12.64579662661998
2024-11-21 10:00:00,11.5058333875,15.57197977306836,11.368333419166667,11.971666574166667,11.455208282291665,11.388333558333334,12.553958983695617,12.03780764307503
2024-11-21 11:00:00,11.5024999775,15.57197977306836,11.34916687,11.9058334825,11.467500011666665,11.398333787499999,11.595487489357168,12.057632585308777
2024-11-21 12:00:00,11.5191665475,15.57197977306836,11.621666670000002,11.644166548333333,11.489375035208331,11.709166764166671,11.856689358497754,12.159325793160972
2024-11-21 13:00:00,11.367499828333331,15.57197977306836,11.5883334475,11.492500066666667,11.481875101666667,11.558333713333335,11.03794324816128,12.016758208383223
2024-11-21 14:00:00,11.184166670000002,15.57197977306836,11.5058333875,11.402500074166667,11.51625009375,11.643333355833331,10.940165415677727,12.146697577670306
2024-11-21 15:00:00,11.124166646666666,15.57197977306836,11.5024999775,11.290833473333334,11.554583370624997,11.655833085,11.184885929028471,11.785419353922993
2024-11-21 16:00:00,11.09583338,15.57197977306836,11.5191665475,11.140000024999999,11.528958339999999,11.416666424999997,11.190131698607374,11.581236615022728
2024-11-21 17:00:00,11.098333278333333,15.57197977306836,11.367499828333331,11.116666634166668,11.47374993520833,11.146666209166662,11.00718156648775,11.489493938468723
2024-11-21 18:00:00,11.011666695833334,15.57197977306836,11.184166670000002,11.261666775833334,11.39333325583333,10.862499952500004,11.144129979032334,11.618266110873709
2024-11-21 19:00:00,11.151666483333335,15.57197977306836,11.124166646666666,11.179166556666667,11.298749923124998,10.745833315833332,12.165855761563968,11.561371325737573
2024-11-21 20:00:00,11.059166589999998,15.57197977306836,11.09583338,11.222499927500001,11.192916631249997,10.672500212500001,11.932473329813227,11.473615378313102
2024-11-21 21:00:00,10.955833355000001,15.57197977306836,11.098333278333333,11.167500019166667,11.125624993749998,10.829166728333336,11.874826067420738,11.56182585896448
2024-11-21 22:00:00,11.001666544166667,15.57197977306836,11.011666695833334,11.189166546666668,11.082500000208332,10.839166721666667,11.829972539496595,11.601212210831367
2024-11-21 23:00:00,10.912499984999998,15.57197977306836,11.151666483333335,11.305833419166667,11.089374959374998,11.179166320000004,12.014435233184937,11.613731164202939
2024-11-22 00:00:00,10.900833368333332,15.57197977306836,11.059166589999998,11.431666535,11.080208261874999,11.022499799999997,11.743031846724145,11.55186224101244
2024-11-22 01:00:00,10.924999953333334,15.57197977306836,10.955833355000001,11.2958334275,11.044583281041666,10.813333431666669,11.744020656630237,11.823611698339166
2024-11-22 02:00:00,10.953333299166667,15.57197977306836,11.001666544166667,11.34833328,11.042083243125,10.9916663925,11.981888278433013,11.829930227812213
2024-11-22 03:00:00,10.349166630916667,15.57197977306836,10.912499984999998,11.2999999525,10.982291618541664,10.673333486666662,11.860298092673311,11.303329952066411
2024-11-22 04:00:00,12.089166640833334,15.57197977306836,10.900833368333332,11.534166575833332,10.942708313124998,10.742500146666666,11.938058002573399,11.963294991280376
2024-11-22 05:00:00,13.620833316666667,15.57197977306836,10.924999953333334,11.618333181666666,10.93499996270833,10.894166551666666,12.073454240029745,11.857272484304497
2024-11-22 06:00:00,13.869166771666668,15.57197977306836,10.953333299166667,11.368333419166667,10.92291665145833,10.905000054166667,12.120654600232648,12.490794865497287
2024-11-22 07:00:00,14.121666589166667,15.57197977306836,10.349166630916667,11.34916687,10.782083312937498,9.785833276833335,11.416693734912162,11.739321653844344
2024-11-22 08:00:00,13.941666524166665,15.57197977306836,12.089166640833334,11.621666670000002,11.079166631062499,13.277499913333335,13.878026231447267,14.4235878286677
2024-11-22 09:00:00,10.862499952666667,15.57197977306836,13.620833316666667,11.5883334475,11.753124971895833,16.31666668,16.052306472514804,14.796876508894158
2024-11-22 10:00:00,9.303333361916666,15.57197977306836,13.869166771666668,11.5058333875,12.482083340020832,16.785000244166667,17.085597353227183,16.14139941883728
2024-11-22 11:00:00,8.800000111333333,15.57197977306836,14.121666589166667,11.5024999775,13.425208329583333,17.894166547416667,15.400455904501332,13.904896807459874
2024-11-22 12:00:00,7.773333271249999,15.57197977306836,13.941666524166665,11.5191665475,13.888333300416665,15.794166407499997,14.61675121916059,13.875774820307551
2024-11-22 13:00:00,7.885833382666667,15.57197977306836,10.862499952666667,11.367499828333331,13.198749959416665,8.104166588666667,9.927352014460956,12.40331720483047
2024-11-22 14:00:00,8.30499998725,15.57197977306836,9.303333361916666,11.184166670000002,12.057291606979165,4.737499952166663,9.1439703163346,10.50920643476209
2024-11-22 15:00:00,8.11833333975,15.57197977306836,8.800000111333333,11.124166646666666,10.72687498752083,3.4783336334999984,9.058624031340667,10.157002654595322
2024-11-22 16:00:00,8.175833145916666,15.57197977306836,7.773333271249999,11.09583338,9.184791674291665,1.6050000183333335,8.207587014764645,10.366460030966502
2024-11-22 17:00:00,8.438333352333332,15.57197977306836,7.885833382666667,11.098333278333333,8.440625031791665,4.909166812666667,8.658120048017379,10.903023942619232
2024-11-22 18:00:00,8.486666758833334,15.57197977306836,8.30499998725,11.011666695833334,8.191041688124997,7.306666612583333,7.767889701820082,9.982009114378718
2024-11-22 19:00:00,8.551666657250001,15.57197977306836,8.11833333975,11.151666483333335,8.020624995229165,7.436666568166668,8.948046518570012,8.530685454029026
2024-11-22 20:00:00,8.515833218916667,15.57197977306836,8.175833145916666,11.059166589999998,8.121249963895831,8.578333020583333,8.85703842082968,8.786744425507312
2024-11-22 21:00:00,8.445833285666668,15.57197977306836,8.438333352333332,10.955833355000001,8.259374956312499,8.990833321999997,8.94716872255619,9.433356827075315
2024-11-22 22:00:00,8.28250010825,15.57197977306836,8.486666758833334,11.001666544166667,8.304791649208331,8.668333530416668,8.926755605913776,9.396915573849427
2024-11-22 23:00:00,8.278333425583334,15.57197977306836,8.551666657250001,10.912499984999998,8.413124978583332,8.984999974750002,9.08987597505127,9.413374668977283
2024-11-23 00:00:00,8.244166612583333,15.57197977306836,8.515833218916667,10.900833368333332,8.498124996833333,8.855833291916667,9.015485383227562,9.511138388835683
2024-11-23 01:00:00,8.162499984166667,15.57197977306836,8.445833285666668,10.924999953333334,8.499999980166665,8.453333219000003,9.519727556942573,9.280079296051019
2024-11-23 02:00:00,8.497499942833334,15.57197977306836,8.28250010825,10.953333299166667,8.448958317520832,8.078333457666666,10.47956215474839,9.129880618845213
2024-11-23 03:00:00,9.579166729916667,15.57197977306836,8.278333425583334,10.349166630916667,8.380625009604165,8.005000193916667,10.50102949488264,9.221814132996913
2024-11-23 04:00:00,11.79916676,15.57197977306836,8.244166612583333,12.089166640833334,8.312708358020831,7.97250000625,10.2715283023703,9.437717692503451
2024-11-23 05:00:00,11.548333246666667,15.57197977306836,8.162499984166667,13.620833316666667,8.241875032645833,7.879166682666666,10.176685522949697,10.13296810463866
2024-11-23 06:00:00,11.610000055833334,15.57197977306836,8.497499942833334,13.869166771666668,8.295624991291666,8.712499777416669,10.647609080517114,11.203110434331876
2024-11-23 07:00:00,11.944166660833332,15.57197977306836,9.579166729916667,14.121666589166667,8.620833317374998,10.88000003425,10.8180030079159,11.579009335227038
2024-11-23 08:00:00,12.129166604166665,15.57197977306836,11.79916676,13.941666524166665,9.509583354229164,15.354166907416667,12.937872096718909,11.838348287863889
2024-11-23 09:00:00,12.029166697500001,15.57197977306836,11.548333246666667,10.862499952666667,10.356041669854164,14.934166509166667,13.007853260705657,11.391259880012296
2024-11-23 10:00:00,12.047499815833334,15.57197977306836,11.610000055833334,9.303333361916666,11.134166698104165,14.722500168833333,13.351351779467299,11.511586160126557
2024-11-23 11:00:00,11.9133332575,15.57197977306836,11.944166660833332,8.800000111333333,11.725416680833332,14.309166591749998,12.520857542065189,11.852419777529475
2024-11-23 12:00:00,11.645833253333334,15.57197977306836,12.129166604166665,7.773333271249999,11.807916641874998,12.45916644833333,12.063914983470667,11.64088395733793
2024-11-23 13:00:00,11.263333480833333,15.57197977306836,12.029166697500001,7.885833382666667,11.928125004583332,12.510000148333335,10.68413267914806,11.699804084513431
2024-11-23 14:00:00,10.9399998975,15.57197977306836,12.047499815833334,8.30499998725,12.037499944583331,12.484999575833333,10.472036748622578,11.481432322108612
2024-11-23 15:00:00,10.7033332975,15.57197977306836,11.9133332575,8.11833333975,12.029791593749998,11.882499854166667,10.408227630951533,11.466628597541582
2024-11-23 16:00:00,10.524999935833334,15.57197977306836,11.645833253333334,8.175833145916666,11.908958256041664,11.162499902500004,10.250739863672807,11.227432145719709
2024-11-23 17:00:00,10.450833400833334,15.57197977306836,11.263333480833333,8.438333352333332,11.717499951874998,10.497500264166666,10.146012521918916,10.910787033933502
2024-11-23 18:00:00,10.451666595,15.57197977306836,10.9399998975,8.486666758833334,11.440624972291666,9.832499979166666,10.560358206294438,11.312038503588813
2024-11-23 19:00:00,10.305000065833333,15.57197977306836,10.7033332975,8.551666657250001,11.138124982291664,9.493333337500001,11.135807694919496,11.361719230032373
2024-11-23 20:00:00,10.333333410833333,15.57197977306836,10.524999935833334,8.515833218916667,10.857916652916664,9.404166618333333,10.455554718705642,11.119737970135724
2024-11-23 21:00:00,10.187500000833333,15.57197977306836,10.450833400833334,8.445833285666668,10.654791632916664,9.638333320833334,10.319896764020026,10.26792312030203
2024-11-23 22:00:00,10.080833354166666,15.57197977306836,10.451666595,8.28250010825,10.532708307291665,9.963333292500002,10.317807425354474,10.132668767682993
2024-11-23 23:00:00,10.0725001475,15.57197977306836,10.305000065833333,8.278333425583334,10.433124999374998,9.906666834166666,10.139357550427874,9.834717335249566
2024-11-24 00:00:00,10.109166701666666,15.57197977306836,10.333333410833333,8.244166612583333,10.385208368125,10.141666885833333,10.083581596099176,9.729596080937943
2024-11-24 01:00:00,10.094166675833334,15.57197977306836,10.187500000833333,8.162499984166667,10.319375018125,9.924166600833333,9.962466691135525,9.74743587525944
2024-11-24 02:00:00,10.091666619166666,15.57197977306836,10.080833354166666,8.497499942833334,10.226666707916664,9.710000113333331,9.926841693623338,9.989641856551877
2024-11-24 03:00:00,10.168333212,15.57197977306836,10.0725001475,9.579166729916667,10.16854172833333,9.840000229166666,10.062533397640273,10.01752061307486
2024-11-24 04:00:00,10.318333309166666,15.57197977306836,10.109166701666666,11.79916676,10.112500051041664,9.8849999925,10.233840466763008,9.998934177334995
2024-11-24 05:00:00,10.2408333625,15.57197977306836,10.094166675833334,11.548333246666667,10.089166719791665,10.000833350833334,10.279413043368638,9.83756881138949
2024-11-24 06:00:00,10.397500118333333,15.57197977306836,10.091666619166666,11.610000055833334,10.091875036041664,10.102499884166667,10.283691373842665,9.945316719080214
2024-11-24 07:00:00,10.200833399999999,15.57197977306836,10.168333212,11.944166660833332,10.115833302166664,10.264166276500001,10.298183419196185,10.149586483025255
2024-11-24 08:00:00,9.931666612333332,15.57197977306836,10.318333309166666,12.129166604166665,10.168124954041664,10.527499916666667,10.652650191342822,10.181262921463675
2024-11-24 09:00:00,9.83250006025,15.57197977306836,10.2408333625,12.029166697500001,10.204791625708332,10.387500049166666,10.883707571900938,10.308544057115439
2024-11-24 10:00:00,9.78083340325,15.57197977306836,10.397500118333333,12.047499815833334,10.281250000499998,10.7033336175,11.737499194488285,10.33511426797306
2024-11-24 11:00:00,9.734999974583333,15.57197977306836,10.200833399999999,11.9133332575,10.289375047499998,10.233333587999997,10.44891334647169,10.181160707087187
2024-11-24 12:00:00,9.62749997775,15.57197977306836,9.931666612333332,11.645833253333334,10.192708373291664,9.544999915499998,10.30159644171492,9.99010732427662
2024-11-24 13:00:00,9.732500155750001,15.57197977306836,9.83250006025,11.263333480833333,10.090625047729164,9.424166758,9.47731305610646,9.97850350268093
2024-11-24 14:00:00,9.8574999175,15.57197977306836,9.78083340325,10.9399998975,9.93645836895833,9.164166688166667,9.345129918454804,9.91776043343906
2024-11-24 15:00:00,9.8691667715,15.57197977306836,9.734999974583333,10.7033332975,9.820000012604165,9.269166549166668,9.246779836137222,9.862053062880225
2024-11-24 16:00:00,9.934999863333333,15.57197977306836,9.62749997775,10.524999935833334,9.743958353958332,9.323333343166668,9.117145549061393,9.606797495360325
2024-11-24 17:00:00,9.8658334415,15.57197977306836,9.732500155750001,10.450833400833334,9.718958377833331,9.632500251250002,9.260645127174747,9.733430137274635
2024-11-24 18:00:00,9.841666778083333,15.57197977306836,9.8574999175,10.451666595,9.738125006395833,9.93416643175,9.338691463537831,9.659452993222258
2024-11-24 19:00:00,9.9566666285,15.57197977306836,9.8691667715,10.305000065833333,9.771666705624998,10.003333568416666,10.539269050055369,9.584079683325733
2024-11-24 20:00:00,9.909166733333334,15.57197977306836,9.934999863333333,10.333333410833333,9.848541677020833,10.242499748916666,10.449694606293576,9.56699252482334
2024-11-24 21:00:00,9.984166621583332,15.57197977306836,9.8658334415,10.187500000833333,9.881874998458331,9.999166727249998,10.282622093104976,9.666975024848954
2024-11-24 22:00:00,9.974166553,15.57197977306836,9.841666778083333,10.080833354166666,9.877916713604165,9.825833638666666,10.266042800675397,9.650599090486843
2024-11-24 23:00:00,10.0850000375,15.57197977306836,9.9566666285,10.0725001475,9.899791677854164,10.044166485500002,10.43516258539389,9.94656180150127
2024-11-25 00:00:00,10.06916665925,15.57197977306836,9.909166733333334,10.109166701666666,9.893333395354166,9.883333603333336,11.10108813325213,10.512841871385852
2024-11-25 01:00:00,10.116666635,15.57197977306836,9.984166621583332,10.094166675833334,9.922916690374997,10.102499801666665,11.18066991541734,10.117091576042096
2024-11-25 02:00:00,9.94916661575,15.57197977306836,9.974166553,10.091666619166666,9.956041634104166,10.106666327916667,11.190520495001095,10.258229069122935
2024-11-25 03:00:00,8.060833295333333,15.57197977306836,10.0850000375,10.168333212,9.988124986354165,10.2133334465,11.385985747975077,10.28258565203935
2024-11-25 04:00:00,8.375000000166667,15.57197977306836,10.06916665925,10.318333309166666,10.028124967833332,10.229166585166665,11.452237387936677,10.31796159290468
2024-11-25 05:00:00,8.296666622083334,15.57197977306836,10.116666635,10.2408333625,10.061249971187499,10.249166648416667,11.615914410783283,10.435843184413176
2024-11-25 06:00:00,8.284999847333333,15.57197977306836,9.94916661575,10.397500118333333,10.054999986874998,9.9241666785,11.543859415678845,10.435904960961144
2024-11-25 07:00:00,8.499166727083333,15.57197977306836,8.060833295333333,10.200833399999999,9.54895830133333,6.036666553166667,9.299511209760084,10.938842350355197
2024-11-25 08:00:00,8.676666577499999,15.57197977306836,8.375000000166667,9.931666612333332,9.125416636562498,6.680833341083334,10.339250635146513,10.174319215459047
2024-11-25 09:00:00,8.780000050916668,15.57197977306836,8.296666622083334,9.83250006025,8.670416633333332,6.476666609166669,10.573177649536863,10.180487224866098
2024-11-25 10:00:00,8.80666661275,15.57197977306836,8.284999847333333,9.78083340325,8.254374941229166,6.620833078916666,10.990667299926354,9.357651324044323
2024-11-25 11:00:00,8.850000063583334,15.57197977306836,8.499166727083333,9.734999974583333,8.363958299166665,8.937500158833332,9.757337466106723,9.375290271273618
2024-11-25 12:00:00,8.657500028500001,15.57197977306836,8.676666577499999,9.62749997775,8.439374943499999,8.978333154833331,9.810729224586318,9.424645798509552
2024-11-25 13:00:00,8.4800000985,15.57197977306836,8.780000050916668,9.732500155750001,8.56020830070833,9.26333347975,8.954943369919942,9.493085498625454
2024-11-25 14:00:00,8.267500003250001,15.57197977306836,8.80666661275,9.8574999175,8.690624992062498,9.328333378166667,9.178411102343198,9.385480342815143
2024-11-25 15:00:00,8.096363674636363,15.57197977306836,8.850000063583334,9.8691667715,8.778333326187498,9.200833400083335,9.277365205872664,9.49042763851109
2024-11-25 16:00:00,8.129999955416666,15.57197977306836,8.657500028500001,9.934999863333333,8.773541688937499,8.638333479500004,9.011201167882572,9.545972359249236
2024-11-25 17:00:00,8.099999984333333,15.57197977306836,8.4800000985,9.8658334415,8.698541700833331,8.180000146083332,8.894640601829273,9.52146263575413
2024-11-25 18:00:00,7.956666668333334,15.57197977306836,8.267500003250001,9.841666778083333,8.563750048458331,7.7283333937500025,8.928094010971598,9.111005440761561
2024-11-25 19:00:00,7.90499997125,15.57197977306836,8.096363674636363,9.9566666285,8.37534095122159,7.342727285689392,10.183463584300299,8.599053838649596
2024-11-25 20:00:00,7.922499974333333,15.57197977306836,8.129999955416666,9.909166733333334,8.243465932950755,7.602499882333332,9.894365530990845,8.963703451199093
2024-11-25 21:00:00,7.864166736583333,15.57197977306836,8.099999984333333,9.984166621583332,8.14846590440909,7.719999870166667,9.71292560281918,8.801920628976433
2024-11-25 22:00:00,7.800000071583334,15.57197977306836,7.956666668333334,9.974166553,8.070757570679923,7.645833333416666,9.50434561581541,8.670428190109657
2024-11-25 23:00:00,7.733333309416667,15.57197977306836,7.90499997125,10.0850000375,8.022916644833332,7.713636267863636,9.483666378489989,9.351304942042237
2024-11-26 00:00:00,7.68999993775,15.57197977306836,7.922499974333333,10.06916665925,7.9710416495624985,7.71499999325,9.438717878952364,8.62203350129388
2024-11-26 01:00:00,7.687499960083334,15.57197977306836,7.864166736583333,10.116666635,7.912083337624999,7.6283334888333325,9.45817545154846,9.221259452765441
2024-11-26 02:00:00,7.739999969583334,15.57197977306836,7.800000071583334,9.94916661575,7.872916688437499,7.643333474833334,9.559220279310258,9.271520122269708
2024-11-26 03:00:00,8.556666771416667,15.57197977306836,7.733333309416667,8.060833295333333,7.830000022979165,7.561666647583335,9.639578364638577,9.792392966562542
2024-11-26 04:00:00,8.660909132545454,15.57197977306836,7.68999993775,8.375000000166667,7.771875013833332,7.457499901166666,9.652844692511035,10.192252838220242
2024-11-26 05:00:00,8.747500022333334,15.57197977306836,7.687499960083334,8.296666622083334,7.727708319708332,7.510833183583334,9.757222843058344,10.2047635866429
2024-11-26 06:00:00,9.081666628666667,15.57197977306836,7.739999969583334,8.284999847333333,7.7127082942083325,7.679999867583334,9.859495609337458,10.385719256183464
2024-11-26 07:00:00,9.081666628583333,15.57197977306836,8.556666771416667,8.499166727083333,7.918541659708332,9.380000233416666,10.251501906980309,10.066883054273383
2024-11-26 08:00:00,9.061666568083334,15.57197977306836,8.660909132545454,8.676666577499999,8.161268958407195,9.631818327340909,10.762634153138077,9.731587333249374
2024-11-26 09:00:00,8.925833225166667,15.57197977306836,8.747500022333334,8.780000050916668,8.426268973969695,9.807500084583335,11.802830082234719,9.498996957340289
2024-11-26 10:00:00,9.042500177916667,15.57197977306836,9.081666628666667,8.80666661275,8.761685638740529,10.423333287750001,11.742428252493443,9.149002884165872
2024-11-26 11:00:00,9.016666650833333,15.57197977306836,9.081666628583333,8.850000063583334,8.892935603032196,9.606666485749999,8.80372188248107,8.637984215144877
2024-11-26 12:00:00,9.086666663499999,15.57197977306836,9.061666568083334,8.657500028500001,8.993124961916665,9.462424003621214,8.48590020872756,8.770326943714544
2024-11-26 13:00:00,9.21333336825,15.57197977306836,8.925833225166667,8.4800000985,9.037708262624998,9.104166428,8.19897445917249,8.642669652242295
2024-11-26 14:00:00,9.170000076083333,15.57197977306836,9.042500177916667,8.267500003250001,9.027916649937499,9.003333727166666,9.080482296431164,9.165358479946713
2024-11-26 15:00:00,9.20333337775,15.57197977306836,9.016666650833333,8.096363674636363,9.011666655499997,8.951666673083333,9.399112312155191,9.460354215285058
2024-11-26 16:00:00,9.3659998893,15.57197977306836,9.086666663499999,8.129999955416666,9.017916679354165,9.111666758916664,9.759653934964664,9.729507446156472
2024-11-26 17:00:00,9.291818271909092,15.57197977306836,9.21333336825,8.099999984333333,9.089791715124997,9.500833511333333,9.863763405789621,9.528173103402473
2024-11-26 18:00:00,9.286666790666667,15.57197977306836,9.170000076083333,7.956666668333334,9.121666689666664,9.29749997425,10.037014411131615,9.457452575900993
2024-11-26 19:00:00,9.195833285666668,15.57197977306836,9.20333337775,7.90499997125,9.168333371395832,9.390000104666669,10.986500432476438,9.428272470091555
2024-11-26 20:00:00,9.099166631666666,15.57197977306836,9.3659998893,7.922499974333333,9.238166677845832,9.6453331151,10.787781912845054,9.315983162479405
2024-11-26 21:00:00,9.176666577583333,15.57197977306836,9.291818271909092,7.864166736583333,9.257787903760605,9.370303175568184,10.820396773815926,8.76909315963859
2024-11-26 22:00:00,9.165833234833334,15.57197977306836,9.286666790666667,7.800000071583334,9.286954582406437,9.40333350525,11.21567219259102,8.45366170258251
2024-11-26 23:00:00,9.143333435083333,15.57197977306836,9.195833285666668,7.733333309416667,9.285079559385604,9.188333193583334,11.443631331448447,8.77210149117191
2024-11-27 00:00:00,9.229166587166667,15.57197977306836,9.099166631666666,7.68999993775,9.218371244977272,8.832333374033333,11.119255411014361,6.426300987921966
2024-11-27 01:00:00,9.1639999389,15.57197977306836,9.176666577583333,7.687499960083334,9.189583321395832,9.061514883257574,10.835470158467079,6.7422201772663986
2024-11-27 02:00:00,9.294166644916666,15.57197977306836,9.165833234833334,7.739999969583334,9.1593749324375,9.044999679000002,10.732496065713097,6.439322916478791
2024-11-27 03:00:00,10.202499945,15.57197977306836,9.143333435083333,8.556666771416667,9.146249969791665,9.090833584499999,10.598318797204092,8.526734631092657
2024-11-27 04:00:00,10.305000225833334,15.57197977306836,9.229166587166667,8.660909132545454,9.178749958666664,9.359166542666667,10.675089992533682,8.354985359032847
2024-11-27 05:00:00,10.34916671,15.57197977306836,9.1639999389,8.747500022333334,9.175583298995832,9.151333300216667,10.593485214003122,8.344120818041128
2024-11-27 06:00:00,10.439166545833332,15.57197977306836,9.294166644916666,9.081666628666667,9.207666651516664,9.422500054999999,10.741785916706537,8.303608601990616
2024-11-27 07:00:00,10.437500079166666,15.57197977306836,10.202499945,9.081666628583333,9.47245827899583,11.261666454916666,11.396147584015722,11.653257813815687
2024-11-27 08:00:00,10.547500054166667,15.57197977306836,10.305000225833334,9.061666568083334,9.741416688662499,11.380833864500001,11.676377207845622,11.763621079640178
2024-11-27 09:00:00,10.452500106666667,15.57197977306836,10.34916671,8.925833225166667,10.037708381437499,11.534333481100001,12.382209747171588,11.711588341541095
2024-11-27 10:00:00,10.153333266666666,15.57197977306836,10.439166545833332,9.042500177916667,10.323958356666665,11.584166446749999,12.80191814808568,10.210660458295179
2024-11-27 11:00:00,9.94909086990909,15.57197977306836,10.437500079166666,9.016666650833333,10.382708390208332,10.672500213333333,11.655385014335039,12.264601768286644
2024-11-27 12:00:00,9.909999926500001,15.57197977306836,10.547500054166667,9.086666663499999,10.443333347291665,10.7899998825,11.741419746893282,14.13117969888999
2024-11-27 13:00:00,10.4366668075,15.57197977306836,10.452500106666667,9.21333336825,10.46916669645833,10.555833503333334,10.833292823241369,11.063602247326955
2024-11-27 14:00:00,10.492500065833333,15.57197977306836,10.153333266666666,9.170000076083333,10.397708376666666,9.867499987499999,10.64878411897141,10.505275136199332
2024-11-27 15:00:00,10.448181933636363,15.57197977306836,9.94909086990909,9.20333337775,10.275606074352272,9.460681660651515,10.653564096132932,10.480560450306918
2024-11-27 16:00:00,10.374166726666667,15.57197977306836,9.909999926500001,9.3659998893,10.116231042435604,9.272499798833335,10.684740084891107,10.423276704210362
2024-11-27 17:00:00,10.275000095000001,15.57197977306836,10.4366668075,9.291818271909092,10.112272717643938,10.420833508333333,11.220248175246343,11.154410435711736
2024-11-27 18:00:00,10.1900000575,15.57197977306836,10.492500065833333,9.286666790666667,10.197064417435605,10.831666865,11.26611687958917,10.507942114711678
2024-11-27 19:00:00,10.299999951666667,15.57197977306836,10.448181933636363,9.195833285666668,10.321837183367423,10.947272997363635,12.060027714138176,10.252767693481083
2024-11-27 20:00:00,10.415000040833332,15.57197977306836,10.374166726666667,9.099166631666666,10.43787888340909,10.838333526833333,11.897082526419597,9.353724347938781
2024-11-27 21:00:00,10.304166635,15.57197977306836,10.275000095000001,9.176666577583333,10.39746220528409,10.113333382500002,11.65594331513176,7.549607899649454
2024-11-27 22:00:00,10.339166561666667,15.57197977306836,10.1900000575,9.165833234833334,10.321837203200756,9.887500049166668,11.47805603575419,7.275399457141417
2024-11-27 23:00:00,10.246666510833334,15.57197977306836,10.299999951666667,9.143333435083333,10.284791707708331,10.151817969696971,11.577527084559275,8.77238399362386
2024-11-28 00:00:00,10.303333521666667,15.57197977306836,10.415000040833332,9.229166587166667,10.295000036249998,10.455833354999998,11.601662344208856,9.14900923146482
2024-11-28 01:00:00,10.259999911666666,15.57197977306836,10.304166635,9.1639999389,10.302291671249998,10.333333174999998,11.531778128951165,8.684827617616024
2024-11-28 02:00:00,10.347272698181818,15.57197977306836,10.339166561666667,9.294166644916666,10.339583297291664,10.488333065833334,11.60742782013124,8.711657252510468
2024-11-28 03:00:00,10.470000028333333,15.57197977306836,10.246666510833334,10.202499945,10.326249937083332,10.193333070000001,11.509161456518331,8.947216433625218
2024-11-28 04:00:00,11.499166727499999,15.57197977306836,10.303333521666667,10.305000225833334,10.298333307291665,10.191667002500003,11.611241455961329,8.93150518519499
2024-11-28 05:00:00,12.34249997,15.57197977306836,10.259999911666666,10.34916671,10.287291626458332,10.215833188333333,11.496082460492453,8.908147433045091
2024-11-28 06:00:00,12.603333314166667,15.57197977306836,10.347272698181818,10.439166545833332,10.28931816058712,10.35537883469697,11.56214700683374,8.736398160985281
2024-11-28 07:00:00,12.864999929166666,15.57197977306836,10.470000028333333,10.437500079166666,10.345151539962119,10.693333545833331,11.370608304829844,12.60505574874597
2024-11-28 08:00:00,13.254166681666668,15.57197977306836,11.499166727499999,10.547500054166667,10.644109841420452,12.69499993333333,11.867886677377172,18.859771093395555
2024-11-28 09:00:00,13.244166773333333,15.57197977306836,12.34249997,10.452500106666667,11.164734856003786,14.425000028333335,11.521163289255995,18.475796901607463
2024-11-28 10:00:00,12.910000006666666,15.57197977306836,12.603333314166667,10.153333266666666,11.728750009999997,14.859393930151516,13.057774211337769,17.345795911268798
2024-11-28 11:00:00,12.52666672,15.57197977306836,12.864999929166666,9.94909086990909,12.32749998520833,15.25999983,11.993767007566683,18.842618886741807
2024-11-28 12:00:00,11.872500021666667,15.57197977306836,13.254166681666668,9.909999926500001,12.76624997375,15.009166635833337,12.547859635925413,19.673431029992308
2024-11-28 13:00:00,11.710833311666667,15.57197977306836,13.244166773333333,10.4366668075,12.991666674583332,14.145833576666666,11.015284457166874,13.395031201199952
2024-11-28 14:00:00,11.454166651666666,15.57197977306836,12.910000006666666,10.492500065833333,13.068333347708332,13.216666699166664,10.863403791082357,14.172404371787524
2024-11-28 15:00:00,11.167500019166667,15.57197977306836,12.52666672,10.448181933636363,12.983750045416663,12.188333510833333,10.662313187487484,14.503789810283095
2024-11-28 16:00:00,10.997500261666666,15.57197977306836,11.872500021666667,10.374166726666667,12.638333380416665,10.490833361666667,10.112596692012811,15.074803579984907
2024-11-28 17:00:00,10.875833510833333,15.57197977306836,11.710833311666667,10.275000095000001,12.255000014999998,10.17749985,10.196260787732623,14.888194966583933
2024-11-28 18:00:00,11.020833412500002,15.57197977306836,11.454166651666666,10.1900000575,11.891041676249998,9.998333296666667,9.962430603197078,14.852778403519133
2024-11-28 19:00:00,11.223333279166667,15.57197977306836,11.167500019166667,10.299999951666667,11.551250001041666,9.808333318333334,12.88984197586956,12.319236271379255
2024-11-28 20:00:00,11.174999951666665,15.57197977306836,10.997500261666666,10.415000040833332,11.332500061041666,10.122500501666664,12.54038862013637,11.808655858389836
2024-11-28 21:00:00,10.945833366666667,15.57197977306836,10.875833510833333,10.304166635,11.123750110833331,10.04083371,12.277848393308613,11.419650040153641
2024-11-28 22:00:00,10.052500010916667,15.57197977306836,11.020833412500002,10.339166561666667,11.015416801041665,10.587500173333337,12.362619452097515,11.631365911105904
2024-11-28 23:00:00,7.742499987333333,15.57197977306836,11.223333279166667,10.246666510833334,11.029375116041665,11.279166539166667,12.489850946469574,9.377177002883371
2024-11-29 00:00:00,7.4616666635,15.57197977306836,11.174999951666665,10.303333521666667,11.073750038541665,11.352499641666665,12.276958926252144,11.706212707317569
2024-11-29 01:00:00,7.424999952083333,15.57197977306836,10.945833366666667,10.259999911666666,11.091250002499999,11.015833222500001,12.051682858621744,13.938078303998356
2024-11-29 02:00:00,7.780833283833334,15.57197977306836,10.052500010916667,10.347272698181818,10.849166652104165,9.084166609333332,11.208528783104251,9.075695572683356
2024-11-29 03:00:00,9.509999990416667,15.57197977306836,7.742499987333333,10.470000028333333,9.978958329145831,4.261666695499999,9.031856224552389,8.93806919416578
2024-11-29 04:00:00,10.075833319583333,15.57197977306836,7.4616666635,11.499166727499999,9.050625007104166,3.7483333753333348,9.491423637661246,8.771160412547065
2024-11-29 05:00:00,10.5241666625,15.57197977306836,7.424999952083333,12.34249997,8.170416653458332,3.9041665374999983,9.512149636081023,9.231770394365851
2024-11-29 06:00:00,10.579166729999999,15.57197977306836,7.780833283833334,12.603333314166667,7.602499971687498,5.509166556750001,9.909745425045173,9.230668911656046
2024-11-29 07:00:00,10.589999913333333,15.57197977306836,9.509999990416667,12.864999929166666,8.044374972458332,11.277499993500001,11.015901010311971,10.970116007799191
2024-11-29 08:00:00,10.843333403333332,15.57197977306836,10.075833319583333,13.254166681666668,8.697916636479166,12.689999975666666,11.103062108362854,11.249719145488736
2024-11-29 09:00:00,11.192500035,15.57197977306836,10.5241666625,13.244166773333333,9.472708314083333,13.623333372916669,11.743774743866755,17.27947332178805
2024-11-29 10:00:00,11.613333383333334,15.57197977306836,10.579166729999999,12.910000006666666,10.172291675624997,13.377500176166663,12.597826952788333,16.024542856666244
2024-11-29 11:00:00,11.622500020833334,15.57197977306836,10.589999913333333,12.52666672,10.442291656354165,11.66999983625,11.017030656211276,16.08102025929081
2024-11-29 12:00:00,11.338333288333333,15.57197977306836,10.843333403333332,11.872500021666667,10.634166677291665,11.610833487083331,11.557723988016852,16.875770469212107
2024-11-29 13:00:00,11.219166596666668,15.57197977306836,11.192500035,11.710833311666667,10.801250020416665,11.8608334075,10.717126494544459,12.938192884254773
2024-11-29 14:00:00,11.064999818333334,15.57197977306836,11.613333383333334,11.454166651666666,11.059791683749998,12.647500036666669,11.184030335658905,13.316489343058002
2024-11-29 15:00:00,10.985833325833333,15.57197977306836,11.622500020833334,11.167500019166667,11.317916710625,12.655000128333334,11.21214750134681,12.57440599694639
2024-11-29 16:00:00,11.105833450833332,15.57197977306836,11.338333288333333,10.997500261666666,11.441666681874999,11.833333173333333,10.8336776465534,12.55771085908777
2024-11-29 17:00:00,10.945000013333333,15.57197977306836,11.219166596666668,10.875833510833333,11.448333322291665,11.245833158333335,10.83641667795836,13.065675959401064
2024-11-29 18:00:00,10.632499935833334,15.57197977306836,11.064999818333334,11.020833412500002,11.311249931041665,10.516666253333334,10.762061394840014,12.911682261081387
2024-11-29 19:00:00,10.577500025,15.57197977306836,10.985833325833333,11.223333279166667,11.152083257291666,10.349166630833333,12.723620183345169,11.658710430229508
2024-11-29 20:00:00,9.851666608499999,15.57197977306836,11.105833450833332,11.174999951666665,11.093958297916664,10.873333613333331,12.72290465951026,11.984769540883912
2024-11-29 21:00:00,9.580000003166667,15.57197977306836,10.945000013333333,10.945833366666667,11.025416652083331,10.670833429999998,12.345828000344362,12.004036336109156
2024-11-29 22:00:00,9.466666698333333,15.57197977306836,10.632499935833334,10.052500010916667,10.91729168145833,10.200000053333333,12.05783409111859,11.59020918194982
2024-11-29 23:00:00,9.775000015333333,15.57197977306836,10.577500025,7.742499987333333,10.815208356249997,10.169166724166669,12.143597243924042,10.859831332315075
2024-11-30 00:00:00,10.1141667365,15.57197977306836,9.851666608499999,7.4616666635,10.501666645666665,8.597499766166665,11.252027646999341,8.45676514494018
2024-11-30 01:00:00,10.005833308666666,15.57197977306836,9.580000003166667,7.424999952083333,10.160416643124998,8.214999993000001,11.147044029074216,7.970605211067839
2024-11-30 02:00:00,8.55166657775,15.57197977306836,9.466666698333333,7.780833283833334,9.868958333749998,8.300833460833331,10.980156040933286,5.276817377482115
2024-11-30 03:00:00,9.205833276249999,15.57197977306836,9.775000015333333,9.509999990416667,9.668333331333331,8.972500005666666,11.145686007633609,5.08972294562762
2024-11-30 04:00:00,9.454166730333332,15.57197977306836,10.1141667365,10.075833319583333,9.733958363333333,10.3766668645,11.40168914342302,7.651483103853759
2024-11-30 05:00:00,9.444166580666666,15.57197977306836,10.005833308666666,10.5241666625,9.84041668970833,10.431666614166666,11.215572176521878,7.614826714055466
2024-11-30 06:00:00,9.687500000166667,15.57197977306836,8.55166657775,10.579166729999999,9.611666659562498,7.636666457166667,9.685260793816399,7.612931392775245
2024-11-30 07:00:00,9.498333374666666,15.57197977306836,9.205833276249999,10.589999913333333,9.469374974791664,8.636666537166665,10.123221227820064,10.661360122107201
2024-11-30 08:00:00,9.86583344125,15.57197977306836,9.454166730333332,10.843333403333332,9.304374973249997,8.794166724166665,10.3912333383185,10.762836477543194
2024-11-30 09:00:00,10.018333433583333,15.57197977306836,9.444166580666666,11.192500035,9.163958291249998,8.882499852666665,10.733858661382001,10.287687555025546
2024-11-30 10:00:00,10.08083343475,15.57197977306836,9.687500000166667,11.613333383333334,9.447916646854164,10.823333422583334,12.01484433675037,10.517467036830936
2024-11-30 11:00:00,10.129166684166668,15.57197977306836,9.498333374666666,11.622500020833334,9.521041671458331,9.790833473083334,10.228531499812092,12.243664071129569
2024-11-30 12:00:00,10.018333355416667,15.57197977306836,9.86583344125,11.338333288333333,9.623958349187497,10.277500152166668,10.84453192958318,12.474319627606045
2024-11-30 13:00:00,10.115833361583332,15.57197977306836,10.018333433583333,11.219166596666668,9.767500062416666,10.5925002865,9.46589164172978,11.705364378317075
2024-11-30 14:00:00,10.134166636666667,15.57197977306836,10.08083343475,11.064999818333334,9.865833421062499,10.474166869333333,9.578657774257524,11.672446825987574
2024-11-30 15:00:00,10.207499900833334,15.57197977306836,10.129166684166668,10.985833325833333,10.023541748437498,10.75999999366667,9.596045509733472,11.274093072327327
2024-11-30 16:00:00,10.184999940833334,15.57197977306836,10.018333355416667,11.105833450833332,10.061666726979166,10.170833269583333,9.429535497455626,11.563015462009076
2024-11-30 17:00:00,10.098333358333333,15.57197977306836,10.115833361583332,10.945000013333333,10.086041708979165,10.213333289583332,9.55908449180118,11.36914952602812
2024-11-30 18:00:00,10.138333321666666,15.57197977306836,10.134166636666667,10.632499935833334,10.099375009458331,10.187499838583333,9.630614615236404,11.25620912352797
2024-11-30 19:00:00,9.910833359166666,15.57197977306836,10.207499900833334,10.577500025,10.118958313624997,10.2858331175,11.58121559939357,9.189023582808737
2024-11-30 20:00:00,9.955000003250001,15.57197977306836,10.184999940833334,9.851666608499999,10.160624959979165,10.351666526250002,11.414926041783895,9.195169626022993
2024-11-30 21:00:00,9.9016667205,15.57197977306836,10.098333358333333,9.580000003166667,10.156249959166665,10.080833355083334,11.261355421752192,8.680087281376162
2024-11-30 22:00:00,9.948333262916666,15.57197977306836,10.138333321666666,9.466666698333333,10.157291630416665,10.142500006666666,11.344845529435965,8.827508342444293
2024-11-30 23:00:00,10.110833405833333,15.57197977306836,9.910833359166666,9.775000015333333,10.083124994999999,9.6141668175,11.130593208992892,8.827508342444293
2024-12-01 00:00:00,10.064166704749999,15.57197977306836,9.955000003250001,10.1141667365,10.025625010604164,9.725000065666668,11.079073881409716,9.054127939625749
2024-12-01 01:00:00,10.0849998785,15.57197977306836,9.9016667205,10.005833308666666,9.976458351145832,9.705000082666666,11.06780352320784,8.48713068158388
2024-12-01 02:00:00,10.02583328725,15.57197977306836,9.948333262916666,8.55166657775,9.928958336458333,9.758333204166666,11.228090390898304,7.796236675036273
2024-12-01 03:00:00,9.207499981083332,15.57197977306836,10.110833405833333,9.205833276249999,9.978958348124998,10.310833452499999,11.50871402806721,7.50461770334392
2024-12-01 04:00:00,9.76000007,15.57197977306836,10.064166704749999,9.454166730333332,10.006250023499998,10.173333406249997,11.505280588279888,5.500580946356503
2024-12-01 05:00:00,9.900833368583333,15.57197977306836,10.0849998785,9.444166580666666,10.052083312999997,10.2683330365,11.569207125978558,5.187517071706312
2024-12-01 06:00:00,9.956666787083334,15.57197977306836,10.02583328725,9.687500000166667,10.07145831908333,10.103333311583334,11.391774700496388,7.506836880230988
2024-12-01 07:00:00,10.493333419166666,15.57197977306836,9.207499981083332,9.498333374666666,9.845624962895831,8.304166556333332,9.604362646416511,9.380093576404482
2024-12-01 08:00:00,11.125833353333334,15.57197977306836,9.76000007,9.86583344125,9.76958330420833,9.455833435250002,10.675547127537387,9.372822505871257
2024-12-01 09:00:00,11.240000010000001,15.57197977306836,9.900833368583333,10.018333433583333,9.723541676729164,9.716666858666667,10.962973026146734,10.052040813617502
2024-12-01 10:00:00,11.290833313333332,15.57197977306836,9.956666787083334,10.08083343475,9.706250051687498,9.887500286916667,11.554212087283174,10.40305580264768
2024-12-01 11:00:00,11.229166825,15.57197977306836,10.493333419166666,10.129166684166668,10.027708411208332,11.779166857249999,11.173300004858941,13.830260724453508
2024-12-01 12:00:00,11.208333333333334,15.57197977306836,11.125833353333334,10.018333355416667,10.369166732041665,12.491666636666668,11.153717572253726,17.199310616040744
2024-12-01 13:00:00,11.072500069999998,15.57197977306836,11.240000010000001,10.115833361583332,10.703958392395831,12.579166651416669,10.118549544785271,11.170109523409794
2024-12-01 14:00:00,11.051666576666667,15.57197977306836,11.290833313333332,10.134166636666667,11.03750002395833,12.62499983958333,10.218635832277624,11.036269426841953
2024-12-01 15:00:00,11.034166733333334,15.57197977306836,11.229166825,10.207499900833334,11.221458375416667,11.965000230833335,10.39633929346364,11.033347078871723
2024-12-01 16:00:00,11.046666701666666,15.57197977306836,11.208333333333334,10.184999940833334,11.242083370416665,11.290833313333334,10.566716422387739,12.847260538151621
2024-12-01 17:00:00,11.208333491666666,15.57197977306836,11.072500069999998,10.098333358333333,11.200208385416666,10.905000129999996,10.669699949820027,12.749051223048413
2024-12-01 18:00:00,11.074166774166665,15.57197977306836,11.051666576666667,10.138333321666666,11.140416701249997,10.812499840000003,10.859233541954568,13.011530182189054
2024-12-01 19:00:00,10.900833368333332,15.57197977306836,11.034166733333334,9.910833359166666,11.091666678333333,10.839166641666669,11.990294334994964,10.96257857425139
2024-12-01 20:00:00,10.597500005833334,15.57197977306836,11.046666701666666,9.955000003250001,11.051250020416665,10.885000069999998,11.800388350349479,10.979093699529338
2024-12-01 21:00:00,10.409166575,15.57197977306836,11.208333491666666,9.9016667205,11.085208375833332,11.344166913333334,11.894072080871547,10.906180405268074
2024-12-01 22:00:00,10.403333265833334,15.57197977306836,11.074166774166665,9.948333262916666,11.09083342520833,11.096666971666663,11.733933105588285,11.66633454558567
2024-12-01 23:00:00,10.4641667225,15.57197977306836,10.900833368333332,10.110833405833333,11.057500083958331,10.76750000333333,11.330132562648497,11.557449413210763
2024-12-02 00:00:00,10.329166650833335,15.57197977306836,10.597500005833334,10.064166704749999,10.945208409999998,10.148333310000002,11.588299102084925,11.702493118689826
2024-12-02 01:00:00,10.304999986666667,15.57197977306836,10.409166575,10.0849998785,10.745416680833332,9.609999658333335,11.527896352721736,10.563250687686166
2024-12-02 02:00:00,10.095000109333332,15.57197977306836,10.403333265833334,10.02583328725,10.577708303749999,9.732499757500003,11.687651875301578,9.918492080407145
2024-12-02 03:00:00,9.494166612583333,15.57197977306836,10.4641667225,9.207499981083332,10.468541642291665,10.027500076666668,11.912315966441083,9.73853783158027
2024-12-02 04:00:00,9.648333231666667,15.57197977306836,10.329166650833335,9.76000007,10.401458303541666,10.060833295833335,11.849645416916442,9.10260309021722
2024-12-02 05:00:00,10.023333310666667,15.57197977306836,10.304999986666667,9.900833368583333,10.375416656458333,10.200833398333334,11.961429476658115,9.045637038486346
2024-12-02 06:00:00,10.451666592499999,15.57197977306836,10.095000109333332,9.956666787083334,10.298333367333331,9.78666695283333,11.806437370178122,9.167373988136406
2024-12-02 07:00:00,10.726363702727273,15.57197977306836,9.494166612583333,10.493333419166666,10.055833339854164,8.524166502666667,10.916330548033264,9.709242434472543
2024-12-02 08:00:00,10.9350000225,15.57197977306836,9.648333231666667,11.125833353333334,9.885624985062499,8.9674998125,11.295640889298305,10.012680109149501
2024-12-02 09:00:00,11.060833375,15.57197977306836,10.023333310666667,11.240000010000001,9.815208316062499,9.741666634666666,12.111831998284586,10.634407516557609
2024-12-02 10:00:00,11.205833355833333,15.57197977306836,10.451666592499999,11.290833313333332,9.904374936854165,10.808333075666665,12.613776204201228,10.830285131442205
2024-12-02 11:00:00,11.629166680833334,15.57197977306836,10.726363702727273,11.229166825,10.21242420939015,11.958560792871213,11.63992301201775,11.36238403339134
2024-12-02 12:00:00,14.092500051666667,15.57197977306836,10.9350000225,11.208333333333334,10.534090907098483,12.221666813333334,11.973674535001596,12.01486336612319
2024-12-02 13:00:00,14.699166695,15.57197977306836,11.060833375,11.072500069999998,10.793465923181817,12.098333439333333,11.392008435763636,12.405676473744496
2024-12-02 14:00:00,14.374166727499999,15.57197977306836,11.205833355833333,11.051666576666667,10.98200761401515,11.960000119166667,11.836037070610654,12.584063901324923
2024-12-02 15:00:00,14.834166526666666,15.57197977306836,11.629166680833334,11.034166733333334,11.207708358541666,12.531969658939396,12.65455869330706,12.686631430059483
2024-12-02 16:00:00,14.703333378333333,15.57197977306836,14.092500051666667,11.046666701666666,11.997083365833332,17.25000008083333,16.21120887587375,15.92986122298194
2024-12-02 17:00:00,14.484999974166668,15.57197977306836,14.699166695,11.208333491666666,12.906666695833332,18.337500015000003,16.723506179875177,15.96921316603567
2024-12-02 18:00:00,14.280833403333332,15.57197977306836,14.374166727499999,11.074166774166665,13.698750038749997,17.542500099166666,16.519658404357017,17.219236087773876
2024-12-02 19:00:00,13.592500131666666,15.57197977306836,14.834166526666666,10.900833368333332,14.500000000208331,18.0391663725,17.613581041148418,17.171743127773215
2024-12-02 20:00:00,13.132500011666666,15.57197977306836,14.703333378333333,10.597500005833334,14.652708331874997,15.314166705,15.24561267711966,15.522184991626998
2024-12-02 21:00:00,13.197499991666668,15.57197977306836,14.484999974166668,10.409166575,14.599166651666664,14.270833253333334,14.61554871546035,15.9777289799428
2024-12-02 22:00:00,13.390000025,15.57197977306836,14.280833403333332,10.403333265833334,14.575833320624998,14.187500079166666,13.951616029905006,15.379881354512898
2024-12-02 23:00:00,13.535000006666666,15.57197977306836,13.592500131666666,10.4641667225,14.265416721874999,12.350833736666667,13.414992102436443,14.175148233266617
2024-12-03 00:00:00,13.535833199166667,15.57197977306836,13.132500011666666,10.329166650833335,13.87270838020833,11.561666644999999,13.172540487030172,12.100720680038982
2024-12-03 01:00:00,13.424166679999999,15.57197977306836,13.197499991666668,10.304999986666667,13.550833384583331,11.910000009166668,13.525412631190722,12.96538213375645
2024-12-03 02:00:00,13.395833413333333,15.57197977306836,13.390000025,10.095000109333332,13.32812504,12.49916664666667,14.170572394894878,13.044298517252876
2024-12-05 00:00:00,9.255833307916667,15.57197977306836,9.405833244416668,11.1325001725,9.456874946749998,9.398333152333334,10.457476617768009,9.360898153009096
2024-12-05 01:00:00,9.173333247666667,15.57197977306836,9.27500009525,10.084166607166667,9.399999976145832,9.047500212833334,10.407026823552663,9.39403096901243
2024-12-05 02:00:00,9.055833419083333,15.57197977306836,9.3658332825,9.518333275916666,9.3841666380625,9.302499930166668,11.068090802776997,9.565655624035625
2024-12-05 03:00:00,10.89583325425,15.57197977306836,9.42166662225,11.319166659083335,9.367083311104164,9.353333314416664,11.4166569462581,10.01800766396079
2024-12-05 04:00:00,13.227500041666667,15.57197977306836,9.255833307916667,13.999166646666666,9.329583326979165,9.105833371416667,11.27453871319758,10.203541822461435
2024-12-05 05:00:00,13.924999873333334,15.57197977306836,9.173333247666667,14.247499943333333,9.304166615083332,9.071666400083334,11.15493981833216,10.366968188281017
2024-12-05 06:00:00,13.6649999625,15.57197977306836,9.055833419083333,16.495000125,9.226666649229166,8.745833555666666,11.071277996268188,10.298472064339778
2024-12-05 07:00:00,13.5383333375,15.57197977306836,10.89583325425,17.169999919166667,9.595208307229164,12.369999886250001,12.833803900086327,12.918893306352636
2024-12-05 08:00:00,13.694166501666666,15.57197977306836,13.227500041666667,17.294166723333333,10.588124990666666,17.199166775416668,14.838232042369825,14.634499098338855
2024-12-05 09:00:00,14.235833247499999,15.57197977306836,13.924999873333334,16.996666590833332,11.776041647083332,18.676666499,15.40471728944611,15.347910154766799
2024-12-05 10:00:00,14.752499978333333,15.57197977306836,13.6649999625,11.654999970333334,12.9283332829375,18.274166505916668,15.765571020226094,15.17494919103664
2024-12-05 11:00:00,14.458333253333334,15.57197977306836,13.5383333375,9.024166742916668,13.58895830375,16.180833420749998,14.382357099486965,13.651208204520648
2024-12-05 12:00:00,13.77272735909091,15.57197977306836,13.694166501666666,8.669999996833333,13.705624918749997,14.160832961666665,14.45941097916031,13.068965327913945
2024-12-05 13:00:00,13.574999889166667,15.57197977306836,14.235833247499999,8.851666688916668,13.783333262291663,14.546666621666663,14.081207351781519,14.093403837270719
2024-12-05 14:00:00,13.496666669166666,15.57197977306836,14.752499978333333,8.586666584,14.055208266249998,15.839999994166666,13.946019296942856,14.415770422425135
2024-12-05 15:00:00,13.251666705833335,15.57197977306836,14.458333253333334,8.835833311166667,14.28520824520833,15.37833316916667,13.26224645995247,14.037327460090715
2024-12-05 16:00:00,13.071666558333334,15.57197977306836,13.77272735909091,9.413333336500001,14.304848459564393,13.851288216515153,12.622297901734253,13.629006002200056
2024-12-05 17:00:00,13.003333329999998,15.57197977306836,13.574999889166667,9.502499977666666,14.13964011998106,12.914166530833336,12.675948693177117,13.12563297009105
2024-12-05 18:00:00,12.909166654166667,15.57197977306836,13.496666669166666,9.429166634833333,13.825681792689394,12.24083336,12.639520915246434,13.082465551349776
2024-12-05 19:00:00,13.08833321,15.57197977306836,13.251666705833335,9.489999930083334,13.524015155814393,12.045000158333336,13.756165847925564,12.881832344978452
2024-12-05 20:00:00,13.034166733333334,15.57197977306836,13.071666558333334,9.405833244416668,13.348749955625,12.370605757575758,13.610491913344184,13.404857892259324
2024-12-05 21:00:00,12.527499914166667,15.57197977306836,13.003333329999998,9.27500009525,13.205833315833331,12.43166677083333,13.46540416436536,13.382230912674604
2024-12-05 22:00:00,12.104166665833333,15.57197977306836,12.909166654166667,9.3658332825,13.05895831208333,12.321666639166667,13.36816899576131,12.782908318461514
2024-12-05 23:00:00,11.70750014,15.57197977306836,13.08833321,9.42166662225,13.018124938124998,12.924999714166665,13.62201497656318,12.84129860310603
2024-12-06 00:00:00,11.569166738333335,15.57197977306836,13.034166733333334,9.255833307916667,13.008749981874999,12.996666908333335,13.442217510005452,13.02313105241318
2024-12-06 01:00:00,11.3316667075,15.57197977306836,12.527499914166667,9.173333247666667,12.889791627916665,12.051666498333335,12.993255494233786,12.238197087248913
2024-12-06 02:00:00,11.040000041666666,15.57197977306836,12.104166665833333,9.055833419083333,12.688541630833331,11.299166677499999,12.83197216990913,12.554442510105492
2024-12-06 03:00:00,9.894166549,15.57197977306836,11.70750014,10.89583325425,12.343333363333333,10.326667070000001,12.669737332739674,12.442489518567546
2024-12-06 04:00:00,10.228333394166667,15.57197977306836,11.569166738333335,13.227500041666667,11.977083364583331,10.104166743333336,12.714790110389481,13.276439992951326
2024-12-06 05:00:00,10.769166706666667,15.57197977306836,11.3316667075,13.924999873333334,11.678125062916667,10.135833500833334,12.521066738227905,14.134648853255399
2024-12-06 06:00:00,11.0241666625,15.57197977306836,11.040000041666666,13.6649999625,11.412083406874999,9.975833417499999,12.24430362724819,14.042918014207393
2024-12-06 07:00:00,11.359999974166668,15.57197977306836,9.894166549,13.5383333375,10.958750009124998,8.080832957999998,10.956052440273135,12.602853738026981
2024-12-06 08:00:00,11.226666689166665,15.57197977306836,10.228333394166667,13.694166501666666,10.62354167308333,8.887500049999998,11.561874252488956,11.986018013085575
2024-12-06 09:00:00,11.211666663333332,15.57197977306836,10.769166706666667,14.235833247499999,10.482916672874998,10.206666705833333,12.207629321469486,13.836807950511435
2024-12-06 10:00:00,11.316666603333333,15.57197977306836,11.0241666625,14.752499978333333,10.478958328083332,11.008333283333336,12.865758687585231,12.811944028665017
2024-12-06 11:00:00,11.514999865,15.57197977306836,11.359999974166668,14.458333253333334,10.845416684375,12.825833399333336,11.680565069544055,11.67232989212851
2024-12-06 12:00:00,11.492499908333334,15.57197977306836,11.226666689166665,13.77272735909091,11.095000008124998,12.224999984166663,11.3335675211543,12.573581199369402
2024-12-06 13:00:00,11.249999840833333,15.57197977306836,11.211666663333332,13.574999889166667,11.205624997291665,11.654166619999998,10.331422513503124,11.46658384625444
2024-12-06 14:00:00,11.195833284999999,15.57197977306836,11.316666603333333,13.496666669166666,11.278749982499997,11.609166544166666,10.429016641333641,11.790426885595544
2024-12-06 15:00:00,11.337499936666667,15.57197977306836,11.514999865,13.251666705833335,11.31749995520833,11.669999755833333,10.686430150640396,11.824390547568893
2024-12-06 16:00:00,11.0025000575,15.57197977306836,11.492499908333334,13.071666558333334,11.383958259999998,11.758333127500004,10.690922497652302,12.150437119624739
2024-12-06 17:00:00,10.747500023333332,15.57197977306836,11.249999840833333,13.003333329999998,11.393541554374998,11.288333018333333,10.614438993891154,12.01158121639239
2024-12-06 18:00:00,10.2216667325,15.57197977306836,11.195833284999999,12.909166654166667,11.363333224791665,11.074999966666665,10.645210931846115,11.57939339301907
2024-12-06 19:00:00,9.938333352333332,15.57197977306836,11.337499936666667,13.08833321,11.318958242708332,11.160000008333334,12.552438526591088,11.617127006588674
2024-12-06 20:00:00,9.674166520583332,15.57197977306836,11.0025000575,13.034166733333334,11.196458279999998,10.512500206666667,12.158929936278303,11.776257917816327
2024-12-06 21:00:00,9.477500041333334,15.57197977306836,10.747500023333332,12.527499914166667,11.070833325624998,10.245000205833332,11.922577562336478,11.8516827455715
2024-12-06 22:00:00,9.280000130333333,15.57197977306836,10.2216667325,12.104166665833333,10.827291687499997,9.24750018,11.418991445633328,10.501230423312386
2024-12-06 23:00:00,9.023333390583334,15.57197977306836,9.938333352333332,11.70750014,10.477500041416665,8.539166767999998,11.246197652976157,10.305900087033057
2024-12-07 00:00:00,8.948333342833333,15.57197977306836,9.674166520583332,11.569166738333335,10.145416657187496,8.345832983666664,10.873492387300526,10.044739782757945
2024-12-07 01:00:00,8.90666659675,15.57197977306836,9.477500041333334,11.3316667075,9.827916661687498,8.207500059333336,10.679741750480673,9.663589212741083
2024-12-07 02:00:00,8.87499992025,15.57197977306836,9.280000130333333,11.040000041666666,9.59250001114583,8.338333528166666,10.499660118016,8.379364220892912
2024-12-07 03:00:00,8.5000000795,15.57197977306836,9.023333390583334,9.894166549,9.363750020708332,8.108333428833335,10.25237203009782,8.975409705034439
2024-12-07 04:00:00,8.354166746083333,15.57197977306836,8.948333342833333,10.228333394166667,9.182291726270831,8.222500165083334,10.267392103994736,9.081483631749181
2024-12-07 05:00:00,8.34916663175,15.57197977306836,8.90666659675,10.769166706666667,9.039583365124997,8.335833152166666,10.301152360127904,6.813295131429027
2024-12-07 06:00:00,8.350833336333332,15.57197977306836,8.87499992025,11.0241666625,8.938333312604165,8.469999710166666,10.249645196707196,6.7740437017732615
2024-12-07 07:00:00,8.0525000095,15.57197977306836,8.5000000795,11.359999974166668,8.807499984833331,7.976666768416665,8.812336006188595,10.909561231453022
2024-12-07 08:00:00,7.992500026916666,15.57197977306836,8.354166746083333,11.226666689166665,8.658958335645831,7.760000149333333,8.698964044091479,10.96693263340752
2024-12-07 09:00:00,8.022499998416667,15.57197977306836,8.34916663175,11.211666663333332,8.51958334439583,7.79166666675,8.90326845347176,10.893503634546953
2024-12-07 10:00:00,8.031666755583332,15.57197977306836,8.350833336333332,11.316666603333333,8.388541698416665,7.826666752416665,9.62996378174951,10.357513912303235
2024-12-07 11:00:00,7.942499995166667,15.57197977306836,8.0525000095,11.514999865,8.276666680916666,7.604999939499999,8.937067300278198,10.485124374490693
2024-12-07 12:00:00,7.8099999425,15.57197977306836,7.992500026916666,11.492499908333334,8.186250001124996,7.630833307749999,8.963333791140673,9.80370803194759
2024-12-10 00:00:00,7.505833347749999,15.57197977306836,7.252727205090909,7.045833309416667,7.374943149738635,7.066287784765151,8.708763501656321,3.9224257998897483
2024-12-10 01:00:00,7.624999960166666,15.57197977306836,7.2283333936666665,7.199166576,7.3183901345643925,7.002121332969696,8.749203599102392,5.859024732172719
2024-12-10 02:00:00,7.684999942583333,15.57197977306836,7.3474999665833325,7.240833322166666,7.300265136960226,7.274999976166664,8.952542500731266,5.8422107199342665
2024-12-10 03:00:00,9.311666647666668,15.57197977306836,7.326363650363636,7.4241666395833334,7.288731053926133,7.280227318227271,8.937464427848933,6.128384225245912
2024-12-10 04:00:00,10.376363668181819,15.57197977306836,7.505833347749999,7.6025000415,7.352007589590907,7.75893949040909,9.166371233287123,5.956634953186102
2024-12-10 05:00:00,8.984166701583334,15.57197977306836,7.624999960166666,7.633333365083334,7.451174231215907,8.021666526666666,9.278445180268708,5.97489217179421
2024-12-10 06:00:00,9.259090857,15.57197977306836,7.684999942583333,7.712499896583334,7.535549225215906,8.022499918583332,9.374771609313083,5.984245102834193
2024-12-10 07:00:00,9.311666568083334,15.57197977306836,9.311666647666668,7.71583338575,8.031874974541665,11.2969696449697,10.869821694466173,10.770734017144372
2024-12-10 08:00:00,9.168181852818181,15.57197977306836,10.376363668181819,7.722222222444444,8.74950755464962,13.246893988613639,11.994512897247496,14.035121586224772
2024-12-10 09:00:00,9.397272717,15.57197977306836,8.984166701583334,7.839090954272728,9.089299240003786,10.343333443000002,11.574959221156208,9.947542052682806
2024-12-10 10:00:00,9.368181835454545,15.57197977306836,9.259090857,7.729166706416667,9.482821968607954,10.833181771416669,13.166557192409826,8.413838179033286
2024-12-10 11:00:00,9.847500005583333,15.57197977306836,9.311666568083334,7.635454524636364,9.48282194871212,9.3116664885,10.677789121306013,10.245031207730513
2024-12-10 12:00:00,10.764166674166667,15.57197977306836,9.168181852818181,7.599166751083334,9.18077649487121,7.960000037454543,10.551935146089608,10.448174000556637
2024-12-10 13:00:00,10.932499963333333,15.57197977306836,9.397272717,7.491818168,9.284052998725377,9.810378732416666,9.312595730939538,8.465886658480244
2024-12-10 14:00:00,10.579166651666666,15.57197977306836,9.368181835454545,7.3466667335,9.311325743339012,9.477272813909089,9.342193572708215,11.043566261107207
2024-12-10 15:00:00,10.886666615833335,15.57197977306836,9.847500005583333,7.347500046083333,9.445284102714012,10.383333443083332,9.937167521631748,11.32942702486133
2024-12-10 16:00:00,11.37272722,15.57197977306836,10.764166674166667,7.439166625416667,9.844280308051134,12.360151495515153,10.85714055178302,12.908383537194071
2024-12-10 17:00:00,10.801666656666667,15.57197977306836,10.932499963333333,7.454545454363637,10.228087119634468,12.467727209666666,10.789539397929564,13.111250920410365
2024-12-10 18:00:00,10.619999964166666,15.57197977306836,10.579166651666666,7.419999957000001,10.530833323687498,11.790151467878788,10.445641018837009,13.872992846833123
2024-12-10 19:00:00,10.3266666725,15.57197977306836,10.886666615833335,7.3724999825,10.790624976249998,11.925833226083336,12.59311103728629,10.848428688824894
2024-12-10 20:00:00,10.221818317272728,15.57197977306836,11.37272722,7.252727205090909,10.942765112708331,11.981287765833333,12.634173995156292,11.539531733796343
2024-12-10 21:00:00,10.001666784500001,15.57197977306836,10.801666656666667,7.2283333936666665,10.910056786041665,10.67083335,11.7657851041822,11.460322611098254
2024-12-10 22:00:00,9.81666660325,15.57197977306836,10.619999964166666,7.3474999665833325,10.920265114166666,10.660833276666667,11.705842568803698,11.461503708604019
2024-12-10 23:00:00,9.795000155916666,15.57197977306836,10.3266666725,7.326363650363636,10.780265128333332,9.766666729166666,11.435988379770162,9.767672976382283
2024-12-11 00:00:00,9.578333219,15.57197977306836,10.221818317272728,7.505833347749999,10.492537902651513,9.070909414545456,11.32462454446696,9.796495613425684
2024-12-11 01:00:00,9.414545492727273,15.57197977306836,10.001666784500001,7.624999960166666,10.292537934609847,9.201666912333335,11.18336720586585,9.671046125182379
2024-12-11 02:00:00,9.1700000765,15.57197977306836,9.81666660325,7.684999942583333,10.09170459438068,9.013333242333335,11.229405004936329,8.73229516430047
2024-12-11 03:00:00,8.9890000345,15.57197977306836,9.795000155916666,9.311666647666668,9.958787965234848,9.263333639333332,11.351543780419629,7.761808874245554
2024-12-11 04:00:00,8.961666742833334,15.57197977306836,9.578333219,10.376363668181819,9.797916690666666,8.93484812072727,11.185324210900202,7.409648403639244
2024-12-11 05:00:00,9.009166638083334,15.57197977306836,9.414545492727273,8.984166701583334,9.651136367723483,8.827424200954544,11.151557239348897,5.553554395442277
2024-12-11 06:00:00,9.007272807,15.57197977306836,9.1700000765,9.259090857,9.489469736035982,8.523333549749998,10.966211189935844,5.514955174447084
2024-12-11 07:00:00,8.8970000268,15.57197977306836,8.9890000345,9.311666568083334,9.287969705681816,8.182999913083334,10.288472275262553,7.748043710442147
2024-12-11 08:00:00,9.0350000381,15.57197977306836,8.961666742833334,9.168181852818181,9.13380308664015,8.345000266666668,10.564030504904133,10.148113277613442
2024-12-11 09:00:00,9.11090911518182,15.57197977306836,9.009166638083334,9.397272717,9.032458372979164,8.603787783439396,11.012966351478697,10.372227581826579
2024-12-11 10:00:00,9.155000019000001,15.57197977306836,9.007272807,9.368181835454545,8.991776555604165,8.8445455375,11.700772935328969,9.540097872080425
2024-12-11 11:00:00,9.05545460090909,15.57197977306836,8.8970000268,9.847500005583333,8.968776553679165,8.805000019100001,10.02040231713169,9.924175173604773
2024-12-11 12:00:00,9.15899992,15.57197977306836,9.0350000381,10.764166674166667,8.987109877495833,9.108333333366666,10.198637106722174,9.87256059308873
2024-12-11 13:00:00,9.1730000495,15.57197977306836,9.11090911518182,10.932499963333333,9.012545496770453,9.212651592280304,9.079868868242311,9.375966576826643
2024-12-11 14:00:00,8.916363716181818,15.57197977306836,9.155000019000001,10.579166651666666,9.049477299770453,9.302727231000002,9.16258304962821,8.824652607375048
2024-12-11 15:00:00,8.95250010475,15.57197977306836,9.05545460090909,10.886666615833335,9.089090943297727,9.21390917501818,9.155144650571053,8.731770063119376
2024-12-11 16:00:00,9.168333451,15.57197977306836,9.15899992,11.37272722,9.120090913772724,9.282999801899999,9.461964354402465,8.009550922964337
2024-12-11 17:00:00,8.805833419083333,15.57197977306836,9.1730000495,10.801666656666667,9.13561364735227,9.235090983818182,9.514075818320075,7.371685741254054
2024-12-11 18:00:00,8.679166634916667,15.57197977306836,8.916363716181818,10.619999964166666,9.075954571647726,8.677727413363636,9.235507889297125,7.442390772032269
2024-12-11 19:00:00,8.803333361833333,15.57197977306836,8.95250010475,10.3266666725,9.050215947607953,8.849545608590908,10.968985432540888,6.077163380358169
2024-12-11 20:00:00,8.814166546000001,15.57197977306836,9.168333451,10.221818317272728,9.052549330357953,9.177666982000002,11.049091736348208,5.8467573057295095
2024-12-11 21:00:00,9.079166650833335,15.57197977306836,8.805833419083333,10.001666784500001,8.960757672753786,8.438666788666666,10.401769267606758,7.9102036931322335
2024-12-11 22:00:00,9.119999965,15.57197977306836,8.679166634916667,9.81666660325,8.901458402437498,8.441969553651516,10.359113145094597,7.811785064333872
2024-12-11 23:00:00,8.591666618916667,15.57197977306836,8.803333361833333,9.795000155916666,8.864166716708333,8.654166618916667,10.533097441620624,7.859047688505201
2024-12-12 00:00:00,8.692727262454545,15.57197977306836,8.814166546000001,9.578333219,8.775624990458331,8.459999641000001,10.421114880714672,7.7278278884913085
2024-12-12 01:00:00,8.576666673,15.57197977306836,9.079166650833335,9.414545492727273,8.843958298395833,9.352499882583336,10.707049873327538,7.715959778333852
2024-12-12 02:00:00,8.6600000065,15.57197977306836,9.119999965,9.1700000765,8.954166630916665,9.560833295083333,10.692023122967182,7.786381714742636
2024-12-12 03:00:00,7.590833306166666,15.57197977306836,8.591666618916667,8.9890000345,8.901249945187498,8.379999876000001,10.118601516520927,7.797205864961997
2024-12-12 04:00:00,7.356666724000001,15.57197977306836,8.692727262454545,8.961666742833334,8.870890124301134,8.571287978909089,10.37034282097732,7.602135888881645
2024-12-14 00:00:00,7.389999985666666,15.57197977306836,7.59416667625,7.06583337,7.672708322541665,7.344999989083335,9.076107798227333,7.669836693357719
2024-12-14 01:00:00,7.524166663583333,15.57197977306836,7.59166665875,6.459999958583334,7.631458322166665,7.42666665725,9.051387997260484,7.669836693357719
2024-12-14 02:00:00,7.5049999952499995,15.57197977306836,7.52249995875,5.675000071666666,7.588333318666665,7.34999994475,9.004424383535499,7.647316079325835
2024-12-14 03:00:00,9.22083322225,15.57197977306836,7.392499963333333,6.55166665725,7.525208314270833,7.13999994575,8.936839103408513,8.722840533602163
2024-12-14 04:00:00,9.497499942833334,15.57197977306836,7.389999985666666,6.6125001113333335,7.474166641624999,7.185833295083332,8.993142339129074,8.708534724435294
2024-12-14 05:00:00,9.4250000315,15.57197977306836,7.524166663583333,6.8591667015,7.457291642833331,7.456666668416666,8.996576283498314,8.473977952564706
2024-12-14 06:00:00,9.247500101666667,15.57197977306836,7.5049999952499995,7.259166638,7.452916651958331,7.487500031749999,8.773581124363979,8.348362773323695
2024-12-14 07:00:00,9.410000006416666,15.57197977306836,9.22083322225,7.183333357083334,7.909999966687497,11.049166481166669,10.802125066817142,14.325625321556059
2024-12-14 08:00:00,8.8466667335,15.57197977306836,9.497499942833334,7.4324999649166665,8.436874955979166,11.604999900000003,11.107132820523791,12.666687317722012
2024-12-14 09:00:00,8.65916673325,15.57197977306836,9.4250000315,7.6450000605,8.91208329795833,11.325833399416666,12.27378900923039,11.682991843790038
2024-12-14 10:00:00,8.855833292083334,15.57197977306836,9.247500101666667,7.6708332695833334,9.347708324562499,10.990000208083334,13.311055689554168,7.831485277494351
2024-12-14 11:00:00,8.617499987333334,15.57197977306836,9.410000006416666,7.778333346166666,9.395000020604165,9.599166790583332,10.316807576738237,9.655974382039995
2024-12-14 12:00:00,8.419166723916666,15.57197977306836,8.8466667335,7.9083333014166675,9.232291718270831,8.195833524166664,9.601093831925185,9.117875963192402
2024-12-14 13:00:00,8.435833454166668,15.57197977306836,8.65916673325,7.995833317416667,9.040833393708333,7.893333435000001,7.514688470781266,5.572315923420823
2024-12-14 14:00:00,8.262500047666666,15.57197977306836,8.855833292083334,7.974999984083333,8.942916691312499,8.464166482500001,7.965409820232846,6.455931142882375
2024-12-14 15:00:00,8.36250011125,15.57197977306836,8.617499987333334,7.923333406416667,8.744791686541665,7.824999968250001,7.824649695639194,9.244279692250075
2024-12-14 16:00:00,7.936666568,15.57197977306836,8.419166723916666,7.843333363416666,8.637916684145832,7.991666714333332,7.803670886487946,9.319532690039372
2024-12-14 17:00:00,7.342500011166667,15.57197977306836,8.435833454166668,7.7566666602500005,8.582083364374999,8.212500175083335,7.989531962110538,9.401584423164191
2024-12-14 18:00:00,7.387500007833334,15.57197977306836,8.262500047666666,7.69499997275,8.433750053270831,7.669166803249999,7.979016842328454,8.960652855674182
2024-12-14 19:00:00,7.193333268083333,15.57197977306836,8.36250011125,7.644999980916666,8.370000084249998,8.107500235166667,11.025760734323786,7.309489901115276
2024-12-14 20:00:00,7.354166746166666,15.57197977306836,7.936666568,7.59416667625,8.249375045270831,7.4541664120833335,10.150975974621012,6.665996979843036
2024-12-14 21:00:00,7.486666639666667,15.57197977306836,7.342500011166667,7.59166665875,7.9760416845208315,6.249166568166666,9.33798142797258,5.70721449090433
2024-12-14 22:00:00,7.454166690416667,15.57197977306836,7.387500007833334,7.52249995875,7.757291674562499,6.512499968000002,9.34562306148461,7.671342549569906
2024-12-14 23:00:00,7.500833312583333,15.57197977306836,7.193333268083333,7.392499963333333,7.464999963770832,6.024166424916666,8.984975912346652,7.629420041314546
2024-12-15 00:00:00,7.65250003325,15.57197977306836,7.354166746166666,7.389999985666666,7.319375008312498,6.771666924333333,9.061096144507871,7.832935537480595
2024-12-15 01:00:00,7.72499994425,15.57197977306836,7.486666639666667,7.524166663583333,7.355416665437499,7.630833268166667,9.155032642325892,7.887031046320804
2024-12-15 02:00:00,7.7675000032499995,15.57197977306836,7.454166690416667,7.5049999952499995,7.372083336083332,7.520833372999999,9.100001359090442,7.97009585897346
2024-12-15 03:00:00,6.591666698416667,15.57197977306836,7.500833312583333,9.22083322225,7.448958347208332,7.808333357083332,9.223453614724331,9.186392025660012
2024-12-15 04:00:00,6.8316666682500005,15.57197977306836,7.65250003325,9.497499942833334,7.523541668979165,7.9508333203333335,9.501317482759953,9.186392025660012
2024-12-15 05:00:00,6.719999988833333,15.57197977306836,7.72499994425,9.4250000315,7.583124995124999,7.963333248833334,9.628149288573216,9.18053195666549
2024-12-15 06:00:00,7.0508333445,15.57197977306836,7.7675000032499995,9.247500101666667,7.661458323333331,8.080833316083332,9.678593514392299,8.65087662634488
2024-12-15 07:00:00,7.292499979333333,15.57197977306836,6.591666698416667,9.410000006416666,7.434166669791665,5.682500084250001,7.359744700862949,8.475199232352802
2024-12-15 08:00:00,7.5066666204166665,15.57197977306836,6.8316666682500005,8.8466667335,7.2289583285416645,6.010833303250001,8.389265750421899,8.412892269369037
2024-12-15 09:00:00,7.6416666903333335,15.57197977306836,6.719999988833333,8.65916673325,6.977708339687498,5.715000033416666,8.613341797506342,8.498551482072427
2024-12-15 10:00:00,7.585833350833333,15.57197977306836,7.0508333445,8.855833292083334,6.798541674999997,6.3341666857500005,9.547040884356695,7.8036764377828165
2024-12-15 11:00:00,7.539999962,15.57197977306836,7.292499979333333,8.617499987333334,6.973749995229165,7.993333260249999,8.725403866894023,7.669493890767424
2024-12-15 12:00:00,7.3650000095,15.57197977306836,7.5066666204166665,8.419166723916666,7.142499983270832,8.181666572583332,8.84895287949465,7.6972200460448414
2024-12-15 13:00:00,7.108333349333333,15.57197977306836,7.6416666903333335,8.435833454166668,7.372916658645831,8.563333391833334,8.138711204578946,7.973304552369552
2024-12-15 14:00:00,6.947499990583334,15.57197977306836,7.585833350833333,8.262500047666666,7.506666660229165,8.120833357166667,8.421307719105414,7.947376327620473
2024-12-15 15:00:00,7.015833377833334,15.57197977306836,7.539999962,8.36250011125,7.568541655895832,7.787499944666666,8.603283791649478,7.752746778750292
2024-12-15 16:00:00,7.003333250666667,15.57197977306836,7.3650000095,7.936666568,7.533125003166664,7.223333398583334,8.460492281358992,7.687825098758219
2024-12-15 17:00:00,6.760833263416667,15.57197977306836,7.108333349333333,7.342500011166667,7.399791667916665,6.575000008333332,8.19076276909944,7.749799018776344
2024-12-15 18:00:00,6.6058333715,15.57197977306836,6.947499990583334,7.387500007833334,7.240208327854164,6.309166630333335,8.060917037384172,7.749799018776344
2024-12-15 19:00:00,6.451666673166667,15.57197977306836,7.015833377833334,7.193333268083333,7.109166681812499,6.491666793666669,9.1545773303724,7.749799018776344
2024-12-15 20:00:00,6.441666642666667,15.57197977306836,7.003333250666667,7.354166746166666,7.018749992104166,6.641666491833333,8.662304789382397,7.749799018776344
2024-12-15 21:00:00,6.4458333255,15.57197977306836,6.760833263416667,7.486666639666667,6.931874970624998,6.413333177500001,8.029609801643709,7.609078983183808
2024-12-15 22:00:00,6.373333414416667,15.57197977306836,6.6058333715,7.454166690416667,6.846458315854165,6.264166752416666,7.7882797404495445,7.609078983183808
2024-12-15 23:00:00,6.434166669916666,15.57197977306836,6.451666673166667,7.500833312583333,6.705416639687498,5.887499968499999,7.59816680816878,7.609078983183808
2024-12-16 00:00:00,6.5075000127500005,15.57197977306836,6.441666642666667,7.65250003325,6.564999987687498,5.880000034666668,8.380743693243826,7.644890284015274
2024-12-16 01:00:00,6.497500022250001,15.57197977306836,6.4458333255,7.72499994425,6.486250003208332,6.1308333875833325,8.461599171563563,7.644890284015274
2024-12-16 02:00:00,6.286666711166667,15.57197977306836,6.373333414416667,7.7675000032499995,6.428125013937499,6.140833457333334,8.462326723049305,7.640807619875577
2024-12-16 03:00:00,6.803333322083334,15.57197977306836,6.434166669916666,6.591666698416667,6.423750013124998,6.416666666666666,8.634124677706374,8.495803073452171
2024-12-16 04:00:00,6.9924999872499995,15.57197977306836,6.5075000127500005,6.8316666682500005,6.440208355645831,6.573333382833334,8.792084325382767,8.495803073452171
2024-12-16 05:00:00,7.102500041333333,15.57197977306836,6.497500022250001,6.719999988833333,6.453125029833331,6.549166719000001,8.847314541723929,8.497296005165563
2024-12-16 06:00:00,7.012500047666666,15.57197977306836,6.286666711166667,7.0508333445,6.431458354020831,6.2000000079166675,8.659908925606254,8.669045277225372
2024-12-16 07:00:00,6.894166708,15.57197977306836,6.803333322083334,7.292499979333333,6.523750017062499,7.172499974250001,8.648359069998762,9.075594955666734
2024-12-16 08:00:00,6.887500087416666,15.57197977306836,6.9924999872499995,7.5066666204166665,6.6450000106874985,7.477499961749999,9.24795115511231,8.505332657619407
2024-12-16 09:00:00,6.884166677833334,15.57197977306836,7.102500041333333,7.6416666903333335,6.796250015458332,7.707500060416666,10.090689715939636,8.505332657619407
2024-12-16 10:00:00,6.625833312583333,15.57197977306836,7.012500047666666,7.585833350833333,6.977708349583332,7.7383333841666655,10.947323426882665,7.307099963094102
2024-12-16 11:00:00,6.6424999635,15.57197977306836,6.894166708,7.539999962,7.000416696062498,6.985000093916667,9.235260516906303,9.284615297794932
2024-12-16 12:00:00,6.666666666666667,15.57197977306836,6.887500087416666,7.3650000095,6.974166721104164,6.782500187583333,9.291274501165436,7.515019147925902
2024-12-16 13:00:00,6.612499992083333,15.57197977306836,6.884166677833334,7.108333349333333,6.919583380229165,6.665833314333335,7.7618574691746005,5.962178066924664
2024-12-16 14:00:00,6.2025000255,15.57197977306836,6.625833312583333,6.947499990583334,6.822916696458331,6.239166577499999,7.638398196504397,7.8317308250095
2024-12-16 15:00:00,5.953333298333334,15.57197977306836,6.6424999635,7.015833377833334,6.760000010333331,6.390833218999999,7.849104212957313,7.743070225920122
2024-12-16 16:00:00,5.825833280833333,15.57197977306836,6.666666666666667,7.003333250666667,6.704791655145831,6.445833245916668,7.925656564322297,7.400430324087448
2024-12-16 17:00:00,5.670000076333333,15.57197977306836,6.612499992083333,6.760833263416667,6.636874983708331,6.340833306333333,7.854112283072551,7.462404244105573
2024-12-16 18:00:00,5.580833315833334,15.57197977306836,6.2025000255,6.6058333715,6.531041661937499,5.779166738416667,7.486813306142039,7.462404244105573
2024-12-16 19:00:00,5.682500004666667,15.57197977306836,5.953333298333334,6.451666673166667,6.358749995645832,5.264166633166668,9.051406003199578,5.529594890384707
2024-12-16 20:00:00,5.715833306333334,15.57197977306836,5.825833280833333,6.441666642666667,6.148541649187498,4.984999894999999,8.721948125447767,5.529594890384707
2024-12-16 21:00:00,5.765833377916667,15.57197977306836,5.670000076333333,6.4458333255,5.912916670249998,4.727500160583333,8.382586736424114,7.462404244105573
2024-12-16 22:00:00,6.118333379333333,15.57197977306836,5.580833315833334,6.373333414416667,5.757499992833332,4.959166606166668,8.154543010083344,7.3890145608415425
2024-12-16 23:00:00,6.165833314166666,15.57197977306836,5.682500004666667,6.434166669916666,5.689791669416665,5.4116667110000005,8.187405283251344,7.3890145608415425
2024-12-17 00:00:00,6.14416658875,15.57197977306836,5.715833306333334,6.5075000127500005,5.662291675791665,5.605833331833335,8.021149156595424,7.42482586167301
2024-12-17 01:00:00,6.18909090209091,15.57197977306836,5.765833377916667,6.497500022250001,5.686250001187499,5.8616666795,8.095245346428406,7.2530765896131975
2024-12-17 02:00:00,6.062500119333333,15.57197977306836,6.118333379333333,6.286666711166667,5.820625017062499,6.655833442833333,8.513053972640368,7.383399135112381
2024-12-17 03:00:00,5.9816666445,15.57197977306836,6.165833314166666,6.803333322083334,5.941458344437498,6.649166623666665,8.529190018668093,8.129496972868878
2024-12-17 04:00:00,6.010833303166667,15.57197977306836,6.14416658875,6.9924999872499995,6.048541665041665,6.5724998711666665,8.58755808623754,8.129496972868878
2024-12-17 05:00:00,5.985833287166667,15.57197977306836,6.18909090209091,7.102500041333333,6.154356046085226,6.612348426265153,8.729430763198753,8.275504648690294
2024-12-17 06:00:00,6.2400000095833335,15.57197977306836,6.062500119333333,7.012500047666666,6.140397731085225,6.006666859333333,8.636203611506101,8.44104818431375
2024-12-17 07:00:00,6.3608333667500006,15.57197977306836,5.9816666445,6.894166708,6.094356063668559,5.797499974833333,7.774337117752671,9.071686964070073
2024-12-17 08:00:00,6.338333328666667,15.57197977306836,6.010833303166667,6.887500087416666,6.061022742272725,5.877500017583333,8.086780629291443,8.500061065781074
2024-12-17 09:00:00,6.378333330333334,15.57197977306836,5.985833287166667,6.884166677833334,6.0102083385416645,5.782575672242424,8.592024299548202,8.556831219859873
2024-12-17 10:00:00,6.3641666570833335,15.57197977306836,6.2400000095833335,6.625833312583333,6.054583311104165,6.4174998998333335,9.347793550321448,7.501758526424645
2024-12-17 11:00:00,6.4483333429166665,15.57197977306836,6.3608333667500006,6.6424999635,6.149374991666665,6.740000089000001,8.204341688650228,9.31293064556091
2024-12-17 12:00:00,6.3058333397499995,15.57197977306836,6.338333328666667,6.666666666666667,6.231249998041665,6.665833354166667,8.016426517431798,7.587206349130365
2024-12-17 13:00:00,6.206666708,15.57197977306836,6.378333330333334,6.612499992083333,6.329375008833332,6.7708333735,7.028164549176049,6.044506687730167
2024-12-17 14:00:00,6.0833333335,15.57197977306836,6.3641666570833335,6.2025000255,6.360416670708332,6.488333304583334,7.1825851620341865,7.464974783838536
2024-12-17 15:00:00,6.134166638,15.57197977306836,6.4483333429166665,5.953333298333334,6.3822916647499985,6.535833319083332,7.432619087562859,7.376314184749154
2024-12-17 16:00:00,6.15000001575,15.57197977306836,6.3058333397499995,5.825833280833333,6.374166667520831,6.273333350833332,7.345265850046729,7.548063456808959
2024-12-17 17:00:00,6.150833328416667,15.57197977306836,6.206666708,5.670000076333333,6.331250011937498,6.035000085666667,7.285597826418195,7.548063456808959
2024-12-17 18:00:00,6.021666725583334,15.57197977306836,6.0833333335,5.580833315833334,6.2610416810416645,5.802500009916666,7.339968046365957,7.462404244105573
2024-12-17 19:00:00,6.011666695333333,15.57197977306836,6.134166638,5.682500004666667,6.182500004812498,5.819999933083333,8.613415128621803,5.521600070846711
2024-12-17 20:00:00,5.9950000445,15.57197977306836,6.15000001575,5.715833306333334,6.143541673812498,5.99416669175,8.345425342374622,5.580704474943864
2024-12-17 21:00:00,6.023333311083333,15.57197977306836,6.150833328416667,5.765833377916667,6.129583328916665,6.094999948833333,8.172317192337772,5.658205974283179
2024-12-17 22:00:00,6.019999981000001,15.57197977306836,6.021666725583334,6.118333379333333,6.114166676937498,5.9600001176666675,7.920451718979618,7.495723627553807
2024-12-17 23:00:00,5.898333231583333,15.57197977306836,6.011666695333333,6.165833314166666,6.083541691270831,5.889166752666666,7.952397283837624,5.831211571746085
2024-12-18 00:00:00,5.939166704833333,15.57197977306836,5.9950000445,6.14416658875,6.044791698458332,5.840000073250001,7.8366356232040175,5.873228609013903
2024-12-18 01:00:00,5.980833331666666,15.57197977306836,6.023333311083333,6.18909090209091,6.012916694124998,5.89583329375,7.953562974736524,5.740351362490388
2024-12-18 02:00:00,5.8974999984166665,15.57197977306836,6.019999981000001,6.062500119333333,6.012500007979165,6.018333236416668,8.05597642083312,5.562117634440338
2024-12-18 03:00:00,6.120833317333333,15.57197977306836,5.898333231583333,5.9816666445,5.984166642041665,5.784999767833333,8.002402714229259,6.461700659484669
2024-12-18 04:00:00,6.455833395416666,15.57197977306836,5.939166704833333,6.010833303166667,5.970208307124998,5.883333365166666,8.143168252606566,6.485438981714279
2024-12-18 05:00:00,6.8183333875,15.57197977306836,5.980833331666666,5.985833287166667,5.959583312270832,5.938333352249999,8.227999002914594,8.831572946479108
2024-12-18 06:00:00,6.836666743083334,15.57197977306836,5.8974999984166665,6.2400000095833335,5.928958316624998,5.775000015833332,8.07614430792788,8.447253920750104
2024-12-18 07:00:00,6.6425000032499995,15.57197977306836,6.120833317333333,6.3608333667500006,5.984583338062498,6.343333403083333,7.802732635869354,9.033801096237163
2024-12-18 08:00:00,6.6774999697499995,15.57197977306836,6.455833395416666,6.338333328666667,6.113750010708332,6.972500085999998,8.268210668486258,8.39635143155425
2024-12-18 09:00:00,6.583333412916667,15.57197977306836,6.8183333875,6.378333330333334,6.323125024666664,7.655833443333334,9.061582112329948,8.3921060592582
2024-12-18 10:00:00,6.4841667015,15.57197977306836,6.836666743083334,6.3641666570833335,6.557916710833331,7.775833487750001,9.741823108836705,8.176571143644384
2024-12-18 11:00:00,6.5900000335,15.57197977306836,6.6425000032499995,6.4483333429166665,6.688333382312498,7.164166689166666,8.160462226644405,10.30992046816991
2024-12-18 12:00:00,6.478333274416666,15.57197977306836,6.6774999697499995,6.3058333397499995,6.743750025895832,6.899166544083333,8.48804118652991,10.34164820502414
2024-12-18 13:00:00,6.367500066833333,15.57197977306836,6.583333412916667,6.206666708,6.685000032249999,6.348333438333333,7.234592508640754,8.611987047034066
2024-12-18 14:00:00,6.3383333285,15.57197977306836,6.4841667015,6.0833333335,6.596875021854165,6.131666659916667,7.248428872123647,7.709396715619146
2024-12-18 15:00:00,6.133333365083334,15.57197977306836,6.5900000335,6.134166638,6.583750029416665,6.5375000637500005,7.388594287164429,7.537033286444398
2024-12-18 16:00:00,6.043333371666667,15.57197977306836,6.478333274416666,6.15000001575,6.533958355583331,6.279166579083333,7.216649356341531,7.4996559032087635
2024-12-18 17:00:00,5.945833365166667,15.57197977306836,6.367500066833333,6.150833328416667,6.480000019062498,6.15166672075,7.129957731527044,5.6551098666293464
2024-12-18 18:00:00,5.919166644416666,15.57197977306836,6.3383333285,6.021666725583334,6.443541675812497,6.1924999555,7.142681068551054,5.579642004526164
2024-12-18 19:00:00,5.947499950666667,15.57197977306836,6.133333365083334,6.011666695333333,6.329375008708332,5.6766666966666675,8.396473784733027,5.554919454294948
2024-12-18 20:00:00,6.054166674583333,15.57197977306836,6.043333371666667,5.9950000445,6.220625033020832,5.608333468916667,8.099012834299876,5.517287156718472
2024-12-18 21:00:00,5.836666623833334,15.57197977306836,5.945833365166667,6.023333311083333,6.115208357604166,5.524166663500001,7.906108749513403,5.523492893154825
2024-12-18 22:00:00,5.831666668333334,15.57197977306836,5.919166644416666,6.019999981000001,6.010416686583332,5.499999960333333,7.8021270161146745,5.468117145970625
2024-12-18 23:00:00,5.729166587083333,15.57197977306836,5.947499950666667,5.898333231583333,5.963958332979165,5.76166653625,7.772596904274891,5.468117145970625
2024-12-19 00:00:00,5.7500000795,15.57197977306836,6.054166674583333,5.939166704833333,5.966666658708332,6.0649999774999985,7.712003219593357,5.528923094434795
2024-12-19 01:00:00,5.759999910916666,15.57197977306836,5.836666623833334,5.980833331666666,5.939374973374997,5.7274998825,7.475202908244279,5.700672366494606
2024-12-19 02:00:00,5.6933333475,15.57197977306836,5.831666668333334,5.8974999984166665,5.917499979354165,5.744166692250001,7.631772234456994,5.974294519810752
2024-12-19 03:00:00,5.8383333684166665,15.57197977306836,5.729166587083333,6.120833317333333,5.862916638458332,5.5108332235,7.606245613870445,7.1261262945200565
2024-12-19 04:00:00,5.97916666675,15.57197977306836,5.7500000795,6.455833395416666,5.786874989687498,5.445833484416668,7.7797363142597495,7.062708976294664
2024-12-19 05:00:00,6.215000033583333,15.57197977306836,5.759999910916666,6.8183333875,5.767708311458332,5.683333197999999,7.8628840337091885,7.133615989871049
2024-12-19 06:00:00,6.53833329675,15.57197977306836,5.6933333475,6.836666743083334,5.733124981249999,5.555000026666667,7.884103513339365,7.197033308096441
2024-12-19 07:00:00,6.52166668575,15.57197977306836,5.8383333684166665,6.6425000032499995,5.760416676583332,5.94750014975,7.294673719246607,7.194728437255886
2024-12-19 08:00:00,6.437500039583334,15.57197977306836,5.97916666675,6.6774999697499995,5.8177083233958315,6.208333254,7.904427189366409,8.200745769018425
2024-12-19 09:00:00,6.392500003166667,15.57197977306836,6.215000033583333,6.583333412916667,5.9314583540624986,6.67000015625,8.74550394342141,8.200745769018425
2024-12-19 10:00:00,6.19666659825,15.57197977306836,6.53833329675,6.4841667015,6.142708341374998,7.383333246,9.928548338817034,8.051187640873986
2024-12-19 11:00:00,6.165833274416666,15.57197977306836,6.52166668575,6.5900000335,6.313541670708331,7.205000003083333,8.423979973946821,9.637481530829351
2024-12-19 12:00:00,6.054166754250001,15.57197977306836,6.437500039583334,6.478333274416666,6.428125013916665,6.895833412416668,8.250437862186164,9.344658382415139
2024-12-19 13:00:00,5.865833322166666,15.57197977306836,6.392500003166667,6.367500066833333,6.472500006312498,6.569999972750001,6.832687144935051,5.703722022070777
2024-12-19 14:00:00,5.767500042916667,15.57197977306836,6.19666659825,6.3383333285,6.387083331687498,5.85499989975,6.602059969891174,5.756309220906488
2024-12-19 15:00:00,5.669166684083333,15.57197977306836,6.165833274416666,6.133333365083334,6.298124978854165,5.809999863083333,6.6971753247383745,7.495723627553807
2024-12-19 16:00:00,5.5866666634166675,15.57197977306836,6.054166754250001,6.043333371666667,6.202291657520831,5.670833468916667,6.583835758174246,7.495723627553807
2024-12-19 17:00:00,5.533333301583333,15.57197977306836,5.865833322166666,5.945833365166667,6.070624987270832,5.339166641166665,6.3737918976933035,7.495723627553807
2024-12-19 18:00:00,5.505833347666666,15.57197977306836,5.767500042916667,5.919166644416666,5.963333348437498,5.338333487583333,6.31836384228342,7.495723627553807
2024-12-19 19:00:00,5.374166647333333,15.57197977306836,5.669166684083333,5.947499950666667,5.839166700854165,5.172500093749999,7.740116797310986,5.485171533283363
2024-12-19 20:00:00,5.39333331575,15.57197977306836,5.5866666634166675,6.054166674583333,5.722291678145832,5.119166572583334,7.609619181385357,5.397647603340697
2024-12-19 21:00:00,5.233333309333333,15.57197977306836,5.533333301583333,5.836666623833334,5.639166672999998,5.200833281,7.440938042903015,5.438169593150246
2024-12-19 22:00:00,5.195833325166666,15.57197977306836,5.505833347666666,5.831666668333334,5.573749999187498,5.2441666524166655,7.35079607107348,5.426848434783863
2024-12-19 23:00:00,5.193333307666667,15.57197977306836,5.374166647333333,5.729166587083333,5.499999989999998,5.079166610583334,7.18871241276104,5.317645096799692
2024-12-20 00:00:00,5.164999961666667,15.57197977306836,5.39333331575,5.7500000795,5.451666653083331,5.199999968083332,7.142409903767133,5.328737297705912
2024-12-20 01:00:00,5.074166616,15.57197977306836,5.233333309333333,5.759999910916666,5.376666655020831,4.933333317083333,7.001567250692801,5.2347330776473235
2024-12-20 02:00:00,5.0966666539166665,15.57197977306836,5.195833325166666,5.6933333475,5.299166649395831,4.885833302666667,7.133432341099914,5.408331192401806
2024-12-20 03:00:00,6.844999988916666,15.57197977306836,5.193333307666667,5.8383333684166665,5.253958314479165,5.012499968000001,7.243295685000309,7.611985144225859
2024-12-20 04:00:00,6.8591667017499995,15.57197977306836,5.164999961666667,5.97916666675,5.196874975958332,4.9366666075833345,7.318925527699511,7.797447066040925
2024-12-20 05:00:00,7.27416670325,15.57197977306836,5.074166616,6.215000033583333,5.157083302624999,4.914999922666667,7.3275474808146175,9.832040610925013
2024-12-20 06:00:00,7.242500026999999,15.57197977306836,5.0966666539166665,6.53833329675,5.132291634812498,4.997499982666667,7.458251205843352,9.832040610925013
2024-12-20 07:00:00,6.965833306166666,15.57197977306836,6.844999988916666,6.52166668575,5.545208305124998,8.496666670166665,8.707640646990187,11.623710197201547
2024-12-20 08:00:00,7.052500009666666,15.57197977306836,6.8591667017499995,6.437500039583334,5.968749990145832,8.553333441833331,8.410597162855229,9.132126584287807
2024-12-20 09:00:00,6.9450000127500005,15.57197977306836,7.27416670325,6.392500003166667,6.518750011958331,9.4741667905,9.658928679087024,8.709743769925167
2024-12-20 10:00:00,6.8691666525,15.57197977306836,7.242500026999999,6.19666659825,7.055208355229165,9.388333400083333,10.515708670223322,8.789744693972617
2024-12-20 11:00:00,6.802499969833334,15.57197977306836,6.965833306166666,6.165833274416666,7.085416684541665,7.086666623416666,8.213282417276286,10.411567171940895
2024-12-20 12:00:00,6.571666677666666,15.57197977306836,7.052500009666666,6.054166754250001,7.1337500115208305,7.245833317583332,8.403324005854305,9.68061834872667
2024-12-20 13:00:00,6.0283332665,15.57197977306836,6.9450000127500005,5.865833322166666,7.051458338895831,6.615833322250001,6.705159323925184,8.736704571212579
2024-12-20 14:00:00,6.535000006333334,15.57197977306836,6.8691666525,5.767500042916667,6.958124995270831,6.495833278,6.78297357009575,6.528970515874392
2024-12-20 15:00:00,6.5141666332499994,15.57197977306836,6.802499969833334,5.669166684083333,6.917291661187498,6.639166633500001,6.823044793643531,6.896963457823027
2024-12-20 16:00:00,6.64333331575,15.57197977306836,6.571666677666666,5.5866666634166675,6.797083328187498,6.090833345666667,6.619135494102032,8.676327968659411
2024-12-20 17:00:00,6.4433333475,15.57197977306836,6.0283332665,5.533333301583333,6.567916641624999,5.111666520249999,6.098420578682163,10.29444820713277
2024-12-20 18:00:00,6.465833306166666,15.57197977306836,6.535000006333334,5.505833347666666,6.484374980083333,6.200833360166668,6.805962018895501,10.815858506223613
2024-12-20 19:00:00,6.40666659675,15.57197977306836,6.5141666332499994,5.374166647333333,6.412291645937499,6.225833296666665,9.07554293552743,6.574870715388401
2024-12-20 20:00:00,6.24749994275,15.57197977306836,6.64333331575,5.39333331575,6.430208305458332,6.714999953833333,9.380242689528878,5.804259639898243
2024-12-20 21:00:00,6.265833298416666,15.57197977306836,6.4433333475,5.233333309333333,6.533958325708332,6.858333428500001,7.979631463633015,8.003433816590702
2024-12-20 22:00:00,6.312500119416666,15.57197977306836,6.465833306166666,5.195833325166666,6.516666650666664,6.396666605999998,8.149188060160155,7.651966614027405
2024-12-20 23:00:00,6.3508333764166665,15.57197977306836,6.40666659675,5.193333307666667,6.4897916415416645,6.299166560250001,7.231115549112559,5.9398554747117265
2024-12-21 00:00:00,6.60000006375,15.57197977306836,6.24749994275,5.164999961666667,6.390833298291665,5.851666569750001,7.079147287634514,5.689173342680899
2024-12-21 01:00:00,6.485833366583333,15.57197977306836,6.265833298416666,5.074166616,6.346458286020832,6.088333249333332,7.290593766315009,3.6824583045617962
2024-12-21 02:00:00,6.4674999315,15.57197977306836,6.312500119416666,5.0966666539166665,6.308124989333331,6.159166932666666,7.518491992124666,3.068412817579032
2024-12-21 03:00:00,8.507500012583334,15.57197977306836,6.3508333764166665,6.844999988916666,6.294166684249998,6.295000156083333,7.722985253619169,6.823400297580914
2024-12-21 04:00:00,9.091666778,15.57197977306836,6.60000006375,6.8591667017499995,6.382291714499997,6.952500184749999,8.254954666629756,6.744932609117341
2024-12-21 05:00:00,9.314999898333333,15.57197977306836,6.485833366583333,7.27416670325,6.437291731541665,6.70583343475,9.169443243964103,6.569706354684559
2024-12-21 06:00:00,9.568333307916665,15.57197977306836,6.4674999315,7.242500026999999,6.476041684562498,6.622499743583334,8.912531810209625,6.558385196318176
2024-12-21 07:00:00,10.16166662975,15.57197977306836,8.507500012583334,6.965833306166666,7.015208343604165,10.664166648750001,10.692053317541612,9.642013838231401
2024-12-21 08:00:00,10.206666628916667,15.57197977306836,9.091666778,7.052500009666666,7.6381250221666654,11.583333492250002,10.764293123628242,8.40857759428698
2024-12-21 09:00:00,10.08916680025,15.57197977306836,9.314999898333333,6.9450000127500005,8.345416655104165,12.144166430083335,11.81852821339317,8.463023777799634
2024-12-21 10:00:00,8.899166583916667,15.57197977306836,9.568333307916665,6.8691666525,9.120624999208331,12.66916668433333,12.816689944459947,8.711505900710259
2024-12-21 11:00:00,8.716666698500001,15.57197977306836,10.16166662975,6.802499969833334,9.534166653499998,11.815833246916666,10.966185140038569,12.913945389949752
2024-12-21 12:00:00,8.690833330333334,15.57197977306836,10.206666628916667,6.571666677666666,9.812916616229165,11.321666479833333,10.9395111108326,13.462453949632646
2024-12-21 13:00:00,8.602500041499999,15.57197977306836,10.08916680025,6.0283332665,10.006458341708331,10.863333702166667,9.423444453837888,9.628606343591441
2024-12-21 14:00:00,8.164166728583334,15.57197977306836,8.899166583916667,6.535000006333334,9.839166660708331,8.229999859916669,8.407470807966563,7.765641388592516
2024-12-21 15:00:00,8.072499990416667,15.57197977306836,8.716666698500001,6.5141666332499994,9.477916677895832,7.271666767250002,8.790816637262921,9.593392417031515
2024-12-21 16:00:00,7.935000062,15.57197977306836,8.690833330333334,6.64333331575,9.09895835325,7.175000031750001,8.828023280520178,9.527252646274363
2024-12-21 17:00:00,7.784166693666666,15.57197977306836,8.602500041499999,6.4433333475,8.727291663562498,7.115833282749998,8.33801449854397,9.524540935609778
2024-12-21 18:00:00,7.67749993,15.57197977306836,8.164166728583334,6.465833306166666,8.543541699729165,7.429166873250001,7.980642313854563,9.11990664614303
2024-12-21 19:00:00,7.658333380999999,15.57197977306836,8.072499990416667,6.40666659675,8.382500022708331,7.428333282333332,9.935738392438475,6.957320749684188
2024-12-21 20:00:00,7.647500038083333,15.57197977306836,7.935000062,6.24749994275,8.193541705624998,7.179166793666667,9.447660698161455,6.529927724656473
2024-12-21 21:00:00,7.751666664999999,15.57197977306836,7.784166693666666,6.265833298416666,7.988958368666665,6.9658333458333335,9.08925860774912,5.981743325929881
2024-12-21 22:00:00,7.754166642833333,15.57197977306836,7.67749993,6.312500119416666,7.867291669020831,7.190833131416666,8.86504176302716,6.07424000242691
2024-12-21 23:00:00,7.716666698416667,15.57197977306836,7.658333380999999,6.3508333764166665,7.763750016666665,7.244166771583332,8.762353512518777,6.032317494171549
2024-12-22 00:00:00,7.687272678636364,15.57197977306836,7.647500038083333,6.60000006375,7.691875010687498,7.3600000141666655,8.606543711527536,5.886755469634099
2024-12-22 01:00:00,7.7825000685,15.57197977306836,7.751666664999999,6.485833366583333,7.683750003520831,7.719166636333332,8.775671793202022,5.886755469634099
2024-12-22 02:00:00,7.7616667349999995,15.57197977306836,7.754166642833333,6.4674999315,7.702916681729164,7.830833355666666,8.902779871091969,7.6646588554731
2024-12-22 03:00:00,8.889999946083334,15.57197977306836,7.716666698416667,8.507500012583334,7.717500011083331,7.775000015833334,8.97802725167552,8.341970818641332
2024-12-22 04:00:00,9.53909085009091,15.57197977306836,7.687272678636364,9.091666778,7.727443171221589,7.727045319189395,9.077614734554166,8.327665009474464
2024-12-22 05:00:00,9.258333444666667,15.57197977306836,7.7825000685,9.314999898333333,7.735151522096589,7.813333472000001,9.264423454407304,8.298276410038849
2024-12-22 06:00:00,9.13666661575,15.57197977306836,7.7616667349999995,9.568333307916665,7.737026545138256,7.769166827166666,9.251210891126167,8.323713795063718
2024-12-22 07:00:00,8.560833215666667,15.57197977306836,8.889999946083334,10.16166662975,8.030359857054922,10.063333193750001,10.46771268791344,14.203267641475131
2024-12-22 08:00:00,8.090909134181818,15.57197977306836,9.53909085009091,10.206666628916667,8.493314399918559,11.390909021545454,11.182207163056066,12.675527227150027
2024-12-22 09:00:00,7.970000068333333,15.57197977306836,9.258333444666667,10.08916680025,8.862272743960226,10.734166820833334,11.83037346878395,9.561660037094123
2024-12-22 10:00:00,7.909166693666666,15.57197977306836,9.13666661575,8.899166583916667,9.206022714147727,10.511666496500002,12.942701539712331,8.823083971366545
2024-12-22 11:00:00,7.8125,15.57197977306836,8.560833215666667,8.716666698500001,9.12373103154356,8.23166648525,9.28218313657036,10.12425626873023
2024-12-22 12:00:00,7.7127272866363645,15.57197977306836,8.090909134181818,8.690833330333334,8.761685602566287,6.642727418272726,9.101023195865555,10.057055540868694
2024-12-22 13:00:00,7.845833381083334,15.57197977306836,7.970000068333333,8.602500041499999,8.439602258482953,6.681666692,7.251345668617834,8.383453000018775
2024-12-22 14:00:00,7.5358333985,15.57197977306836,7.909166693666666,8.164166728583334,8.132727277962118,6.681666771583332,7.245475565155683,7.475201566247135
2024-12-22 15:00:00,7.397500038083333,15.57197977306836,7.8125,8.072499990416667,7.945643974045453,7.064166784333333,7.219674437113369,5.661467166662093
2024-12-22 16:00:00,6.990833282333334,15.57197977306836,7.7127272866363645,7.935000062,7.851098512159089,7.3345454390909115,7.17498246352722,5.606522599932791
2024-12-22 17:00:00,6.812500000083333,15.57197977306836,7.845833381083334,7.784166693666666,7.820056840346589,7.721666693833334,7.41195197393032,7.706652454318721
2024-12-22 18:00:00,6.860909028363636,15.57197977306836,7.5358333985,7.67749993,7.726723516554923,7.162500103333334,7.082676251671696,7.654923458111816
2024-12-22 19:00:00,6.773333310916667,15.57197977306836,7.397500038083333,7.658333380999999,7.622973526075755,6.982500076166666,9.7303563718425,5.80630349598124
2024-12-22 20:00:00,6.655833284083333,15.57197977306836,6.990833282333334,7.647500038083333,7.4425000249999975,6.268939278030303,9.038234215174583,5.834618843747215
2024-12-22 21:00:00,6.444166620333333,15.57197977306836,6.812500000083333,7.751666664999999,7.184166679749999,5.779166619083333,8.772679823579178,5.783860976977219
2024-12-22 22:00:00,6.459090969818181,15.57197977306836,6.860909028363636,7.754166642833333,7.015435587215908,6.185984658227272,8.719901480665584,5.801091953956425
2024-12-22 23:00:00,6.23416658225,15.57197977306836,6.773333310916667,7.716666698416667,6.85939390542424,6.1491665837500005,8.551589824607003,5.870708615427927
2024-12-23 00:00:00,6.115833322083334,15.57197977306836,6.655833284083333,7.687272678636364,6.775643905861741,6.3208332858333325,9.108470495134661,5.777295392221109
2024-12-23 01:00:00,6.083333293749999,15.57197977306836,6.444166620333333,7.7825000685,6.68356056092424,6.075833240583333,8.948501075343842,5.481462924264378
2024-12-23 02:00:00,6.340909090818181,15.57197977306836,6.459090969818181,7.7616667349999995,6.5831060462878765,6.057272911272726,9.059429212848435,5.8206692148244725
2024-12-23 03:00:00,6.776666760583333,15.57197977306836,6.23416658225,8.889999946083334,6.44831436412121,5.694999853583334,8.880183428333044,6.603065060706353
2024-12-23 04:00:00,7.17083334925,15.57197977306836,6.115833322083334,9.53909085009091,6.3133143736212105,5.575833360083334,8.900362012823832,6.603065060706353
2024-12-23 05:00:00,7.16749997925,15.57197977306836,6.083333293749999,9.258333444666667,6.2231060419753765,5.722499967166665,8.960436051260647,6.621322279314455
2024-12-23 06:00:00,7.267500042916667,15.57197977306836,6.340909090818181,9.13666661575,6.193560572225377,6.222727211818182,9.328782691187214,8.442960482242832
2024-12-23 07:00:00,7.500833352416667,15.57197977306836,6.776666760583333,8.560833215666667,6.32918561680871,7.319166938916665,8.382893083085936,10.344006315480836
2024-12-23 08:00:00,7.3258333605,15.57197977306836,7.17083334925,8.090909134181818,6.592935623600376,8.225833376416666,8.934227479771993,8.92098485019595
2024-12-23 09:00:00,7.438333352416667,15.57197977306836,7.16749997925,7.970000068333333,6.863977294975377,8.251666664750001,9.01570294381198,8.702818596932726
2024-12-23 10:00:00,7.29416676375,15.57197977306836,7.267500042916667,7.909166693666666,7.0956250329999975,8.194090995015152,10.252483240627758,8.378306705611772
2024-12-23 11:00:00,7.225000023833334,15.57197977306836,7.500833352416667,7.8125,7.276666680958331,8.224999944250001,9.288795166837055,10.511656030137297
2024-12-23 12:00:00,7.2375000717499995,15.57197977306836,7.3258333605,7.7127272866363645,7.315416683770831,7.48083337175,9.131154768896359,10.543383766991527
2024-12-23 13:00:00,7.0575000047500005,15.57197977306836,7.438333352416667,7.845833381083334,7.383125027062498,7.709166725583334,7.8465882660427155,8.451699032023297
2024-12-23 14:00:00,6.888333320416667,15.57197977306836,7.29416676375,7.5358333985,7.389791707270832,7.320833484583333,7.929346135804932,7.824804388609423
2024-12-23 15:00:00,6.741666714333333,15.57197977306836,7.225000023833334,7.397500038083333,7.320833375124998,6.9491666952500015,7.806671375047843,8.209491964562153
2024-12-23 16:00:00,6.555833299916666,15.57197977306836,7.2375000717499995,6.990833282333334,7.298750052937499,7.149166782999999,7.658450645786685,7.58527104546585
2024-12-23 17:00:00,6.5541666350000005,15.57197977306836,7.0575000047500005,6.812500000083333,7.203541716020832,6.676666657083334,7.424938468635757,7.6428048984579045
2024-12-23 18:00:00,6.426666657166667,15.57197977306836,6.888333320416667,6.860909028363636,7.1020833551874984,6.482499877083334,7.213904855673658,7.540172747213951
2024-12-23 19:00:00,6.388333400166666,15.57197977306836,6.741666714333333,6.773333310916667,6.981250027812498,6.258333404833333,9.145044578365676,3.5131699615338197
2024-12-23 20:00:00,6.359999974583334,15.57197977306836,6.555833299916666,6.655833284083333,6.8108333348541645,5.874166528083333,8.708512963816101,3.3234884460984366
2024-12-23 21:00:00,6.410833358833333,15.57197977306836,6.5541666350000005,6.444166620333333,6.684999992416665,6.0508332652500005,8.569872151218432,5.485191830730482
2024-12-23 22:00:00,6.288333336416667,15.57197977306836,6.426666657166667,6.459090969818181,6.569583326604165,5.964999993916667,8.361376516165382,5.485191830730482
2024-12-23 23:00:00,6.366666754250001,15.57197977306836,6.388333400166666,6.23416658225,6.4812499980624985,6.035000085999999,8.487545193387316,5.500750498206819
2024-12-24 00:00:00,6.451666593500001,15.57197977306836,6.359999974583334,6.115833322083334,6.432291666729165,6.164166649250002,8.487482078907771,5.6652483807846785
2024-12-24 01:00:00,6.418333331666666,15.57197977306836,6.410833358833333,6.083333293749999,6.396458347687498,6.267500082666666,8.472684464735323,5.653617603726096
2024-12-24 02:00:00,6.390833298333334,15.57197977306836,6.288333336416667,6.340909090818181,6.361875017499998,6.1500000156666665,8.338699069971366,5.710550465961245
2024-12-24 03:00:00,8.154999891916667,15.57197977306836,6.366666754250001,6.776666760583333,6.356458356020832,6.345000108333335,8.506517520178736,6.471703602394006
2024-12-24 04:00:00,8.187500158916666,15.57197977306836,6.451666593500001,7.17083334925,6.379375010749999,6.543333212416667,8.66272729633442,6.299954330334201
2024-12-24 05:00:00,8.16833333175,15.57197977306836,6.418333331666666,7.16749997925,6.381250003958332,6.425833304499999,8.737287871285393,6.400296522631834
2024-12-24 06:00:00,8.50166662525,15.57197977306836,6.390833298333334,7.267500042916667,6.406874994437499,6.493333260250001,8.841251443436022,6.400296522631834
2024-12-24 07:00:00,8.435833295416666,15.57197977306836,8.154999891916667,7.500833352416667,6.853958278854165,9.943333029583332,10.334431515676153,11.618757371709101
2024-12-24 08:00:00,8.327500104916666,15.57197977306836,8.187500158916666,7.3258333605,7.287916670208332,9.923333724333332,10.354493101727755,9.855334897389595
2024-12-24 09:00:00,8.158333301666667,15.57197977306836,8.16833333175,7.438333352416667,7.725416670229166,9.918333331833335,11.453530647529517,9.519331631431134
2024-12-24 10:00:00,7.935833334833333,15.57197977306836,8.50166662525,7.29416676375,8.253125001958331,10.612499952166665,12.715206033012901,9.791728706364676
2024-12-24 11:00:00,7.943333268166666,15.57197977306836,8.435833295416666,7.225000023833334,8.32333335283333,8.716666698916665,9.916383576893097,11.412790132575976
2024-12-24 12:00:00,8.142499923666668,15.57197977306836,8.327500104916666,7.2375000717499995,8.358333339333331,8.467500050916666,9.648290632232857,10.87602916315682
2024-12-24 13:00:00,7.934166630083333,15.57197977306836,8.158333301666667,7.0575000047500005,8.355833331812498,8.148333271583335,7.920145771943382,8.753815893868516
2024-12-24 14:00:00,7.5316666365,15.57197977306836,7.935833334833333,6.888333320416667,8.21437500920833,7.370000044416667,7.9317453362870145,6.742395801113327
2024-12-24 15:00:00,7.397499998333333,15.57197977306836,7.943333268166666,6.741666714333333,8.091250002395832,7.4508332409166655,8.195476087991533,6.775959524820216
2024-12-24 16:00:00,6.645833373083334,15.57197977306836,8.142499923666668,6.555833299916666,8.04499995708333,7.957499742416669,8.544977694541856,9.119141466093266
2024-12-24 17:00:00,6.10499997925,15.57197977306836,7.934166630083333,6.5541666350000005,7.988958289187498,7.709999958499999,8.324824948492417,8.858679906811577
2024-12-24 18:00:00,6.099166631666667,15.57197977306836,7.5316666365,6.426666657166667,7.887916614604164,7.127499938166666,7.965206267519211,7.956667571951674
2024-12-24 19:00:00,6.0100000302500005,15.57197977306836,7.397499998333333,6.388333400166666,7.751458297145831,6.851666728500001,9.939464376376284,5.492139808741624
2024-12-24 20:00:00,6.000000039833334,15.57197977306836,6.645833373083334,6.359999974583334,7.377291659499998,5.1491668225,8.93493595484522,5.450217300486263
2024-12-24 21:00:00,5.799166679333333,15.57197977306836,6.10499997925,6.410833358833333,6.919999996791665,4.275833328416666,8.355259980670223,5.63205183830315
2024-12-24 22:00:00,5.858333309416667,15.57197977306836,6.099166631666667,6.288333336416667,6.561874995583332,4.666666626833334,8.361876228560405,5.854625653491273
2024-12-24 23:00:00,5.879999995166667,15.57197977306836,6.0100000302500005,6.366666754250001,6.215000003562499,4.622500062166668,8.21856127304493,5.964023188424276
2024-12-25 00:00:00,6.0049999952499995,15.57197977306836,6.000000039833334,6.451666593500001,6.053541670249999,5.354166706583334,8.095204827328097,5.922379419166683
2024-12-25 01:00:00,5.93750003975,15.57197977306836,5.799166679333333,6.418333331666666,5.977083345270832,5.493333379416667,7.902176833831899,5.6909733312166635
2024-12-25 02:00:00,5.923333326916667,15.57197977306836,5.858333309416667,6.390833298333334,5.916875014708332,5.617499987166668,8.065766104275728,5.9645954845328095
2024-12-25 03:00:00,8.380833347666666,15.57197977306836,5.879999995166667,8.154999891916667,5.884375005937499,5.749999960083334,8.098089920582833,7.056503239858311
2024-12-25 04:00:00,9.584166606166667,15.57197977306836,6.0049999952499995,8.187500158916666,5.885624994791665,6.009999950666665,8.254360364318746,6.768032539490308
2024-12-25 05:00:00,9.89500006025,15.57197977306836,5.93750003975,8.16833333175,5.920208334895832,6.075833400166666,8.208748249746904,6.838939553066693
2024-12-25 06:00:00,10.61833334,15.57197977306836,5.923333326916667,8.50166662525,5.936458339270831,5.988333344416666,8.27573999577531,6.844799185265087
2024-12-25 07:00:00,10.950833240833333,15.57197977306836,8.380833347666666,8.435833295416666,6.561666677395831,10.881666700166665,10.597194769590661,10.194726175645453
2024-12-25 08:00:00,10.737499950833334,15.57197977306836,9.584166606166667,8.327500104916666,7.456458330124997,13.163333217083334,11.062450369360802,9.771198318242924
2024-12-25 09:00:00,10.484166543333332,15.57197977306836,9.89500006025,8.158333301666667,8.445833335249997,13.852500080750001,11.624828481204416,12.436321791958045
2024-12-25 10:00:00,10.568333306666666,15.57197977306836,10.61833334,7.935833334833333,9.619583338520831,15.313333353083333,13.195144370960552,18.31207231339179
2024-12-25 11:00:00,10.6699999975,15.57197977306836,10.950833240833333,7.943333268166666,10.262083311812498,13.520833134,11.283388404719766,21.11444166330136
2024-12-25 12:00:00,10.495000045,15.57197977306836,10.737499950833334,8.142499923666668,10.550416647979164,11.8908332955,11.011916720827642,20.69200276487537
2024-12-25 13:00:00,10.555833259166667,15.57197977306836,10.484166543333332,7.934166630083333,10.697708268749999,11.073333026416664,9.638629469808823,14.901575661652416
2024-12-25 14:00:00,10.359999975,15.57197977306836,10.568333306666666,7.5316666365,10.685208260416665,10.518333273333333,10.099183022536856,18.022450186505985
2024-12-25 15:00:00,9.69500001275,15.57197977306836,10.6699999975,7.397499998333333,10.614999949583332,10.389166754166666,10.486287419993548,17.958865421919008
2024-12-25 16:00:00,9.314166545833332,15.57197977306836,10.495000045,6.645833373083334,10.554374973124999,10.252500139166665,10.455788731851285,15.009596841702002
2024-12-25 17:00:00,9.184999942833334,15.57197977306836,10.555833259166667,6.10499997925,10.572291652083331,10.627499975000001,10.620857841668965,17.78154427576419
2024-12-25 18:00:00,9.355000019,15.57197977306836,10.359999975,6.099166631666667,10.520208319166665,10.151666643333332,10.316486365704991,13.401123438181012
2024-12-25 19:00:00,9.726666688416666,15.57197977306836,9.69500001275,6.0100000302500005,10.276458322979165,8.720000028000001,11.60834154322313,9.406245104094637
2024-12-25 20:00:00,9.783333381166667,15.57197977306836,9.314166545833332,6.000000039833334,9.981249948187498,8.133333046666666,10.965865900186252,8.966309637992438
2024-12-25 21:00:00,9.648333231666667,15.57197977306836,9.184999942833334,5.799166679333333,9.638541619104165,7.814166626500002,10.600268011516512,7.759001961573849
2024-12-25 22:00:00,9.661666711333334,15.57197977306836,9.355000019,5.858333309416667,9.387291630104166,8.350000063000001,10.548844370867588,8.151390435960133
2024-12-25 23:00:00,9.7891666095,15.57197977306836,9.726666688416666,5.879999995166667,9.395208299020831,9.758333364083331,10.73903661164194,8.281071516762884
2024-12-26 00:00:00,9.535833358583334,15.57197977306836,9.783333381166667,6.0049999952499995,9.512500007854165,10.252500216500001,10.585669155414255,6.534614818982627
2024-12-26 01:00:00,9.243333339666666,15.57197977306836,9.648333231666667,5.93750003975,9.628333330062498,10.1116665205,10.479201972506207,6.433376037828581
2024-12-26 02:00:00,8.524166584166666,15.57197977306836,9.661666711333334,5.923333326916667,9.705000003145832,9.968333403666668,10.644258645248009,8.215974299477898
2024-12-26 03:00:00,8.047500054083335,15.57197977306836,9.7891666095,8.380833347666666,9.720624983416666,9.851666530583335,10.890196674349358,8.052193066323623
2024-12-26 04:00:00,8.867499987166667,15.57197977306836,9.535833358583334,9.584166606166667,9.658749977770832,9.288333336,10.695647354711848,8.014645157428507
2024-12-26 05:00:00,8.294166564916667,15.57197977306836,9.243333339666666,9.89500006025,9.557500004770832,8.838333447666665,10.540991684619957,7.713519542090414
2024-12-26 06:00:00,8.349999984166667,15.57197977306836,8.524166584166666,10.61833334,9.273124972979165,7.386666456999999,9.924799633344284,7.717179707916029
2024-12-26 07:00:00,8.665833393666666,15.57197977306836,8.047500054083335,10.950833240833333,8.837708334124999,6.305833498666669,9.530521056256063,10.164139441393797
2024-12-26 08:00:00,8.979999939583333,15.57197977306836,8.867499987166667,10.737499950833334,8.67062499127083,8.19916661575,10.880093461446423,10.922799250731096
2024-12-26 09:00:00,8.870000123833334,15.57197977306836,8.294166564916667,10.484166543333332,8.433333297583332,7.344999790166668,10.643451193609932,10.242019062792995
2024-12-26 10:00:00,8.920833508166668,15.57197977306836,8.349999984166667,10.568333306666666,8.389791647583333,8.175833384166667,11.626943108705472,9.700563259937665
2024-12-26 11:00:00,8.748333374666666,15.57197977306836,8.665833393666666,10.6699999975,8.544374982479166,9.284166733249998,9.943990645378367,11.445279372844126
2024-12-26 12:00:00,8.563333272833333,15.57197977306836,8.979999939583333,10.495000045,8.572499970583332,9.092499892,10.218870408018955,13.817585402102386
2024-12-26 13:00:00,8.2949999175,15.57197977306836,8.870000123833334,10.555833259166667,8.7164583603125,9.445833682750001,8.701415546841481,11.137132095641128
2024-12-26 14:00:00,8.424166599916667,15.57197977306836,8.920833508166668,10.359999975,8.8591667413125,9.491667032166669,9.006365494603163,11.172923877190847
2024-12-26 15:00:00,8.506666660333332,15.57197977306836,8.748333374666666,9.69500001275,8.879791736562499,8.830833355666666,8.831041857393835,10.921134649044022
2024-12-26 16:00:00,8.145000060416667,15.57197977306836,8.563333272833333,9.314166545833332,8.775625069874998,8.146666606083333,8.716619253088266,10.915066727705945
2024-12-26 17:00:00,7.901666641083334,15.57197977306836,8.2949999175,9.184999942833334,8.631875018291664,7.7199997111666665,8.521934477376476,10.499020715375385
2024-12-26 18:00:00,7.915833353916667,15.57197977306836,8.424166599916667,9.355000019,8.507708291229164,7.927499691666666,8.77525277698339,10.48216555946427
2024-12-26 19:00:00,7.95250006525,15.57197977306836,8.506666660333332,9.726666688416666,8.44729161264583,8.264999945999998,10.670391607012089,8.03734754472272
2024-12-26 20:00:00,8.048333287333334,15.57197977306836,8.145000060416667,9.783333381166667,8.342708309541665,7.726666848000001,9.997303149068138,7.947947514131062
2024-12-26 21:00:00,7.770833333,15.57197977306836,7.901666641083334,9.648333231666667,8.244374990437498,7.508333364666667,9.718203195496391,6.553255041786339
2024-12-26 22:00:00,7.739166657000001,15.57197977306836,7.915833353916667,9.661666711333334,8.117291678937498,7.4075001079166665,9.740892150928524,6.683344318377423
2024-12-26 23:00:00,7.568333387333333,15.57197977306836,7.95250006525,9.7891666095,7.978750030166665,7.398333470166667,9.849174086537879,7.615721140267024
2024-12-27 00:00:00,7.269999980916666,15.57197977306836,8.048333287333334,9.535833358583334,7.954583336895832,7.95166651425,9.890326300023958,7.420629275427435
2024-12-27 01:00:00,6.524166623749999,15.57197977306836,7.770833333,9.243333339666666,7.921875009874998,7.640000024916666,9.545397248187534,6.018274363257023
2024-12-27 02:00:00,6.48000005875,15.57197977306836,7.739166657000001,8.524166584166666,7.877708335645832,7.562499960083335,9.615817644187974,5.495357009089478
2024-12-27 03:00:00,9.340833345916666,15.57197977306836,7.568333387333333,8.047500054083335,7.7816666661666645,7.184166709416667,9.48600317225328,4.1789329807085664
2024-12-27 04:00:00,9.530000051,15.57197977306836,7.269999980916666,8.867499987166667,7.587083339562499,6.491666674499999,9.239583960320049,4.3074220436376685
2024-12-27 05:00:00,9.710833390666666,15.57197977306836,6.524166623749999,8.294166564916667,7.275416662249999,5.277499914499999,8.560405947047194,6.581803944172492
2024-12-27 06:00:00,9.312857082857144,15.57197977306836,6.48000005875,8.349999984166667,6.960625012687498,5.220833460499999,8.88402213911941,6.737292433394759
2024-12-29 00:00:00,7.5366666714166675,15.57197977306836,7.4508333205,7.546666622083333,7.5093750158333314,7.125833312416668,8.507098074222249,5.759216296842431
2024-12-29 01:00:00,7.52499993625,15.57197977306836,7.468333323833334,7.807499965083333,7.461041659062499,7.274999896750002,8.540406368218598,5.775451320682947
2024-12-29 02:00:00,7.576666672999999,15.57197977306836,7.563333392166666,7.862499992166666,7.493958353958331,7.6950001717499985,8.682416139370348,5.666840647294641
2024-12-29 03:00:00,7.406666676166666,15.57197977306836,7.5291666985,8.053333401833333,7.502916683749998,7.565000017666667,8.704897610331333,6.409486903633997
2024-12-29 04:00:00,7.511666615749999,15.57197977306836,7.5366666714166675,7.9941665728333335,7.524375021479165,7.622500022333335,8.83950918011368,6.409486903633997
2024-12-29 05:00:00,7.800833384333333,15.57197977306836,7.52499993625,8.210833231499999,7.538541674583332,7.581666548666667,8.99722649082237,6.480393917210383
2024-12-29 06:00:00,7.597500006333333,15.57197977306836,7.576666672999999,8.160833279333334,7.541874994791665,7.589999953833332,9.050531725733226,6.432064331294853
2024-12-29 07:00:00,7.645000020666667,15.57197977306836,7.406666676166666,7.984166622083333,7.511249989208331,7.284166653833332,8.524207808902503,8.523159210050137
2024-12-29 08:00:00,7.591666618916666,15.57197977306836,7.511666615749999,7.903333346166666,7.504999975291665,7.486666560083331,8.790962658944704,8.370349791525088
2024-12-29 09:00:00,7.551666657166667,15.57197977306836,7.800833384333333,7.834166725583334,7.573958337312497,8.076666832416667,9.302335134312731,8.198600519465279
2024-12-29 10:00:00,7.503333369916667,15.57197977306836,7.597500006333333,8.025833288916667,7.579166670645831,7.618333339666667,9.157318637515402,7.431407182347246
2024-12-29 11:00:00,7.563333352416667,15.57197977306836,7.645000020666667,8.104999939666667,7.638750006770832,7.883333365166668,8.579047358192575,7.432168234104224
2024-12-29 12:00:00,7.514999985749999,15.57197977306836,7.591666618916666,7.953333417500001,7.658750007562498,7.671666622083333,8.448791474606345,7.549555183661837
2024-12-29 13:00:00,7.386666695166667,15.57197977306836,7.551666657166667,7.842499971333333,7.596458325770832,7.302499930000001,7.890900442303978,7.721304455721646
2024-12-29 14:00:00,7.277499993666667,15.57197977306836,7.503333369916667,7.8650000095833335,7.572916666666665,7.4091667335,7.9316806629992795,7.632392273878052
2024-12-29 15:00:00,7.068333387333333,15.57197977306836,7.563333352416667,7.8191666602500005,7.552499999604165,7.481666684166666,7.982426620327023,7.638183912215149
2024-12-29 16:00:00,7.000000000083333,15.57197977306836,7.514999985749999,7.7758333285833325,7.533333341312498,7.438333352583332,7.794920565816241,7.571628516707176
2024-12-29 17:00:00,6.8125,15.57197977306836,7.386666695166667,7.661666750916666,7.492083350812498,7.221666733166668,7.595671033351082,7.571628516707176
2024-12-29 18:00:00,6.760833303166667,15.57197977306836,7.277499993666667,7.431666612583334,7.435625006749998,7.051666617416667,7.653639521219479,7.571628516707176
2024-12-29 19:00:00,6.799166639666667,15.57197977306836,7.068333387333333,7.493333379333333,7.311875015479165,6.57333342225,8.211404299923888,5.695824160409949
2024-12-29 20:00:00,6.696666638,15.57197977306836,7.000000000083333,7.4508333205,7.183125019062499,6.485000014416667,8.027302763693829,7.577834253143529
2024-12-29 21:00:00,6.669166684,15.57197977306836,6.8125,7.468333323833334,7.039583345270832,6.238333304833333,7.794480079248692,7.577834253143529
2024-12-29 22:00:00,6.70833333325,15.57197977306836,6.760833303166667,7.563333392166666,6.910416672645831,6.244166612666667,7.805153043157831,5.711382827886285
2024-12-29 23:00:00,6.756666660166666,15.57197977306836,6.799166639666667,7.5291666985,6.8431249857291645,6.529999892,7.903350077429616,5.711382827886285
2024-12-30 00:00:00,6.682499965083333,15.57197977306836,6.696666638,7.5366666714166675,6.767291645208331,6.393333275916667,8.550178623993009,5.715510638283297
2024-12-30 01:00:00,6.6650000015833335,15.57197977306836,6.669166684,7.52499993625,6.7314583162083315,6.525833368000001,8.62364166214807,5.739248960512909
2024-12-30 02:00:00,6.6775000095,15.57197977306836,6.70833333325,7.576666672999999,6.718333323729165,6.655833363333333,8.761033947366936,5.796181822748062
2024-12-30 03:00:00,12.306666690916666,15.57197977306836,6.756666660166666,7.406666676166666,6.7077083288541655,6.714166680666666,8.878735527550052,6.9287904340491195
2024-12-30 04:00:00,12.633333365833332,15.57197977306836,6.682499965083333,7.511666615749999,6.704166660624998,6.6683332921666665,8.873523497201141,6.75704116198931
2024-12-30 05:00:00,12.565000135,15.57197977306836,6.6650000015833335,7.800833384333333,6.703124990020831,6.660833319166667,8.963644503734306,6.851476706006786
2024-12-30 06:00:00,12.474999984166667,15.57197977306836,6.6775000095,7.597500006333333,6.695416659083332,6.6466666857500005,9.05805270488376,8.812982817350107
2024-12-30 07:00:00,12.278333345833333,15.57197977306836,12.306666690916666,7.645000020666667,8.082916666770831,17.856666721666667,15.214118947775088,20.128022969627736
2024-12-30 08:00:00,12.070833205833333,15.57197977306836,12.633333365833332,7.591666618916666,9.570625016958331,18.58416676658333,14.944289594429685,21.496690285275466
2024-12-30 09:00:00,11.779166698333334,15.57197977306836,12.565000135,7.551666657166667,11.045625050312498,18.465000268416667,16.048963595062556,21.065636394879085
2024-12-30 10:00:00,11.571666638333333,15.57197977306836,12.474999984166667,7.503333369916667,12.495000043979164,18.272499958833333,17.1271541054889,20.671091525610514
2024-12-30 11:00:00,11.381666740833333,15.57197977306836,12.278333345833333,7.563333352416667,12.487916707708331,12.250000000750001,13.933479901951197,21.581771932032073
2024-12-30 12:00:00,11.446666479166666,15.57197977306836,12.070833205833333,7.514999985749999,12.347291667708333,11.508333045833334,13.318745956052272,19.529058157125057
2024-12-30 13:00:00,11.475833336666668,15.57197977306836,11.779166698333334,7.386666695166667,12.150833308541664,10.993333261666669,11.023336755255336,14.285787416849995
2024-12-30 14:00:00,11.069999933333333,15.57197977306836,11.571666638333333,7.277499993666667,11.92499997208333,10.6683332925,10.878618043575653,11.902813379314672
2024-12-30 15:00:00,10.935000021666667,15.57197977306836,11.381666740833333,7.068333387333333,11.700833320833333,10.485000135833333,10.913591505913647,12.34209445370037
2024-12-30 16:00:00,10.8899999475,15.57197977306836,11.446666479166666,7.000000000083333,11.544791639166665,10.822499752499999,11.136800479124584,15.506971542328216
2024-12-30 17:00:00,11.034166734166668,15.57197977306836,11.475833336666668,6.8125,11.46895829875,11.172499975000001,11.176620636626144,15.506971542328216
2024-12-30 18:00:00,10.820833365,15.57197977306836,11.069999933333333,6.760833303166667,11.343541622499998,10.568333228333334,10.830718467808229,15.641210259893558
2024-12-30 19:00:00,10.626666625,15.57197977306836,10.935000021666667,6.799166639666667,11.23187494270833,10.488333302500001,13.14005837800415,14.163060716635698
2024-12-30 20:00:00,10.374999920833334,15.57197977306836,10.8899999475,6.696666638,11.092708309791664,10.333333415833334,13.039061366611032,14.163060716635698
2024-12-30 21:00:00,10.195000091666666,15.57197977306836,11.034166734166668,6.669166684,10.982291659166664,10.592500131666668,12.94363867112227,14.201432282619853
2024-12-30 22:00:00,10.0933334825,15.57197977306836,10.820833365,6.70833333325,10.920000017083332,10.571666796666667,12.520962761679147,14.048089797563625
2024-12-30 23:00:00,10.006666739333333,15.57197977306836,10.626666625,6.756666660166666,10.842916667916667,10.318333228333334,12.355706639633782,14.048089797563625
2024-12-31 00:00:00,9.828333298416666,15.57197977306836,10.374999920833334,6.682499965083333,10.71416666125,9.859999894166668,12.069071260666203,9.795125090461344
2024-12-31 01:00:00,9.75249997775,15.57197977306836,10.195000091666666,6.6650000015833335,10.504375000624998,9.355833449166663,12.010622036480441,9.09451088185153
2024-12-31 02:00:00,9.773333311166667,15.57197977306836,10.0933334825,6.6775000095,10.322500029999999,9.3658336,12.005892584195879,8.860067728078988
2024-12-31 03:00:00,9.575000047583334,15.57197977306836,10.006666739333333,12.306666690916666,10.167500058583332,9.386666853666666,12.006276996889822,8.923979196159898
2024-12-31 04:00:00,10.299166758333334,15.57197977306836,9.828333298416666,12.633333365833332,10.030833402979164,9.281666675999999,11.858312556937426,8.73517287854688
2024-12-31 05:00:00,11.840833345833333,15.57197977306836,9.75249997775,12.565000135,9.9202083745,9.309999863833335,11.889082450016243,8.641687803979794
2024-12-31 06:00:00,14.292500177500001,15.57197977306836,9.773333311166667,12.474999984166667,9.840208331666666,9.453333139833333,11.959330706192107,10.43856419514564
2024-12-31 07:00:00,15.080833435833334,15.57197977306836,9.575000047583334,12.278333345833333,9.732291658729165,9.143333355833335,10.381482990501336,11.980284801429542
2024-12-31 08:00:00,15.259999989999999,15.57197977306836,10.299166758333334,12.070833205833333,9.850000023708333,10.77000021825,11.675917038265924,12.61340570361885
2024-12-31 09:00:00,15.524166663333332,15.57197977306836,11.840833345833333,11.779166698333334,10.372083365729164,13.929166713916667,13.414567269967698,18.0153042966197
2024-12-31 10:00:00,16.921666621666667,15.57197977306836,14.292500177500001,11.571666638333333,11.501875082312498,18.811667043833335,16.77899537205458,16.436326958955856
2024-12-31 11:00:00,15.218333244166667,15.57197977306836,15.080833435833334,11.381666740833333,12.878333429375,20.586666824083334,16.59936191046418,18.60993116830671
2024-12-31 12:00:00,10.236666519583332,15.57197977306836,15.259999989999999,11.446666479166666,14.118541737291665,20.220833221666666,16.669737190289002,18.39026866855062
2024-12-31 13:00:00,12.525000016,15.57197977306836,15.524166663333332,11.475833336666668,15.039375066666665,19.207499980833333,15.654671070665726,16.98360668652468
2024-12-31 14:00:00,15.733333350833334,15.57197977306836,16.921666621666667,11.069999933333333,15.696666677708333,19.55083306583333,17.035621596098302,17.58662129511189
2024-12-31 15:00:00,15.99333326,15.57197977306836,15.218333244166667,10.935000021666667,15.731041629791665,15.3558330525,14.826172395034968,16.476580947248717
2024-12-31 16:00:00,16.170000075833332,15.57197977306836,10.236666519583332,10.8899999475,14.475208262187499,5.213333049166666,9.985612324778188,13.00824106157401
2024-12-31 17:00:00,15.696666639166667,15.57197977306836,12.525000016,11.034166734166668,13.725416600354164,9.525833368666667,14.980485195697668,16.291882121157318
2024-12-31 18:00:00,15.423333246666667,15.57197977306836,15.733333350833334,10.820833365,13.42833328264583,14.545000080000001,17.741085920208885,21.979563165229997
2024-12-31 19:00:00,15.354166667500001,15.57197977306836,15.99333326,10.626666625,13.622083286604164,16.768333275833335,18.62835822977621,24.57187895783352
