forecast_made_at,actual,train_mean,persistence,seasonal_naive,moving_average,drift,ridge,gradient_boosting,lstm
2024-11-17 22:00:00,7.235833326916667,9.38527014443327,8.739999930166666,7.1383333605,9.526875019125008,6.515833218666666,8.871536549476494,7.692682456367624,10.38981939600256
2024-11-17 23:00:00,6.95833333325,9.38527014443327,8.288333256916667,6.729166706333333,9.011666655437509,6.227499802166667,9.034906927960476,7.201754316870271,11.352953629806187
2024-11-18 00:00:00,6.619999925166667,9.38527014443327,7.912499984083333,6.419999996916666,8.539374987270842,6.023333311416668,9.870071201606267,6.514921866616026,12.786934188270845
2024-11-18 01:00:00,6.35416666675,9.38527014443327,7.644166708,5.80416667475,8.146249969791675,6.071666638083334,10.123296383770448,5.722291838927569,14.40663765270661
2024-11-18 02:00:00,7.63666665525,9.38527014443327,7.235833326916667,5.469166676083333,7.770208318979174,5.731666723666667,10.266648430229296,5.932533263904895,15.647915429973546
2024-11-18 03:00:00,21.073333421666668,9.38527014443327,6.95833333325,24.957499980833333,7.437708338062508,5.628333409583332,10.290502125653067,13.214912766519,15.695975921030122
2024-11-18 04:00:00,17.96916675583333,9.38527014443327,6.619999925166667,21.67249997416667,7.114583323333342,5.32749986625,10.236300217733985,12.722680166611992,14.205956061253415
2024-11-18 05:00:00,15.992499908333334,9.38527014443327,6.35416666675,19.495833236666666,6.792083313020841,5.0641666255,10.12532532730181,12.273112729745945,11.682657994166412
2024-11-18 06:00:00,14.390000104166667,9.38527014443327,7.63666665525,18.394166788333333,6.892291645104175,8.037499983583334,10.498780477763964,10.415981125110727,9.352114222315212
2024-11-18 07:00:00,13.3624999525,9.38527014443327,21.073333421666668,17.275833289166666,10.421041667208343,35.18833351008334,14.217722017947366,12.992825083132768,11.532713817566679
2024-11-18 08:00:00,12.434166749166666,9.38527014443327,17.96916675583333,16.3675000675,13.258333374875008,29.318333586499996,13.074540570298065,12.648185020012203,11.625978787915681
2024-11-18 09:00:00,11.587500095000001,9.38527014443327,15.992499908333334,15.346666653333335,15.667916685270841,25.63083314991667,12.238595043238224,11.2432882768468,11.166999959451184
2024-11-18 10:00:00,10.679166715000001,9.38527014443327,14.390000104166667,14.386666615833335,17.35625004750001,21.143333553083334,11.434267082058042,11.168823049225011,10.598701735820105
2024-11-18 11:00:00,9.78749998425,9.38527014443327,13.3624999525,13.371666670000002,15.428541680208342,5.651666483333333,11.464364741128296,10.602693456135096,10.18291819902799
2024-11-18 12:00:00,9.11666655525,9.38527014443327,12.434166749166666,12.465833266666666,14.044791678541674,6.8991667425,10.66829935669559,9.762871501847606,9.86305061140399
2024-11-18 13:00:00,8.601666530000001,9.38527014443327,11.587500095000001,11.579166810833334,12.943541725208343,7.182500281666668,10.839984192275042,9.299517298412894,9.598222446932985
2024-11-18 14:00:00,8.246666669833333,9.38527014443327,10.679166715000001,10.964166641666667,12.015833377916676,6.968333325833335,10.060049367764284,8.302796028207037,9.328779541977555
2024-11-18 15:00:00,7.804166674666667,9.38527014443327,9.78749998425,10.349166711666667,11.122083385854175,6.212500015999998,9.379656905372006,8.268034102216516,9.040392737113445
2024-11-18 16:00:00,7.3850000302500005,9.38527014443327,9.11666655525,9.80166665675,10.292708337375009,5.799166361333333,8.568830130709873,7.617893250650654,8.77342272397351
2024-11-18 17:00:00,6.950000007916667,9.38527014443327,8.601666530000001,9.216666777916666,9.546249946125009,5.615832965000001,7.6050828888141115,6.9667620957821335,8.530018687178043
2024-11-18 18:00:00,6.817499995333333,9.38527014443327,8.246666669833333,8.739999930166666,8.938124934833342,5.814166624666665,7.0093711507879055,6.852154121209038,8.337110196828732
2024-11-18 19:00:00,6.645833373166667,9.38527014443327,7.804166674666667,8.288333256916667,8.44229160743751,5.820833365083335,7.644482897995326,6.787841152904855,8.249372467669785
2024-11-18 20:00:00,6.290833314333334,9.38527014443327,7.3850000302500005,7.912499984083333,8.009374976187509,5.653333505250002,7.360787252819992,6.972061024243709,8.373364050278607
2024-11-18 21:00:00,6.0283332665,9.38527014443327,6.950000007916667,7.644166708,7.596458345666676,5.298333485833332,7.310576321026524,6.547934475232301,8.830315753854478
2024-11-18 22:00:00,5.7758333285833325,9.38527014443327,6.817499995333333,7.235833326916667,7.239166677041676,5.388333320833333,7.870335420354701,6.451539798386951,9.7277744226479
2024-11-18 23:00:00,5.605000019166667,9.38527014443327,6.645833373166667,6.95833333325,6.949583351666676,5.487500071666667,8.345725836000401,6.662561368861815,11.080831171856023
2024-11-19 00:00:00,5.531666755833332,9.38527014443327,6.290833314333334,6.619999925166667,6.676041672687509,5.196666598416667,8.5716006135985,6.021516328465425,12.67488832827987
2024-11-19 01:00:00,5.340000033416666,9.38527014443327,6.0283332665,6.35416666675,6.445624987333342,5.106666525083333,9.037649709573774,5.85272069068048,13.959969769578578
2024-11-19 02:00:00,7.312499999333333,9.38527014443327,5.7758333285833325,7.63666665525,6.185208320645842,4.734166661833332,9.340218569774365,6.105543820803973,14.15611892645162
2024-11-19 03:00:00,23.91499996,9.38527014443327,5.605000019166667,21.073333421666668,5.924999982145842,4.564166665166667,9.395258343967033,13.457540044277263,12.950948870839328
2024-11-19 04:00:00,22.075833479166665,9.38527014443327,5.531666755833332,17.96916675583333,5.735208342520842,4.772500197333331,9.358162270051523,12.711863867288312,10.701934702566565
2024-11-19 05:00:00,20.48333343,9.38527014443327,5.340000033416666,15.992499908333334,5.5631250342500085,4.651666800333332,9.221266736368651,11.304495827027173,8.272273021175621
2024-11-19 06:00:00,19.4199999175,9.38527014443327,7.312499999333333,14.390000104166667,5.947291701937509,8.849166670083335,9.53903259095386,9.428726698129118,6.96968039260382
2024-11-19 07:00:00,18.538333258333335,9.38527014443327,23.91499996,13.3624999525,10.524791687145843,42.22499990083333,12.896858311513116,11.250604533980288,11.005443109756193
2024-11-19 08:00:00,17.57666667333333,9.38527014443327,22.075833479166665,12.434166749166666,14.660833367979174,38.620000202499995,13.552797127770157,12.409396658383319,12.764318993930654
2024-11-19 09:00:00,16.555833500000002,9.38527014443327,20.48333343,11.587500095000001,18.44666671712501,35.62666682658333,13.715385591012073,13.227267496041783,13.265961473357075
2024-11-19 10:00:00,15.637500128333334,9.38527014443327,19.4199999175,10.679166715000001,21.473541696666675,31.527499835666667,13.84012096624124,13.43939354661468,13.270945756274353
2024-11-19 11:00:00,14.718333245000002,9.38527014443327,18.538333258333335,9.78749998425,20.12937502125001,13.16166655666667,14.853417280981626,13.923126641359099,13.106243763128791
2024-11-19 12:00:00,14.0325000275,9.38527014443327,17.57666667333333,9.11666655525,19.004583319791674,13.077499867499998,13.78029426151317,12.436177687725817,12.843029436777755
2024-11-19 13:00:00,13.176666815833334,9.38527014443327,16.555833500000002,8.601666530000001,18.022708337291675,12.628333570000006,13.114236662890697,12.760771664886594,12.544029120732347
2024-11-19 14:00:00,12.417499939999999,9.38527014443327,15.637500128333334,8.246666669833333,17.07708339000001,11.855000339166669,12.393574103836304,11.471363909252094,12.24701955678094
2024-11-19 15:00:00,11.603333235000001,9.38527014443327,14.718333245000002,7.804166674666667,16.122083386666677,10.898333231666669,11.599246235981136,11.60878845489994,11.950911411755392
2024-11-19 16:00:00,10.836666584166666,9.38527014443327,14.0325000275,7.3850000302500005,15.236041725208342,10.488333381666667,10.950635052296583,11.117049680828993,11.697192021932793
2024-11-19 17:00:00,10.044166724666667,9.38527014443327,13.176666815833334,6.950000007916667,14.391250054166676,9.797500131666666,10.36600754556365,10.23648316015454,11.439509065190771
2024-11-19 18:00:00,9.465833346083334,9.38527014443327,12.417499939999999,6.817499995333333,13.586250007083342,9.197499751666664,10.182364674716796,9.45924221317556,11.192561563694802
2024-11-19 19:00:00,8.837500095333334,9.38527014443327,11.603333235000001,6.645833373166667,12.807500004583341,8.488333225,11.483335960231797,8.409746895591992,10.943431409802862
2024-11-19 20:00:00,8.187500039666666,9.38527014443327,10.836666584166666,6.290833314333334,12.008541643750007,7.640833140833333,11.047444742000321,9.266577551630254,10.71795453408045
2024-11-19 21:00:00,7.687500000083333,9.38527014443327,10.044166724666667,6.0283332665,11.225416620958342,6.911666633499999,10.815963381612937,8.369492219254797,10.5644410545719
2024-11-19 22:00:00,7.22083334125,9.38527014443327,9.465833346083334,5.7758333285833325,10.487499972479176,6.51416675216667,10.756942212643375,8.216060897447862,10.585990618563143
2024-11-19 23:00:00,6.954166650833333,9.38527014443327,8.837500095333334,5.605000019166667,9.79604168756251,6.071666955666668,10.714127970688285,7.394586399128395,10.968241641795899
2024-11-20 00:00:00,6.641666611083333,9.38527014443327,8.187500039666666,5.531666755833332,9.13375005143751,5.5383334951666665,10.514643456062842,7.067483034368523,11.990858563042135
2024-11-20 01:00:00,6.457499980750001,9.38527014443327,7.687500000083333,5.340000033416666,8.544583370291676,5.3308332755,10.394517812705194,6.672436691875603,13.832311367957939
2024-11-20 02:00:00,7.541666587000001,9.38527014443327,7.22083334125,7.312499999333333,7.983333369083342,4.975833336416665,10.379756542664865,6.747709174184556,16.106471736111455
2024-11-20 03:00:00,16.030833164166665,9.38527014443327,6.954166650833333,23.91499996,7.512500007958342,5.070833206333331,10.50830125186236,14.498890071886656,17.759609699746118
2024-11-20 04:00:00,13.292499939999999,9.38527014443327,6.641666611083333,22.075833479166665,7.126041650812509,5.0958331825,10.611048857565557,12.478813821602834,17.36951909362831
2024-11-20 05:00:00,11.516666650833335,9.38527014443327,6.457499980750001,20.48333343,6.818541645979176,5.227499961416668,10.71704452348977,11.295913082376497,14.663275550014845
2024-11-20 06:00:00,10.62500008,9.38527014443327,7.541666587000001,19.4199999175,6.898749957416676,7.862499832750002,10.666203168850414,10.212360972504104,11.324224104628083
2024-11-20 07:00:00,9.675833384166667,9.38527014443327,16.030833164166665,18.538333258333335,9.16791658575001,25.107499677499998,9.113099639682375,8.926501501812332,11.033143946817074
2024-11-20 08:00:00,8.715833346083334,9.38527014443327,13.292499939999999,17.57666667333333,10.830624917979176,19.943333268916664,9.533033942826963,8.399312543436006,9.923699755151679
2024-11-20 09:00:00,7.90916661425,9.38527014443327,11.516666650833335,16.555833500000002,12.09541658550001,16.57583332091667,9.26591417107793,7.450596464967369,8.84163185699122
2024-11-20 10:00:00,7.219999988833333,9.38527014443327,10.62500008,15.637500128333334,12.866249958750009,13.708333572999997,9.582501453837024,8.327086326894772,8.237364961126824
2024-11-20 11:00:00,6.7025001049999995,9.38527014443327,9.675833384166667,14.718333245000002,11.277500013750009,3.320833604166669,10.47299670933734,9.703414058528878,7.866629664323419
2024-11-20 12:00:00,6.201666672999999,9.38527014443327,8.715833346083334,14.0325000275,10.133333365270843,4.13916675216667,9.328356114173122,10.919408725040194,7.5701731661532765
2024-11-20 13:00:00,5.8991666635,9.38527014443327,7.90916661425,13.176666815833334,9.231458356125009,4.301666577666666,7.631359431437012,10.822395747811319,7.262925692620043
2024-11-20 14:00:00,5.618333339666667,9.38527014443327,7.219999988833333,12.417499939999999,8.380208333333343,3.8149998976666666,6.623064591816306,11.279279146862795,6.9159950018949115
2024-11-20 15:00:00,5.501666704833333,9.38527014443327,6.7025001049999995,11.603333235000001,7.636875013541676,3.7291668258333317,5.569832308396959,7.6297644257473145,6.574124329221069
2024-11-20 16:00:00,5.398333350750001,9.38527014443327,6.201666672999999,10.836666584166666,7.008333345270842,3.687499999916664,4.717659513730775,7.0881416754765265,6.242180653473639
2024-11-20 17:00:00,5.144166668333333,9.38527014443327,5.8991666635,10.044166724666667,6.505833357583342,3.88916671275,4.505224067191575,6.7208738964720665,5.958837295151525
2024-11-20 18:00:00,5.0191667080833335,9.38527014443327,5.618333339666667,9.465833346083334,6.105416695291676,4.016666690500001,4.566091103292667,6.249291806052824,5.733888002900249
2024-11-20 19:00:00,4.935833334833333,9.38527014443327,5.501666704833333,8.837500095333334,5.8052083452500085,4.300833304666667,5.879521071798643,5.436524135327265,5.6085483491419605
2024-11-20 20:00:00,4.751666665166667,9.38527014443327,5.398333350750001,8.187500039666666,5.604375014687509,4.595000028500002,5.83484477683892,6.283914730498662,5.61064473181761
2024-11-20 21:00:00,4.527499953916666,9.38527014443327,5.144166668333333,7.687500000083333,5.415625015895843,4.389166673166666,6.048053245324867,6.061264881478641,5.755789123119763
2024-11-20 22:00:00,4.299999992166667,9.38527014443327,5.0191667080833335,7.22083334125,5.265833358000009,4.4200000765,6.4625731686115095,5.969948727388056,6.138812160697897
2024-11-20 23:00:00,4.156666636333333,9.38527014443327,4.935833334833333,6.954166650833333,5.124375015500009,4.369999964833333,6.622043137812288,5.543751181641497,6.836578741765056
2024-11-21 00:00:00,4.055833379666667,9.38527014443327,4.751666665166667,6.641666611083333,4.9627083441041755,4.104999979583333,6.742322844870896,5.19601743294883,7.902812836393525
2024-11-21 01:00:00,3.9933333596666665,9.38527014443327,4.527499953916666,6.457499980750001,4.808541665500009,3.9108332394999996,7.069504778006846,6.593531116338967,9.24579506887708
2024-11-21 02:00:00,5.525833368250001,9.38527014443327,4.299999992166667,7.541666587000001,4.628749986520843,3.58083327625,7.3243405932695556,6.259930863976751,10.38733579610039
2024-11-21 03:00:00,11.0908332675,9.38527014443327,4.156666636333333,16.030833164166665,4.433958311895842,3.377499937833333,7.44296689476335,13.773552660619844,10.608590011023868
2024-11-21 04:00:00,9.506666659916666,9.38527014443327,4.055833379666667,13.292499939999999,4.259999990520843,3.360000094166667,7.58758581847459,12.564631367137572,9.75592233901021
2024-11-21 05:00:00,8.43416666975,9.38527014443327,3.9933333596666665,11.516666650833335,4.126458341958342,3.4591667654166667,7.480718272968922,10.61577616762906,8.418048491141441
2024-11-21 06:00:00,7.839999993666667,9.38527014443327,5.525833368250001,10.62500008,4.432916685979176,6.751666744333335,7.455943568827085,9.937173032428515,7.659143014832646
2024-11-21 07:00:00,7.3508333764166665,9.38527014443327,11.0908332675,9.675833384166667,6.1664583437708425,18.024999898666668,7.207053870765813,9.57992869665269,8.715421071242712
2024-11-21 08:00:00,6.798333287166667,9.38527014443327,9.506666659916666,8.715833346083334,7.529166663833342,14.957499940166667,7.748377826398741,8.004387911201999,8.755139807073588
2024-11-21 09:00:00,6.251666704833333,9.38527014443327,8.43416666975,7.90916661425,8.639374991354176,12.874999979833335,7.562707336768945,7.060621620220728,8.401706856487648
2024-11-21 10:00:00,5.89416658875,9.38527014443327,7.839999993666667,7.219999988833333,9.217916647708343,10.154166619083334,7.531050095493524,7.040404123806844,7.951829839415176
2024-11-21 11:00:00,5.5883333684166665,9.38527014443327,7.3508333764166665,6.7025001049999995,8.282916674937509,3.610833485333332,8.197492540707685,6.8934287451673395,7.524443523497379
2024-11-21 12:00:00,5.414166649166667,9.38527014443327,6.798333287166667,6.201666672999999,7.605833331750008,4.089999914416667,7.611255731338283,6.518922352199064,7.112336201429196
2024-11-21 13:00:00,5.296666661833334,9.38527014443327,6.251666704833333,5.8991666635,7.060208340520842,4.069166739916666,6.530764100211168,6.114204414296156,6.712038862410665
2024-11-21 14:00:00,5.207500100083333,9.38527014443327,5.89416658875,5.618333339666667,6.5737499892916755,3.9483331838333333,5.851484541496182,6.513473248425572,6.3667746293523235
2024-11-21 15:00:00,5.05249989025,9.38527014443327,5.5883333684166665,5.501666704833333,6.1331249872916755,3.8258333604166666,5.039078967057456,6.037742168431286,6.0795704875069445
2024-11-21 16:00:00,4.889166633416667,9.38527014443327,5.414166649166667,5.398333350750001,5.787083327791676,4.030000011166667,4.380020229276349,5.973549378699504,5.865429680809518
2024-11-21 17:00:00,4.763333320666667,9.38527014443327,5.296666661833334,5.144166668333333,5.548333317041676,4.341666618833335,4.182800224736847,5.878275381417338,5.718665240964047
2024-11-21 18:00:00,4.585000038083334,9.38527014443327,5.207500100083333,5.0191667080833335,5.376666694875009,4.520833611416666,4.413494446420393,6.243786520576362,5.631889291063329
2024-11-21 19:00:00,4.356666684166666,9.38527014443327,5.05249989025,4.935833334833333,5.242708325333343,4.5166664120833335,5.258800571224246,6.265179560968921,5.5909040559472505
2024-11-21 20:00:00,4.259166717583334,9.38527014443327,4.889166633416667,4.751666665166667,5.111458321395842,4.364166617666667,5.272567908901555,6.911888264087852,5.606208816825539
2024-11-21 21:00:00,4.160000006333333,9.38527014443327,4.763333320666667,4.527499953916666,4.978124986104175,4.2299999795,5.565753087064529,6.781047259371592,5.700270144955852
2024-11-21 22:00:00,3.9916667343333336,9.38527014443327,4.585000038083334,4.299999992166667,4.822499970604175,3.9624999760833344,6.00443464201469,6.62956172928008,5.8778120905017595
2024-11-21 23:00:00,3.8725000221666668,9.38527014443327,4.356666684166666,4.156666636333333,4.648541669083342,3.6608334780833323,6.355115921245521,7.444852293126782,6.16558168338528
2024-11-22 00:00:00,3.74666666975,9.38527014443327,4.259166717583334,4.055833379666667,4.491041690125009,3.6291668017500003,6.688940497148845,7.679690674004197,6.604891585053744
2024-11-22 01:00:00,3.751666665,9.38527014443327,4.160000006333333,3.9933333596666665,4.340208361541675,3.5566666919999994,7.168577637928536,7.642724138902328,7.174783236043815
2024-11-22 02:00:00,3.60833334925,9.38527014443327,3.9916667343333336,5.525833368250001,4.191875035604175,3.3983334305833335,7.638174482682422,7.184350455174653,7.796927431645389
2024-11-22 03:00:00,16.4158333925,9.38527014443327,3.8725000221666668,11.0908332675,4.070833370104176,3.3883333601666674,7.950183757428439,15.787150867245535,8.349878257795478
2024-11-22 04:00:00,17.9924998275,9.38527014443327,3.74666666975,9.506666659916666,3.9427083581458424,3.2341666219166667,8.160656961232103,14.36761108723447,8.675590369842478
2024-11-22 05:00:00,16.68083318,9.38527014443327,3.751666665,8.43416666975,3.840625022812509,3.343333323666667,8.218445036065221,12.689437641429983,8.696903830977034
2024-11-22 06:00:00,16.0458337475,9.38527014443327,3.60833334925,7.839999993666667,3.7447916765416753,3.2249999641666665,7.871638564215086,12.286569503415304,8.471822286959789
2024-11-22 07:00:00,15.442500194166668,9.38527014443327,16.4158333925,7.3508333764166665,6.880625019125009,28.959166762833334,8.761961478646644,11.438184328532095,10.430270000863416
2024-11-22 08:00:00,14.880000035,9.38527014443327,17.9924998275,6.798333287166667,10.442083308562509,32.238332985250004,10.78380479767669,11.81198608689493,11.876938970280762
2024-11-22 09:00:00,15.6074999975,9.38527014443327,16.68083318,6.251666704833333,13.674374937312509,29.609999695,12.06473860022026,12.613575799089547,12.129882929135395
2024-11-22 10:00:00,21.990833282500002,9.38527014443327,16.0458337475,5.89416658875,16.78375003687501,28.483334145750003,12.678517302269356,11.85961338966245,11.967784117682548
2024-11-22 11:00:00,19.161666710833334,9.38527014443327,15.442500194166668,5.5883333684166665,16.540416737291675,14.469166995833334,14.46787685739099,12.15161442894657,11.670415238922413
2024-11-22 12:00:00,14.323333263333334,9.38527014443327,14.880000035,5.414166649166667,15.762291789166676,11.767500242499999,13.956564764960092,11.717238604369362,11.310364005666981
2024-11-22 13:00:00,12.924166758333334,9.38527014443327,15.6074999975,5.296666661833334,15.493958493541676,14.534166814999999,11.174611428500043,11.97240799644611,11.116039325255375
2024-11-22 14:00:00,12.384166716666668,9.38527014443327,21.990833282500002,5.207500100083333,16.980208377291678,27.935832817500003,12.307689297266418,14.674446784910712,12.79403051338396
2024-11-22 15:00:00,11.938333431666665,9.38527014443327,19.161666710833334,5.05249989025,17.910000006458343,22.8808332275,11.301514536548007,13.647402082397738,12.649936448808749
2024-11-22 16:00:00,11.480833371666668,9.38527014443327,14.323333263333334,4.889166633416667,17.770833313541676,13.766666491666667,9.225913639136037,11.447855210106288,11.348165945046935
2024-11-22 17:00:00,10.988333383333334,9.38527014443327,12.924166758333334,4.763333320666667,17.10000000375001,10.240833519166667,9.92385683198583,11.167890202783246,10.497604798807233
2024-11-22 18:00:00,10.591666698333333,9.38527014443327,12.384166716666668,4.585000038083334,14.698333362291676,2.7775001508333332,10.756252414395746,10.25771162180149,9.954756391799506
2024-11-22 19:00:00,10.161666552666667,9.38527014443327,11.938333431666665,4.356666684166666,12.892500042500009,4.7150001524999965,11.955553243427893,10.217304735957736,9.57155414168974
2024-11-22 20:00:00,9.7841667335,9.38527014443327,11.480833371666668,4.259166717583334,12.181875069583343,8.638333480000002,11.492445874036864,9.082230092411924,9.318349803273398
2024-11-22 21:00:00,9.455833435,9.38527014443327,10.988333383333334,4.160000006333333,11.697916725833343,9.052500008333334,10.71591787100502,8.779308278283834,9.162439923367009
2024-11-22 22:00:00,9.201666752500001,9.38527014443327,10.591666698333333,3.9916667343333336,11.24979172125001,8.799166679999997,10.21093136002123,8.71734000256208,9.067112718773318
2024-11-22 23:00:00,8.904166619083334,9.38527014443327,10.161666552666667,3.8725000221666668,10.805625001500008,8.384999673666668,10.293328402106845,8.471082164314089,9.01484978193478
2024-11-23 00:00:00,8.660833517666667,9.38527014443327,9.7841667335,3.74666666975,10.381458341958341,8.087500095333331,10.516140671529621,7.128638024449418,9.028630017342913
2024-11-23 01:00:00,8.718333403333334,9.38527014443327,9.455833435,3.751666665,9.998333354875008,7.923333486666667,11.24842044090383,8.107466418106803,9.213478356906307
2024-11-23 02:00:00,12.221666734166666,9.38527014443327,9.201666752500001,3.60833334925,9.650833368416675,7.81166680666667,12.359259917376033,10.051084277749593,9.844621847427387
2024-11-23 03:00:00,17.373333771666665,9.38527014443327,8.904166619083334,16.4158333925,9.336458385020842,7.646666685500001,12.396455466899322,17.083293949201984,11.458482282212534
2024-11-23 04:00:00,15.577499946666668,9.38527014443327,8.660833517666667,17.9924998275,9.055625081062509,7.537500301833335,12.154975479413043,14.385747675830995,14.218342457005342
2024-11-23 05:00:00,14.759999911666666,9.38527014443327,8.718333403333334,16.68083318,8.871250073145843,7.980833371666668,12.024971841136814,13.261878947220849,16.70192869268628
2024-11-23 06:00:00,13.949166615833333,9.38527014443327,12.221666734166666,16.0458337475,9.62625006856251,15.24166671583333,12.52132341481136,13.150858516295354,16.353534548619734
2024-11-23 07:00:00,13.067500035,9.38527014443327,17.373333771666665,15.442500194166668,11.743541856708342,25.842500924249997,10.870072488789496,13.488386853720892,15.839945563599459
2024-11-23 08:00:00,12.477500121666667,9.38527014443327,15.577499946666668,14.880000035,13.472708463958343,22.49416637566667,12.01717420057258,11.613291614395585,14.883012215072615
2024-11-23 09:00:00,11.857499995833335,9.38527014443327,14.759999911666666,15.6074999975,14.983125091041675,20.801666419999997,12.85886702443419,12.017725867441198,13.481327708689026
2024-11-23 10:00:00,11.305833181666666,9.38527014443327,13.949166615833333,21.990833282500002,15.415000061458342,15.6766664975,13.086534602215348,11.7352687186653,12.050765908200447
2024-11-23 11:00:00,10.935833295,9.38527014443327,13.067500035,19.161666710833334,14.338541627291676,8.761666298333335,13.152119281506682,10.314079759216812,10.769879082923604
2024-11-23 12:00:00,10.699166695,9.38527014443327,12.477500121666667,14.323333263333334,13.563541671041675,9.377500296666666,11.687736086815066,9.907747268967004,9.892843667131741
2024-11-23 13:00:00,10.451666594166666,9.38527014443327,11.857499995833335,12.924166758333334,12.837916692083343,8.955000080000003,8.953096082783825,10.125737775531764,9.440943488986692
2024-11-23 14:00:00,10.334166685833333,9.38527014443327,11.305833181666666,12.384166716666668,12.177083333541676,8.662499747499998,7.543880653265954,10.242537090371725,9.481752701308633
2024-11-23 15:00:00,10.296666700833333,9.38527014443327,10.935833295,11.938333431666665,11.644166648541676,8.804166555,7.289076723890371,9.50155339623784,9.503197488873875
2024-11-23 16:00:00,10.20083348,9.38527014443327,10.699166695,11.480833371666668,11.19958329187501,8.920833268333334,7.394492602051069,9.255350268605996,9.394301752127623
2024-11-23 17:00:00,10.045000075833334,9.38527014443327,10.451666594166666,10.988333383333334,10.848124941458341,9.045833192499996,7.450852082360193,9.233226570537314,9.202727242140064
2024-11-23 18:00:00,9.893333355416667,9.38527014443327,10.334166685833333,10.591666698333333,10.60520831750001,9.36250019,8.017244047239124,8.969721817839954,9.028476482865411
2024-11-23 19:00:00,9.807499885583333,9.38527014443327,10.296666700833333,10.161666552666667,10.445416668958341,9.657500106666665,9.27590051819985,10.636834092504415,8.919228196156423
2024-11-23 20:00:00,9.641666650833333,9.38527014443327,10.20083348,9.7841667335,10.32083336520834,9.702500265,8.939312695456778,8.936586614751214,8.895564169861673
2024-11-23 21:00:00,9.591666619,9.38527014443327,10.045000075833334,9.455833435,10.21916673562501,9.638333557500003,8.930500186411335,8.441463765708546,8.970765954850878
2024-11-23 22:00:00,9.40500005075,9.38527014443327,9.893333355416667,9.201666752500001,10.108958403020843,9.452500025,9.130437616862217,8.485922583341026,9.18486193617176
2024-11-23 23:00:00,9.248333295166667,9.38527014443327,9.807499885583333,8.904166619083334,9.986666699208342,9.318333070333333,9.630608179125762,7.698606289918363,9.620567158651706
2024-11-24 00:00:00,9.21749997125,9.38527014443327,9.641666650833333,8.660833517666667,9.846874991916675,9.082499821666666,9.98307939731594,7.720837143587015,10.3547311091123
2024-11-24 01:00:00,9.119166612833334,9.38527014443327,9.591666619,8.718333403333334,9.733541627708341,9.138333162166665,10.405690580660503,7.921762112032199,11.44878263304743
2024-11-24 02:00:00,8.964999914,9.38527014443327,9.40500005075,12.221666734166666,9.611458301541674,8.916666746083331,10.682491620144013,7.846008667138266,12.770290396057016
2024-11-24 03:00:00,16.158333301583333,9.38527014443327,9.248333295166667,17.373333771666665,9.471666653937508,8.68916670475,10.860333717562098,13.11441837977305,13.755920242410287
2024-11-24 04:00:00,13.9691665975,9.38527014443327,9.21749997125,15.577499946666668,9.365624984041675,8.793333291666666,11.0291687430616,12.988844030085648,13.485328573738357
2024-11-24 05:00:00,12.6649998825,9.38527014443327,9.119166612833334,14.759999911666666,9.247499982500008,8.646666606666669,11.10648118101166,12.042919891743251,11.808707878344965
2024-11-24 06:00:00,11.969166676666667,9.38527014443327,8.964999914,13.949166615833333,9.13749994831251,8.52499977725,10.733807862386614,12.042288239786888,10.576270825560702
2024-11-24 07:00:00,11.490000009166666,9.38527014443327,16.158333301583333,13.067500035,10.864999949916676,23.068333308,10.135806896798345,11.412727903280183,11.40240582512985
2024-11-24 08:00:00,10.9658332675,9.38527014443327,13.9691665975,12.477500121666667,12.052916606479176,18.72083322375,9.794633582244465,10.628861341074705,10.986386754918147
2024-11-24 09:00:00,10.53249987,9.38527014443327,12.6649998825,11.857499995833335,12.939374923895842,16.210833152166664,9.892572122506335,10.239747743176842,10.324210206004071
2024-11-24 10:00:00,10.119999964749999,9.38527014443327,11.969166676666667,11.305833181666666,13.690416614562508,14.973333439333334,10.165292080592891,10.090245466383413,9.736444885438322
2024-11-24 11:00:00,9.88999994575,9.38527014443327,11.490000009166666,10.935833295,12.523333291458343,6.8216667167499985,11.038473053368545,9.336560136729974,9.231525313308818
2024-11-24 12:00:00,9.635833422333333,9.38527014443327,10.9658332675,10.699166695,11.772499958958342,7.962499937500002,10.43907827586483,8.499526569383981,8.784854173712382
2024-11-24 13:00:00,9.414166609416666,9.38527014443327,10.53249987,10.451666594166666,11.239374955833343,8.399999857500001,9.436787216459608,9.092853017311734,8.418039237788602
2024-11-24 14:00:00,9.236666599833333,9.38527014443327,10.119999964749999,10.334166685833333,10.777083277854176,8.27083325283333,8.345853894186963,9.485631281689376,8.10482619885926
2024-11-24 15:00:00,9.206666628416666,9.38527014443327,9.88999994575,10.296666700833333,10.37708326200001,8.289999882333335,7.602124619972975,9.47845796501295,7.872557219793246
2024-11-24 16:00:00,9.058333476583334,9.38527014443327,9.635833422333333,10.20083348,10.044583300708341,8.305833577166664,7.077514312886166,9.701946438335145,7.6849022137492105
2024-11-24 17:00:00,8.989999850583333,9.38527014443327,9.414166609416666,10.045000075833334,9.764999985562508,8.295833348833332,6.860818155725541,8.79116552854044,7.542961902637254
2024-11-24 18:00:00,8.862500031833333,9.38527014443327,9.236666599833333,9.893333355416667,9.544166644333341,8.353333234916667,6.80475047392451,8.805922035143121,7.440545508689079
2024-11-24 19:00:00,8.775833209333333,9.38527014443327,9.206666628416666,9.807499885583333,9.373333315000009,8.523333311083332,7.819728161921544,8.579828919389154,7.3960468466794085
2024-11-24 20:00:00,8.64666660625,9.38527014443327,9.058333476583334,9.641666650833333,9.22895832856251,8.480833530833335,7.856491323486203,8.51245633533588,7.390900701267074
2024-11-24 21:00:00,8.530000209999999,9.38527014443327,8.989999850583333,9.591666619,9.122916638854175,8.56583309175,8.087446054474404,8.957700631417525,7.449634578926039
2024-11-24 22:00:00,8.46250009525,9.38527014443327,8.862500031833333,9.40500005075,9.029374996854175,8.488333463833333,8.462280372149085,9.050212111831916,7.596787090153679
2024-11-24 23:00:00,8.383333365,9.38527014443327,8.775833209333333,9.248333295166667,8.921666642083343,8.34499979025,8.900191807329431,8.561207875755807,7.877143608538417
2024-11-25 00:00:00,8.259166558666667,9.38527014443327,8.64666660625,9.21749997125,8.818749924500008,8.234999735916665,9.847112753084236,8.685110300338264,8.324551403995438
2024-11-25 01:00:00,8.130833228416668,9.38527014443327,8.530000209999999,9.119166612833334,8.703750014354176,8.070000569416665,10.098542951688366,8.618124505614617,8.966181345596636
2024-11-25 02:00:00,9.398333310833333,9.38527014443327,8.46250009525,8.964999914,8.603750030208342,8.062500158666667,10.302297557171583,7.892601855089741,9.779004756489167
2024-11-25 03:00:00,16.85666656333333,9.38527014443327,8.383333365,16.158333301583333,8.505625069125008,7.990833520666667,10.487546343571918,14.0551686307149,10.554604740503315
2024-11-25 04:00:00,14.3133333525,9.38527014443327,8.259166558666667,13.9691665975,8.408750057229176,7.871666511083335,10.623632776031858,12.325494896189563,10.8883257006127
2024-11-25 05:00:00,13.027499993333334,9.38527014443327,8.130833228416668,12.6649998825,8.308958311833344,7.731666246833337,10.704170642382977,11.043629503048493,10.459114979413105
2024-11-25 06:00:00,12.124166727499999,9.38527014443327,9.398333310833333,11.969166676666667,8.542916615729176,10.334166526416666,11.004844797307578,10.407826546695215,9.621639871374557
2024-11-25 07:00:00,11.467500129166666,9.38527014443327,16.85666656333333,11.490000009166666,10.66124991531251,25.329999761666663,10.478539909368504,11.84685889593438,10.473383649491897
2024-11-25 08:00:00,10.915833394166667,9.38527014443327,14.3133333525,10.9658332675,12.174791613770843,20.367500146333334,11.017946902151884,10.488005607108413,10.389731204432033
2024-11-25 09:00:00,10.424999873333332,9.38527014443327,13.027499993333334,10.53249987,13.39895830500001,17.924166758250003,11.437022338747331,10.353169731806949,10.040022586004792
2024-11-25 10:00:00,10.061666726916666,9.38527014443327,12.124166727499999,10.119999964749999,14.080416659166675,14.850000144166664,11.429410598038068,9.830721304182754,9.583034776557938
2024-11-25 11:00:00,9.88000011425,9.38527014443327,11.467500129166666,9.88999994575,12.73312505062501,6.078333695000001,11.846687208734366,9.92692710624597,9.121886748648906
2024-11-25 12:00:00,9.502499898083334,9.38527014443327,10.915833394166667,9.635833422333333,11.883750061041676,7.518333435833332,10.66316109379287,8.5350952979006,8.697655915023988
2024-11-25 13:00:00,9.190833489000001,9.38527014443327,10.424999873333332,9.414166609416666,11.233125031041677,7.8224997533333305,8.935582466578532,8.383779007842909,8.31880542778018
2024-11-25 14:00:00,8.890833377833333,9.38527014443327,10.061666726916666,9.236666599833333,10.717500030895842,7.999166726333334,8.43367017673342,8.43989168673396,8.001274916775117
2024-11-25 15:00:00,8.79727268209091,9.38527014443327,9.88000011425,9.206666628416666,10.320625027166676,8.292500099333335,8.229302886197019,8.249511486029412,7.770552813585348
2024-11-25 16:00:00,8.568333307916665,9.38527014443327,9.502499898083334,9.058333476583334,9.967291653145843,8.089166402000002,7.982348790353875,7.996541468046912,7.5518483956266635
2024-11-25 17:00:00,8.475000063583334,9.38527014443327,9.190833489000001,8.989999850583333,9.658750057062509,7.9566671046666695,7.770428786674849,7.937301580425994,7.35645659009373
2024-11-25 18:00:00,8.19833342225,9.38527014443327,8.890833377833333,8.862500031833333,9.366041719791678,7.72000002875,7.766139618259563,8.540096378009638,7.178288121380939
2024-11-25 19:00:00,8.022500117583332,9.38527014443327,8.79727268209091,8.775833209333333,9.095359861751904,7.714545249931819,9.10168642389334,8.040345713001786,7.052948182904101
2024-11-25 20:00:00,7.946666637916667,9.38527014443327,8.568333307916665,8.64666660625,8.861818214210237,7.634166717749997,8.791045068069092,7.681129990239164,6.955757370843408
2024-11-25 21:00:00,7.8091667097499995,9.38527014443327,8.475000063583334,8.530000209999999,8.68285985785607,7.759166638166667,8.775561355701932,7.993791164230439,6.9167788320600705
2024-11-25 22:00:00,7.8149999775,9.38527014443327,8.19833342225,8.46250009525,8.509734868960237,7.505833466666667,8.812229828474994,7.5791966255693035,6.934401201926514
2024-11-25 23:00:00,7.904166738333334,9.38527014443327,8.022500117583332,8.383333365,8.316041727833342,7.247727553075755,9.080155473049988,8.006010596997061,7.095621656655963
2024-11-26 00:00:00,7.717500011083334,9.38527014443327,7.946666637916667,8.259166558666667,8.160625060333343,7.324999967916668,9.438821104623381,7.819525323553688,7.521645309598659
2024-11-26 01:00:00,7.505833307916667,9.38527014443327,7.8091667097499995,8.130833228416668,7.994166721875009,7.143333355916665,9.897530118592051,7.876739300874592,8.342934185926392
2024-11-26 02:00:00,9.454166730833334,9.38527014443327,7.8149999775,9.398333310833333,7.898333360687509,7.43166653275,10.35202359326146,7.916953260047139,9.678592941279524
2024-11-26 03:00:00,16.051666578333336,9.38527014443327,7.904166738333334,16.85666656333333,7.86875001587501,7.785833359083336,10.868901235164335,14.794328795980821,11.428085872289818
2024-11-26 04:00:00,13.814545371818182,9.38527014443327,7.717500011083334,14.3133333525,7.811458359166677,7.488333384250001,10.887328437772574,13.561061050530633,12.741366692828553
2024-11-26 05:00:00,12.810833453333332,9.38527014443327,7.505833307916667,13.027499993333334,7.735625008708343,7.202499906083335,11.018772355212075,13.965058856973991,12.303978356646706
2024-11-26 06:00:00,12.202500104166667,9.38527014443327,9.454166730833334,12.124166727499999,8.145416697041677,11.093333484166667,11.483533441945006,13.535549242158883,10.897900785412656
2024-11-26 07:00:00,11.508333285833332,9.38527014443327,16.051666578333336,11.467500129166666,10.182291657041677,24.199166418333338,11.030221144119201,12.027773098693215,11.86790456600519
2024-11-26 08:00:00,10.998333215,9.38527014443327,13.814545371818182,10.915833394166667,11.70655299722539,19.91159073255303,11.500342607610401,10.675212714789927,11.547109187399737
2024-11-26 09:00:00,10.560833375833333,9.38527014443327,12.810833453333332,10.424999873333332,13.032803033579556,18.115833598749997,11.85100334705594,10.24487926563244,11.083843209384977
2024-11-26 10:00:00,10.240833284166667,9.38527014443327,12.202500104166667,10.061666726916666,13.71988637691289,14.9508334775,12.295788244081951,10.071231519029388,10.747788340150514
2024-11-26 11:00:00,9.9658333445,9.38527014443327,11.508333285833332,9.88000011425,12.584053053787887,6.964999993333329,12.53112721542415,10.034720753784196,10.37031553478526
2024-11-26 12:00:00,9.69000005725,9.38527014443327,10.998333215,9.502499898083334,11.880000014583343,8.182121058181819,11.385474556732593,8.721437052414801,10.021944666460087
2024-11-26 13:00:00,9.476666529916667,9.38527014443327,10.560833375833333,9.190833489000001,11.317499995208342,8.310833298333334,9.709802353436348,8.679948041108885,9.705841841028732
2024-11-26 14:00:00,9.135833263416666,9.38527014443327,10.240833284166667,8.890833377833333,10.827083290208343,8.279166464166668,8.905739098235117,9.172878252432927,9.44624722611585
2024-11-26 15:00:00,8.9658334255,9.38527014443327,9.9658333445,8.79727268209091,10.44145830487501,8.423333403166668,8.286580539825907,9.297489672207101,9.23009043859175
2024-11-26 16:00:00,8.7290000916,9.38527014443327,9.69000005725,8.568333307916665,10.11437501543751,8.381666899499999,7.935449277286755,9.383685621416502,9.04650062619419
2024-11-26 17:00:00,8.482727224181817,9.38527014443327,9.476666529916667,8.475000063583334,9.843333303958342,8.392499684,7.804491332023359,8.856964961589618,8.90675976587259
2024-11-26 18:00:00,8.237499952333334,9.38527014443327,9.135833263416666,8.19833342225,9.567083298770843,8.030833242666665,7.916346178859009,8.530818553179424,8.756742131887234
2024-11-26 19:00:00,7.966666579083333,9.38527014443327,8.9658334255,8.022500117583332,9.317083319020842,7.965833506499999,8.832932192910983,8.906758768684126,8.639744019815735
2024-11-26 20:00:00,7.855000019333333,9.38527014443327,8.7290000916,7.946666637916667,9.076833327608343,7.76800012595,8.530073048881421,8.483062973399562,8.541998148943936
2024-11-26 21:00:00,7.76500006525,9.38527014443327,8.482727224181817,7.8091667097499995,8.82834850117463,7.488787918446967,8.495614263988669,8.49249845683024,8.438477260564888
2024-11-26 22:00:00,7.601666649166667,9.38527014443327,8.237499952333334,7.8149999775,8.603765173403797,7.339166641250001,8.659427820144966,8.263698993311225,8.352677041131296
2024-11-26 23:00:00,7.4424999555,9.38527014443327,7.966666579083333,7.904166738333334,8.353973461799631,6.967499732666667,8.782675279917818,8.240210970621414,8.264976111844796
2024-11-27 00:00:00,7.2883333764166665,9.38527014443327,7.855000019333333,7.717500011083334,8.135473443732964,6.980999947066666,8.908182563781505,8.535700190309313,8.215672753142576
2024-11-27 01:00:00,7.190999936900001,9.38527014443327,7.76500006525,7.505833307916667,7.9560416540000105,7.047272906318183,9.196813179689677,8.442472335395045,8.196381220783127
2024-11-27 02:00:00,8.47666664925,9.38527014443327,7.601666649166667,9.454166730833334,7.797083328208343,6.965833346,9.416767870601264,8.555226133430336,8.169938056732436
2024-11-27 03:00:00,13.9808332925,9.38527014443327,7.4424999555,16.051666578333336,7.6660416723125095,6.918333331916666,9.607627697638057,16.50362343391352,8.129448231891466
2024-11-27 04:00:00,12.510000069166667,9.38527014443327,7.2883333764166665,13.814545371818182,7.524375011583343,6.7216667335,9.642177346116203,15.104465794720413,8.075063857144976
2024-11-27 05:00:00,11.775833367499999,9.38527014443327,7.190999936900001,12.810833453333332,7.380874979495844,6.616999808550002,9.673601555512004,13.548436734600145,8.005832548946849
2024-11-27 06:00:00,11.226666688333333,9.38527014443327,8.47666664925,12.202500104166667,7.599624979516676,9.351666649333332,9.638168362856703,12.213316501502,8.12743626826557
2024-11-27 07:00:00,10.691666761666667,9.38527014443327,13.9808332925,11.508333285833332,9.234208313766677,20.5191666295,9.326265930026018,11.836252114881258,9.11759860258372
2024-11-27 08:00:00,10.301666579166666,9.38527014443327,12.510000069166667,10.998333215,10.539624986954177,17.731666761916667,9.81389136297607,11.641175574166517,9.376688172946377
2024-11-27 09:00:00,9.907500108416667,9.38527014443327,11.775833367499999,10.560833375833333,11.685833344604177,16.3606667981,10.304713687045298,11.280950080438139,9.394083195051513
2024-11-27 10:00:00,9.467499891916667,9.38527014443327,11.226666688333333,10.240833284166667,12.373333354375008,13.976666727416667,10.654505006875512,12.065828811878637,9.285054927381653
2024-11-27 11:00:00,9.113636363636363,9.38527014443327,10.691666761666667,9.9658333445,11.551041721666676,7.4025002308333345,10.889265586077434,10.452780481413635,9.074941375584059
2024-11-27 12:00:00,8.794999997,9.38527014443327,10.301666579166666,9.69000005725,10.998958349166674,8.093333089166665,9.972141595277446,10.307901534702985,8.839691500080376
2024-11-27 13:00:00,8.453333377749999,9.38527014443327,9.907500108416667,9.476666529916667,10.531875034395842,8.039166849333334,8.997982476343243,9.4775360216713,8.596815936501509
2024-11-27 14:00:00,8.1866666475,9.38527014443327,9.467499891916667,9.135833263416666,10.092083335291676,7.7083330955000005,8.421372357564099,8.98973649208646,8.35211500671574
2024-11-27 15:00:00,8.002727205000001,9.38527014443327,9.113636363636363,8.9658334255,9.697575735784099,7.535605965606059,8.189291964969618,9.078823785812121,8.140803946496327
2024-11-27 16:00:00,7.823333382666667,9.38527014443327,8.794999997,8.7290000916,9.320909090242434,7.288333414833334,8.019676145015122,8.025276803281047,7.963013014579395
2024-11-27 17:00:00,7.592500011166667,9.38527014443327,8.453333377749999,8.482727224181817,8.957367407575767,6.999166647083332,7.804668969676378,8.120674817298347,7.822207733962681
2024-11-27 18:00:00,7.411666631749999,9.38527014443327,8.1866666475,8.237499952333334,8.6371590964716,6.9058334030833315,7.7730675903367565,7.70478522388253,7.709726966388241
2024-11-27 19:00:00,7.2516666650833335,9.38527014443327,8.002727205000001,7.966666579083333,8.359431806812509,6.891818046363639,8.286847602426251,7.2577537096111975,7.640371947980611
2024-11-27 20:00:00,7.121666630083333,9.38527014443327,7.823333382666667,7.855000019333333,8.116515153229177,6.8516667683333345,8.265991409857907,7.299194410128658,7.608367590052906
2024-11-27 21:00:00,6.957499980833333,9.38527014443327,7.592500011166667,7.76500006525,7.901306811583344,6.731666644583335,8.268860421829782,7.583985211623457,7.592928014941707
2024-11-27 22:00:00,6.884166677833334,9.38527014443327,7.411666631749999,7.601666649166667,7.707556807645844,6.636666615999999,8.305825598767475,7.6317415228422805,7.605966416170646
2024-11-27 23:00:00,6.791666746333333,9.38527014443327,7.2516666650833335,7.4424999555,7.519791672666677,6.500606125166666,8.591660935705155,7.7055902631928985,7.661396135069472
2024-11-28 00:00:00,6.659166653833334,9.38527014443327,7.121666630083333,7.2883333764166665,7.344374984520844,6.4199998775,8.859883018700346,7.1243882854796325,7.745747706526192
2024-11-28 01:00:00,6.590000033583333,9.38527014443327,6.957499980833333,7.190999936900001,7.185624976937509,6.322499950499999,9.248216014664258,6.999661146045507,7.852091081060255
2024-11-28 02:00:00,6.489090832727272,9.38527014443327,6.884166677833334,8.47666664925,7.053749988458343,6.3566667239166685,9.681606936191756,7.299147087739832,7.994089332396916
2024-11-28 03:00:00,21.475000065,9.38527014443327,6.791666746333333,13.9808332925,6.938750008770843,6.331666827583333,9.884850357394585,15.874190720215976,8.12830636815105
2024-11-28 04:00:00,19.785000166666666,9.38527014443327,6.659166653833334,12.510000069166667,6.823125014708343,6.196666677583335,9.9341698002014,14.059274608426092,8.242745145186365
2024-11-28 05:00:00,18.522500198333333,9.38527014443327,6.590000033583333,11.775833367499999,6.731250027895844,6.2225000863333335,9.80692949730438,14.063914010782847,8.334615706442065
2024-11-28 06:00:00,17.816666603333335,9.38527014443327,6.489090832727272,11.226666688333333,6.632481066619328,6.09401498762121,9.47706721221725,14.161849762363945,8.400463348225268
2024-11-28 07:00:00,17.207499979999998,9.38527014443327,21.475000065,10.691666761666667,10.303314396285995,36.158333383666665,9.8817047990258,15.781841795840556,10.912704299285583
2024-11-28 08:00:00,16.555833338333333,9.38527014443327,19.785000166666666,10.301666579166666,13.58477277449433,32.9108336795,12.132789526976264,15.009074967048624,12.135277776200205
2024-11-28 09:00:00,15.979166825,9.38527014443327,18.522500198333333,9.907500108416667,16.567897815681828,30.455000363083332,13.558105132364103,14.80592688893712,12.45197591252752
2024-11-28 10:00:00,15.392499844166666,9.38527014443327,17.816666603333335,9.467499891916667,19.399791758333343,29.1442423739394,14.721105012833338,14.974613165156875,12.399123038855635
2024-11-28 11:00:00,14.802500010000001,9.38527014443327,17.207499979999998,9.113636363636363,18.33291673708334,12.939999894999996,16.78369383248356,14.594934800882958,12.164189521249613
2024-11-28 12:00:00,14.24333334,9.38527014443327,16.555833338333333,8.794999997,17.525625030000008,13.326666509999999,15.692961467426542,14.75125873198964,11.842428804404069
2024-11-28 13:00:00,13.764166593333334,9.38527014443327,15.979166825,8.453333377749999,16.889791686666676,13.435833451666667,12.833298656715257,12.76156331034841,11.519258161304307
2024-11-28 14:00:00,13.2683333575,9.38527014443327,15.392499844166666,8.1866666475,16.28374999687501,12.968333084999998,12.348867849030803,12.983071221818486,11.205587722026138
2024-11-28 15:00:00,12.738333305,9.38527014443327,14.802500010000001,8.002727205000001,15.68250000437501,12.397500040000004,11.653179046731799,12.669210623965105,10.903107006438812
2024-11-28 16:00:00,12.2366666,9.38527014443327,14.24333334,7.823333382666667,15.104375004791676,11.930833341666666,11.17514269890936,12.166854388752244,10.625581586945193
2024-11-28 17:00:00,11.813333351666666,9.38527014443327,13.764166593333334,7.592500011166667,14.55062494687501,11.549166361666668,10.779335832184868,11.823737411382552,10.40452112299425
2024-11-28 18:00:00,11.438333351666666,9.38527014443327,13.2683333575,7.411666631749999,14.019583325208343,11.144166870833333,10.306561508294733,12.244609855784104,10.204958831336471
2024-11-28 19:00:00,11.099999904166665,9.38527014443327,12.738333305,7.2516666650833335,13.503541648958343,10.674166599999998,12.640689166138749,11.553104074874039,10.011744695624902
2024-11-28 20:00:00,10.918333293333333,9.38527014443327,12.2366666,7.121666630083333,13.001874963958342,10.22999986,12.288257662157408,10.873187933369389,9.827453247748274
2024-11-28 21:00:00,10.641666571666667,9.38527014443327,11.813333351666666,6.957499980833333,12.514166653541675,9.862500109999997,12.105367759376966,9.83670010354461,9.657042736671546
2024-11-28 22:00:00,10.420833270833333,9.38527014443327,11.438333351666666,6.884166677833334,12.056666652083344,9.608333345833332,12.099710882930797,9.168104584641299,9.515154938336956
2024-11-28 23:00:00,10.2541666825,9.38527014443327,11.099999904166665,6.791666746333333,11.647083301875009,9.461666503333332,12.23483833907423,9.63660873338564,9.409182389693578
2024-11-29 00:00:00,10.052500088166667,9.38527014443327,10.918333293333333,6.659166653833334,11.317499975208342,9.599999986666667,12.357269386220228,8.876139885561786,9.339170416599785
2024-11-29 01:00:00,9.833333333416666,9.38527014443327,10.641666571666667,6.590000033583333,11.024583280208343,9.469999791666668,12.560488793032864,9.437758109512261,9.291289907704668
2024-11-29 02:00:00,9.696666717333335,9.38527014443327,10.420833270833333,6.489090832727272,10.77020826000001,9.40333319,12.641850351419265,9.442701475737552,9.247428944064927
2024-11-29 03:00:00,21.404999970833334,9.38527014443327,10.2541666825,21.475000065,10.558749954583343,9.408333460833333,12.586127113377161,15.271109573111346,9.197868876001044
2024-11-29 04:00:00,19.4016664825,9.38527014443327,10.052500088166667,19.785000166666666,10.342291653291676,9.186666883000001,12.66216657739005,15.058603911923646,9.212726984655724
2024-11-29 05:00:00,17.725000065,9.38527014443327,9.833333333416666,18.522500198333333,10.140208343729176,9.025000095166666,12.570953649639714,13.890669755799994,9.215127660280524
2024-11-29 06:00:00,16.689999897499998,9.38527014443327,9.696666717333335,17.816666603333335,9.959166705354177,8.972500163833336,12.456402046990783,13.223723324121993,9.154150058096848
2024-11-29 07:00:00,16.109999974999997,9.38527014443327,21.404999970833334,17.207499979999998,12.74687502743751,32.55583325916667,11.238932956477298,16.083445224755753,11.046864106611384
2024-11-29 08:00:00,15.480833371666668,9.38527014443327,19.4016664825,16.555833338333333,15.084166626020842,28.750832876833336,12.239150363640151,13.062064494813459,11.705423662259703
2024-11-29 09:00:00,14.779999891666668,9.38527014443327,17.725000065,15.979166825,17.057083308916678,25.61666679658333,12.918247215929057,13.351762751860372,11.679583603275248
2024-11-29 10:00:00,14.147500038333334,9.38527014443327,16.689999897499998,15.392499844166666,18.805416603958342,23.68333307766666,13.304630827332595,13.756055764636601,11.383550623946613
2024-11-29 11:00:00,13.590833265833332,9.38527014443327,16.109999974999997,14.802500010000001,17.481666605000008,10.814999979166661,15.020771272062081,13.240866668563665,11.116049005686039
2024-11-29 12:00:00,13.1124998725,9.38527014443327,15.480833371666668,14.24333334,16.501458327291672,11.560000260833334,14.48328149083516,13.120025939596191,10.872133472017447
2024-11-29 13:00:00,12.525833367499999,9.38527014443327,14.779999891666668,13.764166593333334,15.76520828395834,11.834999718333336,12.227790178920495,12.519686910913158,10.634413129254662
2024-11-29 14:00:00,12.040833234166668,9.38527014443327,14.147500038333334,13.2683333575,15.129583319166674,11.60500017916667,11.500981389496765,12.506434555199577,10.420520098874427
2024-11-29 15:00:00,11.554166794166667,9.38527014443327,13.590833265833332,12.738333305,14.49979164187501,11.071666556666667,10.832184891362989,12.606397991056912,10.216239807322243
2024-11-29 16:00:00,11.128333331666667,9.38527014443327,13.1124998725,12.2366666,13.907708267083342,10.744166373333334,10.011067525817127,12.344493870071991,10.014551593439364
2024-11-29 17:00:00,10.846666654166667,9.38527014443327,12.525833367499999,11.813333351666666,13.344166636041674,10.27166684333333,9.58066658477322,12.079121607476692,9.809165348273744
2024-11-29 18:00:00,10.6341666375,9.38527014443327,12.040833234166668,11.438333351666666,12.817499935000008,9.934166430000001,9.47582709459886,11.736549927632034,9.62181312261157
2024-11-29 19:00:00,10.386666775,9.38527014443327,11.554166794166667,11.099999904166665,12.308333317083344,9.517500322500002,11.409873387612492,10.827260270578295,9.442677211410661
2024-11-29 20:00:00,10.20416673,9.38527014443327,11.128333331666667,10.918333293333333,11.81229168187501,9.144166790833333,11.245366570892736,10.77599889349579,9.290173633043835
2024-11-29 21:00:00,10.008333285,9.38527014443327,10.846666654166667,10.641666571666667,11.392500003541677,9.167499940833334,11.23335509315382,9.776974793329622,9.169183375428567
2024-11-29 22:00:00,9.881666580833334,9.38527014443327,10.6341666375,10.420833270833333,11.040833354375009,9.227500040833332,11.462308188262117,9.993865337981397,9.084466563458317
2024-11-29 23:00:00,9.71833332375,9.38527014443327,10.386666775,10.2541666825,10.748958349583342,9.219166755833333,11.710462495780813,9.769346152749053,9.050028289015227
2024-11-30 00:00:00,9.608333428833333,9.38527014443327,10.20416673,10.052500088166667,10.517916699166676,9.280000128333334,11.794975057457634,10.18273558512823,9.053550257465286
2024-11-30 01:00:00,9.469166676083333,9.38527014443327,10.008333285,9.833333333416666,10.308333356875009,9.169999915833335,12.011711030342525,9.307937894390715,9.144522763032983
2024-11-30 02:00:00,9.4266667365,9.38527014443327,9.881666580833334,9.696666717333335,10.120208342708342,9.129166524166669,12.180314583542685,9.596514897750533,9.34852043361119
2024-11-30 03:00:00,17.930000065833333,9.38527014443327,9.71833332375,21.404999970833334,9.953124979895843,9.0499998725,12.289919709376285,14.715770539753246,9.638523432196388
2024-11-30 04:00:00,16.30583334,9.38527014443327,9.608333428833333,19.4016664825,9.804166654604176,9.012500127666666,12.448619966422587,14.021322315020159,9.92351636081636
2024-11-30 05:00:00,14.918333134166666,9.38527014443327,9.469166676083333,17.725000065,9.66937500237501,8.930000067166665,12.424084168752005,12.70602151566644,10.015066435755438
2024-11-30 06:00:00,14.149999936666667,9.38527014443327,9.4266667365,16.689999897499998,9.555625041291675,8.971666892166665,12.09481674507084,12.363503952378833,9.832058392327854
2024-11-30 07:00:00,13.696666558333334,9.38527014443327,17.930000065833333,16.109999974999997,11.608541726812508,26.141666807916664,8.70476383950535,12.104060972167225,10.562699573567471
2024-11-30 08:00:00,12.975833338333333,9.38527014443327,16.30583334,15.480833371666668,13.282916704604174,23.003333251166666,10.347343945200539,11.972665634865423,10.722647977000012
2024-11-30 09:00:00,12.406666674999999,9.38527014443327,14.918333134166666,14.779999891666668,14.645208319125008,20.36749959225,11.33800144045716,11.752502207275999,10.482838440704938
2024-11-30 10:00:00,11.8991667425,9.38527014443327,14.149999936666667,14.147500038333334,15.826041619166675,18.873333136833335,12.027433861228594,13.145125894267592,10.179562007953036
2024-11-30 11:00:00,11.442500035833334,9.38527014443327,13.696666558333334,13.590833265833332,14.767708242291675,9.463333050833334,13.81631933119188,12.564996028399968,9.89992992032619
2024-11-30 12:00:00,10.978333315,9.38527014443327,12.975833338333333,13.1124998725,13.935208241875008,9.645833336666666,13.119081562598474,12.1746984925946,9.586893353512448
2024-11-30 13:00:00,10.636666853333333,9.38527014443327,12.406666674999999,12.525833367499999,13.307291627083341,9.895000215833331,9.815305833041217,11.05375673762759,9.295586737685595
2024-11-30 14:00:00,10.26666657,9.38527014443327,11.8991667425,12.040833234166668,12.744583328541676,9.648333548333333,9.0798492869175,10.879910875021917,9.031567600971327
2024-11-30 15:00:00,9.94166652275,9.38527014443327,11.442500035833334,11.554166794166667,12.181041697916676,9.188333513333333,8.612266343925679,10.570302030510295,8.840224564383579
2024-11-30 16:00:00,9.69000013675,9.38527014443327,10.978333315,11.128333331666667,11.681666692083343,8.980833291666668,8.142011386250026,10.282991261901774,8.67550374422397
2024-11-30 17:00:00,9.4183333715,9.38527014443327,10.636666853333333,10.846666654166667,11.239166736666677,8.866667031666667,7.810856574821637,10.78636078982502,8.533139843090868
2024-11-30 18:00:00,9.235000054,9.38527014443327,10.26666657,10.6341666375,10.831041693541675,8.6341663975,7.679328768957433,10.880912917892152,8.395985650786145
2024-11-30 19:00:00,9.0391666095,9.38527014443327,9.94166652275,10.386666775,10.455833315270842,8.440833009666665,9.774258596271423,9.635704869428874,8.280390347005142
2024-11-30 20:00:00,8.879166761833334,9.38527014443327,9.69000013675,10.20416673,10.13375002070834,8.401666958499998,9.678017600290831,9.757985286267838,8.192531327744359
2024-11-30 21:00:00,8.79583334925,9.38527014443327,9.4183333715,10.008333285,9.82916665025001,8.199999889666666,9.874901307896547,8.970246353146816,8.128656429606938
2024-11-30 22:00:00,8.618333419083333,9.38527014443327,9.235000054,9.881666580833334,9.571250021250009,8.203333538,10.203104317153544,8.853955835933137,8.112568835078411
2024-11-30 23:00:00,8.514166752583334,9.38527014443327,9.0391666095,9.71833332375,9.34562504293751,8.136666696250002,10.427942795294532,8.671080404457363,8.146483085032227
2024-12-01 00:00:00,8.414166689,9.38527014443327,8.879166761833334,9.608333428833333,9.142916699208342,8.068333386916668,10.582823123379356,8.46287690890209,8.26996687210906
2024-12-01 01:00:00,8.231666564833334,9.38527014443327,8.79583334925,9.469166676083333,8.987291693645844,8.173333327,10.951863670514095,7.955640690652533,8.522756228791636
2024-12-01 02:00:00,8.280833323833333,9.38527014443327,8.618333419083333,9.4266667365,8.833125034916675,8.001666784166666,11.335201742751904,8.074996413723913,8.889023935664405
2024-12-01 03:00:00,12.784999927500001,9.38527014443327,8.514166752583334,17.930000065833333,8.701875070687509,7.989166895666667,11.673813256940981,14.807281050396115,9.31659803681139
2024-12-01 04:00:00,11.4341665925,9.38527014443327,8.414166689,16.30583334,8.585625052479175,7.949166616166666,11.884829262108498,12.860657657265008,9.656898028469062
2024-12-01 05:00:00,10.60833335,9.38527014443327,8.231666564833334,14.918333134166666,8.44458335637501,7.667499780416669,11.875873284056567,12.500033449981235,9.723403031996977
2024-12-01 06:00:00,10.000000079000001,9.38527014443327,8.280833323833333,14.149999936666667,8.36020833256251,7.943333228583333,11.636965027263164,12.671436735944045,9.49808985164528
2024-12-01 07:00:00,11.288333336916667,9.38527014443327,12.784999927500001,13.696666558333334,9.427916626291676,17.05583310241667,8.187420676451918,9.072278524354035,9.596003564101666
2024-12-01 08:00:00,10.170000075583333,9.38527014443327,11.4341665925,12.975833338333333,10.182916602166676,14.454166496000001,9.059709719340347,11.364178270699151,9.418452896825835
2024-12-01 09:00:00,9.70666654925,9.38527014443327,10.60833335,12.406666674999999,10.777083298458342,12.985000135166667,9.383627257246916,10.829456339054373,9.090768612794513
2024-12-01 10:00:00,9.3466667335,9.38527014443327,10.000000079000001,11.8991667425,11.20687498725001,11.71916683416667,9.315193596952836,10.516200411750098,8.709363968833129
2024-12-01 11:00:00,9.030000130333333,9.38527014443327,11.288333336916667,11.442500035833334,10.832708339604176,9.791666746333332,10.900624792274298,11.712767956428063,8.780566597084295
2024-12-01 12:00:00,8.863333304833333,9.38527014443327,10.170000075583333,10.978333315,10.51666671037501,8.905833558666666,10.122840055319296,11.564285967142236,8.522487668020373
2024-12-01 13:00:00,8.740833203,9.38527014443327,9.70666654925,10.636666853333333,10.29125001018751,8.8049997485,8.129100599905557,10.70300530573815,8.26989469595691
2024-12-01 14:00:00,8.507500092333332,9.38527014443327,9.3466667335,10.26666657,10.127916673812509,8.693333387999997,7.700989582016085,9.810136342483156,8.024047133395031
2024-12-01 15:00:00,8.327500025416667,9.38527014443327,9.030000130333333,9.94166652275,9.563333372166674,6.771666923749999,7.277875490584354,9.558482124728817,7.79936405298699
2024-12-01 16:00:00,8.119166692166667,9.38527014443327,8.863333304833333,9.69000013675,9.236666679479175,7.556666534083332,6.7975579016353445,9.812893182071996,7.63616565849824
2024-12-01 17:00:00,7.925833344416667,9.38527014443327,8.740833203,9.4183333715,8.995208342916674,7.774999856749998,6.625152021781707,9.051232059543718,7.525232763314968
2024-12-01 18:00:00,7.744166692083333,9.38527014443327,8.507500092333332,9.235000054,8.785416682625009,7.668333451166665,6.5918070946010685,8.944994743949465,7.429667267090745
2024-12-01 19:00:00,7.564166625416667,9.38527014443327,8.327500025416667,9.0391666095,8.609791656395842,7.6249999205000005,7.952612877049177,8.26768645408959,7.362536327627952
2024-12-01 20:00:00,7.383333325333333,9.38527014443327,8.119166692166667,8.879166761833334,8.423750003229175,7.375000079500001,7.965388372553395,7.8921872514288225,7.32104087687222
2024-12-01 21:00:00,7.243333339666666,9.38527014443327,7.925833344416667,8.79583334925,8.220000038583342,7.110833485833334,8.125644792052839,8.124293526554146,7.3118742208306795
2024-12-01 22:00:00,7.09666669375,9.38527014443327,7.744166692083333,8.618333419083333,8.029166688520842,6.980833291833333,8.37105463855285,8.144313665859118,7.3317514192452435
2024-12-01 23:00:00,7.009166677833334,9.38527014443327,7.564166625416667,8.514166752583334,7.838333338520842,6.8008332254166675,8.911850789404777,7.75976857138096,7.392340665328203
2024-12-02 00:00:00,6.869166652333334,9.38527014443327,7.383333325333333,8.414166689,7.654374996812509,6.647499958499999,9.781097038541535,7.25086331870764,7.49559498596583
2024-12-02 01:00:00,6.725833217166667,9.38527014443327,7.243333339666666,8.231666564833334,7.483749995625009,6.560833334916666,10.141126804570197,7.168194756084086,7.656357186190803
2024-12-02 02:00:00,7.585000117916667,9.38527014443327,7.09666669375,8.280833323833333,7.321874996041675,6.449166695416666,10.55439035612238,7.07337500843361,7.860255385450346
2024-12-02 03:00:00,15.708333334166667,9.38527014443327,7.009166677833334,12.784999927500001,7.183125009145842,6.454166730250001,10.984277686476407,14.698137422087367,8.088076491345237
2024-12-02 04:00:00,13.75000008,9.38527014443327,6.869166652333334,11.4341665925,7.054583340895842,6.354999979333335,11.202334451827083,12.476234651512426,8.263891832430897
2024-12-02 05:00:00,12.721666735,9.38527014443327,6.725833217166667,10.60833335,6.925208310270842,6.208333094666667,11.223019593308145,11.53938092280877,8.353063546561446
2024-12-02 06:00:00,12.018333275833333,9.38527014443327,7.585000117916667,10.000000079000001,7.04729166631251,8.073333542083333,11.40437649786661,10.662828534042234,8.49961188502829
2024-12-02 07:00:00,11.271818247272726,9.38527014443327,15.708333334166667,11.288333336916667,9.222083330395844,24.4074999905,11.652905941045645,11.699233043536656,10.025176150810616
2024-12-02 08:00:00,10.578333378333333,9.38527014443327,13.75000008,10.170000075583333,10.942291687312508,20.630833507666665,11.34792021612914,10.212343612555502,10.349064142294365
2024-12-02 09:00:00,10.132500091666666,9.38527014443327,12.721666735,9.70666654925,12.441250066770841,18.717500252833332,11.19831801059374,9.638505943915199,10.246936381775152
2024-12-02 10:00:00,13.255833308583334,9.38527014443327,12.018333275833333,9.3466667335,13.54958335625001,16.45166643375,11.04057338258358,10.207676197226602,9.965299021408308
2024-12-02 11:00:00,16.967499970833334,9.38527014443327,11.271818247272726,9.030000130333333,12.440454584526522,6.8353031603787855,10.982600146695788,9.441373019492858,9.536167398580583
2024-12-02 12:00:00,25.58583355,9.38527014443327,10.578333378333333,8.863333304833333,11.647537909109856,7.406666676666667,9.877073047475452,9.129199268582077,9.05172524715657
2024-12-02 13:00:00,24.225833415,9.38527014443327,10.132500091666666,8.740833203,11.000246248276525,7.543333448333332,9.290928822160321,8.858098079936124,8.606774679546128
2024-12-02 14:00:00,22.70749966166667,9.38527014443327,13.255833308583334,8.507500092333332,11.309621256464023,14.493333341333335,10.077760245970396,11.496433683809014,9.09881846032794
2024-12-02 15:00:00,21.4033331875,9.38527014443327,16.967499970833334,8.327500025416667,12.733541687354176,22.66318169439394,11.598850337493676,13.33120265498322,10.382950774548936
2024-12-02 16:00:00,20.399999936666667,9.38527014443327,25.58583355,8.119166692166667,16.485416730270842,40.59333372166667,15.909186158562639,16.76780493715526,13.808055340620363
2024-12-02 17:00:00,19.72916650666667,9.38527014443327,24.225833415,7.925833344416667,20.008750061104173,38.31916673833334,15.765319826891972,17.14143878210017,15.116998474066403
2024-12-02 18:00:00,19.126666545,9.38527014443327,22.70749966166667,7.744166692083333,22.37166664937501,32.15916601475001,15.55516426404909,16.6711593034648,15.395052900623902
2024-12-02 19:00:00,18.442500114999998,9.38527014443327,21.4033331875,7.564166625416667,23.48062495354168,25.839166404166665,16.130198635587035,16.062906895582643,15.231462163974749
2024-12-02 20:00:00,17.817500113333335,9.38527014443327,20.399999936666667,7.383333325333333,22.184166550208342,15.214166323333334,16.245329236733347,15.570094959710293,14.883405696107214
2024-12-02 21:00:00,17.174166839166666,9.38527014443327,19.72916650666667,7.243333339666666,21.05999982312501,15.232499598333337,16.125737178433194,14.739218554774936,14.536252355476833
2024-12-02 22:00:00,16.578333218333334,9.38527014443327,19.126666545,7.09666669375,20.16479154395834,15.545833428333328,16.74615691729295,14.366644269810955,14.231342705948727
2024-12-02 23:00:00,16.098333279166667,9.38527014443327,18.442500114999998,7.009166677833334,19.424583275833342,15.481667042499996,16.6089408200796,14.253454442089424,13.908399552969547
2024-12-03 00:00:00,15.4900000075,9.38527014443327,17.817500113333335,6.869166652333334,18.778958320000008,15.235000290000002,16.491696254002555,13.290290324105818,13.626763936503815
2024-12-03 01:00:00,14.880833466666667,9.38527014443327,17.174166839166666,6.725833217166667,18.14020840312501,14.619167171666664,16.506688434331075,13.50714692030897,13.401530495140722
2024-12-03 02:00:00,14.4824999975,9.38527014443327,16.578333218333334,7.585000117916667,17.503125071458342,14.02999989166667,16.81030867228945,14.449303632659499,13.213115148211815
2024-12-05 00:00:00,8.935833294916668,9.38527014443327,9.74249998725,8.53666663175,10.350624957833341,8.041666666166668,10.848220505301999,7.626107842960986,9.114960542868765
2024-12-05 01:00:00,8.832499980833333,9.38527014443327,9.449166695333334,8.379999876083334,9.961458305000008,7.892500084000002,11.021894211784357,7.087384531933862,9.353338867973726
2024-12-05 02:00:00,9.271666606583333,9.38527014443327,9.254166603166667,8.214166641166667,9.63999998537501,7.968333324666666,11.511711725603666,8.506396558673154,9.99577796412039
2024-12-05 03:00:00,19.501666624583333,9.38527014443327,9.076666752583334,22.471666653333333,9.380625009583342,8.039166849416668,11.847832120844412,15.651534558272589,11.168805786847667
2024-12-05 04:00:00,19.347500484166666,9.38527014443327,8.935833294916668,22.345000106666664,9.17895833650001,8.129166602583336,11.951752694568155,13.085030552735414,12.593097230733527
2024-12-05 05:00:00,18.282500266666666,9.38527014443327,8.832499980833333,20.470833141666667,9.02479165787501,8.215833266333332,11.868313059022372,12.09938609461787,13.0837601087582
2024-12-05 06:00:00,17.558333396666665,9.38527014443327,9.271666606583333,18.656666595833332,9.029166658729176,9.289166609999999,11.95211194188817,10.929483039302951,11.969421818775897
2024-12-05 07:00:00,16.910000324166667,9.38527014443327,19.501666624583333,17.383333364166667,11.635416626729175,29.92666649658333,12.21520852992279,12.963050363950286,12.731148998263699
2024-12-05 08:00:00,16.312499921666667,9.38527014443327,19.347500484166666,16.72083346166667,14.238333424041675,29.759167673416663,12.772671251223255,13.513206884043647,13.34646564306233
2024-12-05 09:00:00,15.7966667025,9.38527014443327,18.282500266666666,16.01166653583333,16.600833495500005,27.7325005525,13.290716399018798,13.22382002020561,13.464251144280848
2024-12-05 10:00:00,15.515000105,9.38527014443327,17.558333396666665,15.261666615000001,18.67250019302084,25.84500018675,13.649323290104697,13.196921191991919,13.299635990292707
2024-12-05 11:00:00,15.037500065000001,9.38527014443327,16.910000324166667,14.544999916666667,18.024583617916676,14.318334023750001,14.70748693368445,14.071974688078003,13.001939115764223
2024-12-05 12:00:00,14.449090958181818,9.38527014443327,16.312499921666667,13.830833275000002,17.265833477291675,13.277499359166669,14.12733997547043,13.743704018632533,12.659536873559558
2024-12-05 13:00:00,13.834166685833333,9.38527014443327,15.7966667025,13.105000098333333,16.644375086250008,13.310833138333333,12.715295907631749,12.538902477489716,12.35067931663222
2024-12-05 14:00:00,13.262499968333332,9.38527014443327,15.515000105,12.594166676666667,16.13354176333334,13.471666813333336,12.058806219076605,12.647467487341766,12.137093426386626
2024-12-05 15:00:00,12.8083334775,9.38527014443327,15.037500065000001,12.008333365833332,15.665416698541677,13.164999805833336,11.457860740379743,12.437793182749958,11.884225202666002
2024-12-05 16:00:00,12.300833384999999,9.38527014443327,14.449090958181818,11.443333308333331,15.199564457670464,12.58568199469697,11.02213995610177,11.776320188123961,11.587947650103853
2024-12-05 17:00:00,11.764166752500001,9.38527014443327,13.834166685833333,11.005833306666666,14.708939453503797,11.871666669166666,10.777871535338422,11.40140290539163,11.299455868621012
2024-12-05 18:00:00,11.231666643333334,9.38527014443327,13.262499968333332,10.539999881666667,14.145814419337128,11.009999831666663,10.590758428124364,11.597988124394842,11.031061657709595
2024-12-05 19:00:00,10.8083333975,9.38527014443327,12.8083334775,10.11416665575,13.588522772462131,10.579166889999998,11.751074999828388,10.458720998201565,10.799590887095459
2024-12-05 20:00:00,10.484999894166666,9.38527014443327,12.300833384999999,9.74249998725,13.051458379166675,10.15257581181818,11.582742483561693,9.837060946383211,10.60163647226303
2024-12-05 21:00:00,10.07916673075,9.38527014443327,11.764166752500001,9.449166695333334,12.533958395833341,9.69416681916667,11.403404819391175,10.001861513332821,10.436712469828954
2024-12-05 22:00:00,9.756666580833333,9.38527014443327,11.231666643333334,9.254166603166667,12.026250064583344,9.200833318333336,11.366680419027425,9.257379470185734,10.314730217199452
2024-12-05 23:00:00,9.5,9.38527014443327,10.8083333975,9.076666752583334,11.526250044583342,8.8083333175,11.50216073293031,8.224956298727209,10.280300128414643
2024-12-06 00:00:00,9.310833215833332,9.38527014443327,10.484999894166666,8.935833294916668,11.072291671875009,8.669166403333334,11.658554675972432,8.244080610451185,10.389917552722299
2024-12-06 01:00:00,9.160833279250001,9.38527014443327,10.07916673075,8.832499980833333,10.65104166643751,8.394166708999999,11.895248271894861,8.035115346217532,10.741429436079082
2024-12-06 02:00:00,9.009166558583333,9.38527014443327,9.756666580833333,9.271666606583333,10.282291650812509,8.281666518333331,12.1548651649392,8.567411426285247,11.55885211923112
2024-12-06 03:00:00,19.97333335825,9.38527014443327,9.5,19.501666624583333,9.955208301437509,8.1916666025,12.327286682706621,15.490401326116158,12.987637987770853
2024-12-06 04:00:00,19.154166858333333,9.38527014443327,9.310833215833332,19.347500484166666,9.661666631854175,8.136666537499998,12.418159483949198,12.787684747659577,14.601800259807668
2024-12-06 05:00:00,17.822500228333336,9.38527014443327,9.160833279250001,18.282500266666666,9.432083268979175,8.242499827750002,12.291933597857131,11.663721542168204,14.868280307914741
2024-12-06 06:00:00,16.793333213333334,9.38527014443327,9.009166558583333,17.558333396666665,9.245208263416675,8.261666536333333,11.981558696397224,10.284131358312179,12.955100352001034
2024-12-06 07:00:00,16.050833224166666,9.38527014443327,19.97333335825,16.910000324166667,11.863541602979176,30.446666716499998,11.974278027165068,10.990875241248126,12.902235235431544
2024-12-06 08:00:00,15.334166765833332,9.38527014443327,19.154166858333333,16.312499921666667,14.324375013604175,28.997500500833333,12.17806315932844,11.31253645852765,12.579267311938608
2024-12-06 09:00:00,14.539999803333332,9.38527014443327,17.822500228333336,15.7966667025,16.48979175087501,26.484167177416673,12.79914635450793,11.417744681917751,12.227568724393375
2024-12-06 10:00:00,14.170000155833334,9.38527014443327,16.793333213333334,15.515000105,18.43583341456251,24.577499868083336,13.116915704047402,12.33813875729046,11.937841976204624
2024-12-06 11:00:00,13.7066667075,9.38527014443327,16.050833224166666,15.037500065000001,17.455208381041675,12.128333090083334,14.339291244960325,11.591945409457587,11.688030775543682
2024-12-06 12:00:00,13.1833333175,9.38527014443327,15.334166765833332,14.449090958181818,16.500208357916677,11.514166673333332,13.433679438890886,11.543724530316025,11.374426248609586
2024-12-06 13:00:00,12.734999975000001,9.38527014443327,14.539999803333332,13.834166685833333,15.679583251666674,11.257499378333328,11.497001881218472,11.658826694300902,10.987728206361354
2024-12-06 14:00:00,12.232500075833334,9.38527014443327,14.170000155833334,13.262499968333332,15.023749987291676,11.546667098333334,10.480296227226972,11.416090363329587,10.693531804032485
2024-12-06 15:00:00,11.938333353333334,9.38527014443327,13.7066667075,12.8083334775,14.43770835812501,11.362500190833334,10.086838247956875,12.748182374511725,10.444854281453681
2024-12-06 16:00:00,11.724999904999999,9.38527014443327,13.1833333175,12.300833384999999,13.899999996041675,11.032499869166669,9.654131566668724,11.823454334314443,10.194270141112078
2024-12-06 17:00:00,11.557500045,9.38527014443327,12.734999975000001,11.764166752500001,13.448750038958343,10.93000014666667,9.48943960560092,11.791244486453627,9.947555147901115
2024-12-06 18:00:00,11.326666593333334,9.38527014443327,12.232500075833334,11.231666643333334,12.964375018958343,10.294999995833335,9.301971310856501,10.973817497039377,9.705637911368072
2024-12-06 19:00:00,11.16416669,9.38527014443327,11.938333353333334,10.8083333975,12.522291680416677,10.169999999166668,10.357566137062916,11.266475899284428,9.518481180579544
2024-12-06 20:00:00,11.163333100000001,9.38527014443327,11.724999904999999,10.484999894166666,12.157708327291676,10.266666492499997,10.357673104362908,11.688972482882054,9.370299480752857
2024-12-06 21:00:00,11.084166685833333,9.38527014443327,11.557500045,10.07916673075,11.863333344791675,10.380000114999998,10.713560933252753,11.166508739777862,9.291858526236668
2024-12-06 22:00:00,11.1974999925,9.38527014443327,11.326666593333334,9.756666580833333,11.636874974166675,10.420833110833334,11.097656067528678,10.77322663681669,9.25864439919463
2024-12-06 23:00:00,11.4316666125,9.38527014443327,11.16416669,9.5,11.443333308333342,10.390000026666666,11.33415944898837,10.369321501017353,9.323991786038665
2024-12-07 00:00:00,11.516666730833334,9.38527014443327,11.163333100000001,9.310833215833332,11.302916607083343,10.601666295000003,11.411681564544566,10.302499946346954,9.540671574844755
2024-12-07 01:00:00,11.577500024999999,9.38527014443327,11.084166685833333,9.160833279250001,11.184583267291677,10.610833326666667,11.53033561759749,10.34861839835797,9.93886091111186
2024-12-07 02:00:00,11.454999845000001,9.38527014443327,11.1974999925,9.009166558583333,11.152291617083343,11.068333391666664,11.79919081070269,10.44801554289283,10.564688261451995
2024-12-07 03:00:00,13.851666609166665,9.38527014443327,11.4316666125,19.97333335825,11.219166597708341,11.699166535000002,12.1023427407607,16.558647006317738,11.302646994117234
2024-12-07 04:00:00,12.279166698333334,9.38527014443327,11.516666730833334,19.154166858333333,11.307500005416674,11.870000361666667,12.331264995858831,15.700411836227545,11.762944211822473
2024-12-07 05:00:00,11.2916667475,9.38527014443327,11.577500024999999,17.822500228333336,11.430833340208341,12.070833364166665,12.477181342139476,15.230243043782336,11.527570234621283
2024-12-07 06:00:00,10.478333313333334,9.38527014443327,11.454999845000001,16.793333213333334,11.495208303333342,11.712499697500004,12.370703919434945,14.764641364178818,10.677311673019439
2024-12-07 07:00:00,9.85500001875,9.38527014443327,13.851666609166665,16.050833224166666,12.10020830250001,16.27166660583333,8.293838158501643,10.748998810582455,10.068127367506943
2024-12-07 08:00:00,9.315000057250002,9.38527014443327,12.279166698333334,15.334166765833332,12.290833294375009,13.041666665833334,8.890571205242706,10.282344834787397,9.445595434177749
2024-12-07 09:00:00,8.817499955499999,9.38527014443327,11.2916667475,14.539999803333332,12.21937497500001,11.005833470000002,10.299424113339617,11.03297691013343,9.011091141190938
2024-12-07 10:00:00,8.4474999905,9.38527014443327,10.478333313333334,14.170000155833334,11.975208342083342,9.501666781666666,10.914300195377123,11.828455375132854,8.650535991693747
2024-12-07 11:00:00,8.173333326916667,9.38527014443327,9.85500001875,13.7066667075,10.976041694479177,5.858333428333333,11.468656052388882,11.99543611096202,8.317008141940164
2024-12-07 12:00:00,8.0,9.38527014443327,9.315000057250002,13.1833333175,10.235000034208344,6.350833416166669,10.470265858444787,11.713308533790322,8.03698588313185
2024-12-10 00:00:00,9.214166641333334,9.38527014443327,10.150908991818183,8.034166693833333,10.65950757437501,8.741817961136366,11.839500185707893,11.388782862031414,8.850207259376123
2024-12-10 01:00:00,8.944166739666667,9.38527014443327,9.878333250416667,7.939999977749999,10.335227222433721,8.581211842651514,12.054840256341967,11.261687971127618,8.75489373906769
2024-12-10 02:00:00,9.364166577583333,9.38527014443327,9.570000012833333,7.811666727333333,10.020018906475388,8.309166749,12.2585339671827,11.374256245993818,8.675364588033188
2024-12-10 03:00:00,22.439166705,9.38527014443327,9.413636381,11.890833337250001,9.753219659017054,8.346439391166667,12.41270440225463,18.388912033408694,8.638406483252577
2024-12-10 04:00:00,20.707272443636363,9.38527014443327,9.214166641333334,16.0491669175,9.51903407139584,8.277424290848485,12.393498765635346,16.085980013608452,8.620680333475056
2024-12-10 05:00:00,19.7808334025,9.38527014443327,8.944166739666667,15.336666584166666,9.28549244370834,8.010000228916667,12.242465469157361,15.408843482191834,8.598247359006171
2024-12-10 06:00:00,19.23454527272727,9.38527014443327,9.364166577583333,14.883333444166666,9.23403408489584,9.158333142333333,12.068990835153356,15.265294711880841,8.659711616369579
2024-12-10 07:00:00,18.5850000375,9.38527014443327,22.439166705,14.4974998625,12.490416665895843,35.46469702900001,12.823230585858218,19.779611212562816,11.115935402985022
2024-12-10 08:00:00,17.758182006363636,9.38527014443327,20.707272443636363,14.078888891111111,15.363693116471598,32.20037824593939,13.39995929116331,16.511966977340006,12.201991318270291
2024-12-10 09:00:00,17.210000125454545,9.38527014443327,19.7808334025,13.689090901818183,18.072859782179933,30.617500065333335,14.299147553991343,15.121977113062687,12.428686504663503
2024-12-10 10:00:00,16.840909264545456,9.38527014443327,19.23454527272727,13.394999981666666,20.540454455965914,29.10492396787121,14.971534993114973,15.361625262099722,12.362076030708124
2024-12-10 11:00:00,16.82250007,9.38527014443327,18.5850000375,13.126363755454546,19.576912789090915,14.730833369999996,16.3847560895287,16.153814232300917,12.086728708113693
2024-12-10 12:00:00,16.595000108333334,9.38527014443327,17.758182006363636,12.8333332525,18.839640179772736,14.80909156909091,14.991018821835215,14.83053213781521,11.64350008269726
2024-12-10 13:00:00,16.328333218333334,9.38527014443327,17.210000125454545,12.528181942727274,18.19693186051137,14.63916684840909,13.05735992445819,14.12068920385068,11.264705542648313
2024-12-10 14:00:00,16.056666772499998,9.38527014443327,16.840909264545456,12.268333276666667,17.598522858465916,14.44727325636364,12.68752900995209,14.130693250879641,10.982319692806195
2024-12-10 15:00:00,15.629999956666666,9.38527014443327,16.82250007,11.919166643333334,17.15789786659092,15.060000102500002,12.745000950793884,14.610025228780144,10.896799921143282
2024-12-10 16:00:00,15.154545523636363,9.38527014443327,16.595000108333334,11.560000022499999,16.86710239208334,15.431818210303032,12.767015262582467,14.432229299353713,10.909636741639591
2024-12-10 17:00:00,14.833333254166666,9.38527014443327,16.328333218333334,11.175454658181819,16.64668566530304,15.446666311212123,12.772917558257435,14.352171189959543,10.940845453582357
2024-12-10 18:00:00,14.411666631666668,9.38527014443327,16.056666772499998,10.830833276666667,16.450625042291673,15.27242428045454,12.788494885402566,13.828165554667473,10.941539597404608
2024-12-10 19:00:00,13.9350000225,9.38527014443327,15.629999956666666,10.480833370833333,16.152500013958342,14.437499843333331,14.379219152951567,12.738119068929311,10.93827416036712
2024-12-10 20:00:00,13.431818008181818,9.38527014443327,15.154545523636363,10.150908991818183,15.792386367784097,13.714090938939393,13.787843932036994,13.123209762841249,10.924784195519605
2024-12-10 21:00:00,12.934166589999998,9.38527014443327,14.833333254166666,9.878333250416667,15.418636376742432,13.338333289999998,13.447136419366323,12.778189913716732,10.853418637078823
2024-12-10 22:00:00,12.560833454166668,9.38527014443327,14.411666631666668,9.570000012833333,15.0073863415341,12.766666490833337,13.408675857415556,12.393468932367963,10.757238148788948
2024-12-10 23:00:00,12.143333275833333,9.38527014443327,13.9350000225,9.413636381,14.583636357992432,12.240000088333336,13.43029328585379,12.114086274030345,10.622182616908265
2024-12-11 00:00:00,11.7716666875,9.38527014443327,13.431818008181818,9.214166641333334,14.152954479128795,11.709090492727272,13.456697642951667,11.749453818491498,10.468480084283238
2024-12-11 01:00:00,11.390000082727273,9.38527014443327,12.934166589999998,8.944166739666667,13.67816281308713,11.034999925833331,13.729681900736555,11.392887444147885,10.307648768630516
2024-12-11 02:00:00,11.038000011,9.38527014443327,12.560833454166668,9.364166577583333,13.215454518712129,10.710000276666667,14.006980376406403,10.917032644364909,10.179986238590917
2024-12-11 03:00:00,20.206000139,9.38527014443327,12.143333275833333,22.439166705,12.767537832045461,10.351666529166666,14.137735949153738,16.019949680660584,10.11341064265778
2024-12-11 04:00:00,18.664166609166667,9.38527014443327,11.7716666875,20.707272443636363,12.352500001875008,10.111515366818182,14.070775725639848,14.538106873149472,10.173758091513076
2024-12-11 05:00:00,17.9400000575,9.38527014443327,11.390000082727273,19.7808334025,11.966458375056828,9.845833575454547,13.927672575566113,13.740435360299431,10.460985580279464
2024-12-11 06:00:00,17.354545244545452,9.38527014443327,11.038000011,19.23454527272727,11.585750014265159,9.515166567833331,13.508905038812465,13.51224112320844,10.69838283866887
2024-12-11 07:00:00,16.710999871,9.38527014443327,20.206000139,18.5850000375,13.601416730056826,28.268667002166666,12.65080467226371,13.50017779272847,11.515615045111687
2024-12-11 08:00:00,16.106999874,9.38527014443327,18.664166609166667,17.758182006363636,15.324541710473493,25.556666530833333,13.783776430745176,13.017457865192464,11.857349195241326
2024-12-11 09:00:00,15.550000017272726,9.38527014443327,17.9400000575,17.210000125454545,16.962041704166676,24.49000003227273,14.667077946223365,13.366443191974692,11.915939147673814
2024-12-11 10:00:00,15.027000047000001,9.38527014443327,17.354545244545452,16.840909264545456,18.54117801255304,23.671090478090903,14.916634144376047,12.774518715910826,11.814776938933603
2024-12-11 11:00:00,14.528181942727274,9.38527014443327,16.710999871,16.82250007,17.667427945553037,13.215999602999997,15.539858894656561,14.083202340438046,11.595811861143389
2024-12-11 12:00:00,14.025000094000001,9.38527014443327,16.106999874,16.595000108333334,17.02813626176137,13.549833138833332,14.382783600879128,13.662279458378222,11.337680187968278
2024-12-11 13:00:00,13.624000168,9.38527014443327,15.550000017272726,16.328333218333334,16.430636251704552,13.159999977045452,12.277669444981132,13.455258441563105,11.084376344867819
2024-12-11 14:00:00,13.129090915454547,9.38527014443327,15.027000047000001,16.056666772499998,15.84874995231819,12.69945484945455,11.464485559140142,13.692276214003689,10.833166464335342
2024-12-11 15:00:00,12.643333275000002,9.38527014443327,14.528181942727274,15.629999956666666,15.303045470250009,12.34536401445455,11.038918719938653,13.423895981912056,10.614737796291278
2024-12-11 16:00:00,12.177500009166666,9.38527014443327,14.025000094000001,15.154545523636363,14.782545525250011,11.943000314000003,10.765911435971464,13.10280686282277,10.43522381889596
2024-12-11 17:00:00,11.71416656,9.38527014443327,13.624000168,14.833333254166666,14.301045562931828,11.698000318727274,10.545545707832954,13.061257477477453,10.293736423815687
2024-12-11 18:00:00,11.305000067500002,9.38527014443327,13.129090915454547,14.411666631666668,13.826568280045464,11.231181783909093,10.33612519028197,12.666833944311598,10.14709007098838
2024-12-11 19:00:00,10.923333407500001,9.38527014443327,12.643333275000002,13.9350000225,13.355356113113647,10.75848460727273,11.612263110807476,11.931577312563359,10.005509572942612
2024-12-11 20:00:00,10.515833299166667,9.38527014443327,12.177500009166666,13.431818008181818,12.893481091905311,10.32999992433333,11.228241955046066,11.166019731742253,9.865519904199079
2024-12-11 21:00:00,10.094999868416666,9.38527014443327,11.71416656,12.934166589999998,12.416022689905313,9.804332952000001,10.918231140257543,11.766116182545632,9.694345831358893
2024-12-11 22:00:00,9.71833332375,9.38527014443327,11.305000067500002,12.560833454166668,11.959999977916677,9.480909219545456,10.866410469888729,11.24520715658189,9.52334403103571
2024-12-11 23:00:00,9.351666768333333,9.38527014443327,10.923333407500001,12.143333275833333,11.530000011041675,9.203333540000001,11.13069275298423,10.190348668371694,9.382379518790062
2024-12-12 00:00:00,9.029090707909091,9.38527014443327,10.515833299166667,11.7716666875,11.114583333541677,8.854166589166669,11.304277021194421,10.142733091011834,9.255106557685469
2024-12-12 01:00:00,8.720000108166667,9.38527014443327,10.094999868416666,11.390000082727273,10.709791660645843,8.475833176833332,11.49242436375981,10.28561695531557,9.161674386368619
2024-12-12 02:00:00,8.449999968166667,9.38527014443327,9.71833332375,11.038000011,10.313124974708343,8.13166658,11.556662707129583,10.315252944935384,9.078310912840992
2024-12-12 03:00:00,15.4808332925,9.38527014443327,9.351666768333333,20.206000139,9.920208314916675,7.780000129166664,11.475054787860556,17.24607763529717,9.016035777050279
2024-12-12 04:00:00,14.01222229,9.38527014443327,9.029090707909091,18.664166609166667,9.548522667102283,7.542348116651516,11.331009516864478,15.196653362051439,8.984610963728887
2024-12-14 00:00:00,5.277499993666667,9.38527014443327,5.969166676083333,4.907499949083333,6.265000015458343,5.101666688749998,8.077197273463058,7.580212993213118,7.279435809475157
2024-12-14 01:00:00,5.090833385916667,9.38527014443327,5.7658333380833335,7.213333328416667,6.065000017416676,4.965833345916667,8.406949817759465,7.798319409655658,7.355164394959488
2024-12-14 02:00:00,6.057500044833333,9.38527014443327,5.628333330166666,9.0108334625,5.879791667000008,4.887499928499998,8.7560947121444,8.007407326720557,7.459087519468512
2024-12-14 03:00:00,25.849166552499998,9.38527014443327,5.460833231416667,17.994166850833334,5.706041643937509,4.765833139166668,9.017382204193048,17.046760601651147,7.579626818492121
2024-12-14 04:00:00,23.228333153333335,9.38527014443327,5.277499993666667,14.749999919166667,5.533124973333342,4.585833311250001,9.104254862095353,15.372154666179444,7.718112212372289
2024-12-14 05:00:00,21.984166623333333,9.38527014443327,5.090833385916667,13.204166730833334,5.364374985291676,4.41583343375,8.672388701944554,13.514008927041345,7.841734728562081
2024-12-14 06:00:00,20.98083352833333,9.38527014443327,6.057500044833333,11.8791667625,5.4716666639583424,6.486666759499999,8.304385141320518,13.477097828769343,8.053390938842416
2024-12-14 07:00:00,20.161666552499998,9.38527014443327,25.849166552499998,10.9616666625,10.568749994229176,46.23749987358333,11.469086721733163,18.117933176209235,11.452831046094428
2024-12-14 08:00:00,19.412500063333333,9.38527014443327,23.228333153333335,10.129166681916667,15.056458284145842,41.179166313,14.123602909855713,18.704487758267696,13.075476507296116
2024-12-14 09:00:00,18.614166418333333,9.38527014443327,21.984166623333333,9.403333346083333,19.279791593500008,38.87749986075,16.3990376198605,18.078698920777448,13.672925354839139
2024-12-14 10:00:00,17.9641668,9.38527014443327,20.98083352833333,8.847499847416666,23.01062496437501,35.90416701183333,17.73882912510832,19.158983979540036,13.754183743980466
2024-12-14 11:00:00,17.449166615,9.38527014443327,20.161666552499998,8.5816667875,21.58874996437501,14.474166552499998,19.405188337150264,17.612616395650498,13.600217917877329
2024-12-14 12:00:00,16.798333165833334,9.38527014443327,19.412500063333333,8.184166709416667,20.63479169187501,15.596666973333331,17.57905797051854,15.05343629390332,13.302503675517361
2024-12-14 13:00:00,16.174999873333334,9.38527014443327,18.614166418333333,7.801666736583333,19.792291640625006,15.244166213333333,14.125812217012914,14.740538681469626,12.949565423410158
2024-12-14 14:00:00,15.602499961666666,9.38527014443327,17.9641668,7.445000012833333,19.038124958541676,14.94750007166667,13.216511682485427,14.671813548993587,12.619018861582246
2024-12-14 15:00:00,14.984999973333332,9.38527014443327,17.449166615,7.158333301583333,18.359999974166676,14.7366666775,12.750584497878384,14.971618663163419,12.300887452079701
2024-12-14 16:00:00,14.319166659166667,9.38527014443327,16.798333165833334,6.8366666634166675,17.706458249791673,14.184166268333335,12.324913901062473,15.213179088653806,11.971466097957096
2024-12-14 17:00:00,13.661666711666667,9.38527014443327,16.174999873333334,6.56583333025,17.09666661354168,13.735833328333335,12.056843928955221,14.933520921544705,11.671087174697849
2024-12-14 18:00:00,13.102500121666667,9.38527014443327,15.602499961666666,6.369166731833334,16.50624990395834,13.240833123333331,12.042035058567688,14.633083818679701,11.384808368136438
2024-12-14 19:00:00,12.501666545833332,9.38527014443327,14.984999973333332,6.155833323666666,15.890208243541675,12.520833331666665,14.860250119527464,14.227853397142347,11.11745195633581
2024-12-14 20:00:00,11.939166544166667,9.38527014443327,14.319166659166667,5.969166676083333,15.270416616875009,11.8400001525,14.077211622131049,13.897595609511082,10.829661294279669
2024-12-14 21:00:00,11.4683334025,9.38527014443327,13.661666711666667,5.7658333380833335,14.642083326458343,11.14833355,13.471633144391898,13.687699105225947,10.534519982266595
2024-12-14 22:00:00,11.0375001425,9.38527014443327,13.102500121666667,5.628333330166666,14.017083366458342,10.602500281666668,13.130449226992756,13.752193125096845,10.289491199071753
2024-12-14 23:00:00,10.639166673333333,9.38527014443327,12.501666545833332,5.460833231416667,13.396250009583342,10.018333118333333,12.909518112478215,13.03159382120415,10.045451243397286
2024-12-15 00:00:00,10.298333326666667,9.38527014443327,11.939166544166667,5.277499993666667,12.801249980833342,9.559166429166668,12.748800193804149,13.119787919888198,9.82616439805698
2024-12-15 01:00:00,9.946666636916666,9.38527014443327,11.4683334025,5.090833385916667,12.252916653541675,9.275000093333334,12.805745939509901,12.598075547446193,9.64166985688043
2024-12-15 02:00:00,9.935000022166667,9.38527014443327,11.0375001425,6.057500044833333,11.736666658750009,8.972500163333335,12.852513055169505,12.29845516389481,9.483894959260475
2024-12-15 03:00:00,14.174999953333334,9.38527014443327,10.639166673333333,25.849166552499998,11.27104169062501,8.776666800833334,12.826903850679948,20.329044207316795,9.366367766721094
2024-12-15 04:00:00,12.8758333525,9.38527014443327,10.298333326666667,23.228333153333335,10.86083338625001,8.657500109166666,13.006609267212932,19.291825181760416,9.359024199138064
2024-12-15 05:00:00,11.745833398333334,9.38527014443327,9.946666636916666,21.984166623333333,10.480416694854176,8.42499987133333,13.003278171815698,18.107972111282812,9.417076460590932
2024-12-15 06:00:00,11.032500107499999,9.38527014443327,9.935000022166667,20.98083352833333,10.204791664770843,8.832499901833334,12.564614027937427,17.470118618366815,9.510524008933789
2024-12-15 07:00:00,10.455833275833333,9.38527014443327,14.174999953333334,20.161666552499998,11.088749984770843,17.710833233333332,8.7017701143496,12.56731872468855,9.691522597817688
2024-12-15 08:00:00,10.06833330775,9.38527014443327,12.8758333525,19.412500063333333,11.733124991229175,15.453333378333335,10.517047679588508,11.954331536215646,9.79207127367481
2024-12-15 09:00:00,9.761666615833333,9.38527014443327,11.745833398333334,18.614166418333333,12.182916681583343,13.545000159750002,11.072387491398974,11.560871877078645,9.729935222895241
2024-12-15 10:00:00,9.491666635,9.38527014443327,11.032500107499999,17.9641668,12.457291702916676,12.13000019283333,10.895176893439414,12.630351072193436,9.627957953924037
2024-12-15 11:00:00,9.2783332665,9.38527014443327,10.455833275833333,17.449166615,11.527500033541674,6.736666598333333,10.952756677046612,11.808358579564532,9.47163074335585
2024-12-15 12:00:00,9.077500184333333,9.38527014443327,10.06833330775,16.798333165833334,10.825625022354176,7.260833263,9.623761855657332,12.184221815037379,9.329567215843124
2024-12-15 13:00:00,8.909999926833335,9.38527014443327,9.761666615833333,16.174999873333334,10.329583326729175,7.777499833333332,7.369719338116946,12.966024747165049,9.16755531917606
2024-12-15 14:00:00,8.696666638166667,9.38527014443327,9.491666635,15.602499961666666,9.944374958604175,7.9508331625,7.478910301345869,12.747031285788813,9.051044058028294
2024-12-15 15:00:00,8.491666714416667,9.38527014443327,9.2783332665,14.984999973333332,9.649999956270843,8.100833257166668,7.589089650984912,12.994278010506077,8.951406659476788
2024-12-15 16:00:00,8.310833295083333,9.38527014443327,9.077500184333333,14.319166659166667,9.402291675416675,8.086667060916666,7.521671955674799,13.365848108133182,8.87652653526822
2024-12-15 17:00:00,8.108333428666667,9.38527014443327,8.909999926833335,13.661666711666667,9.189375003166676,8.058333237833336,7.417769991049786,12.881256979110821,8.821245937709387
2024-12-15 18:00:00,7.968333323833334,9.38527014443327,8.696666638166667,13.102500121666667,8.990625003958343,7.901666641333334,7.33149796379621,12.615181924870182,8.788616053129719
2024-12-15 19:00:00,7.858333389083334,9.38527014443327,8.491666714416667,12.501666545833332,8.79395836593751,7.705000162333333,8.45493690953622,10.177921121228795,8.771380509001792
2024-12-15 20:00:00,7.811666687416667,9.38527014443327,8.310833295083333,11.939166544166667,8.602291643625009,7.544166405833332,7.962097552680209,10.40358477954205,8.76721251416425
2024-12-15 21:00:00,7.682499925333333,9.38527014443327,8.108333428666667,11.4683334025,8.401875019083342,7.306666930499999,7.70052301386073,10.693041742533783,8.75538808164824
2024-12-15 22:00:00,7.59500002875,9.38527014443327,7.968333323833334,11.0375001425,8.219791690500008,7.240000009500001,7.7285717572504735,10.635515384388396,8.748335959089843
2024-12-15 23:00:00,7.4674999315,9.38527014443327,7.858333389083334,10.639166673333333,8.061458359166675,7.2250000637500005,7.984598984611685,10.497484438572583,8.745156008796666
2024-12-16 00:00:00,7.347500006333333,9.38527014443327,7.811666687416667,10.298333326666667,7.9366667072500094,7.312500079750002,9.002660348418493,10.794841625264889,8.765676599952137
2024-12-16 01:00:00,7.23249991725,9.38527014443327,7.682499925333333,9.946666636916666,7.830208331416676,7.256666421999999,9.402041842879989,10.019755132598362,8.776900988126311
2024-12-16 02:00:00,7.353333314166666,9.38527014443327,7.59500002875,9.935000022166667,7.736875007645843,7.221666733666667,9.821904050544697,10.217594753669392,8.78246381913498
2024-12-16 03:00:00,15.015000024999999,9.38527014443327,7.4674999315,14.174999953333334,7.639166643250009,7.076666473916666,10.131277358455145,16.91071851050971,8.797358834431565
2024-12-16 04:00:00,13.087499856666668,9.38527014443327,7.347500006333333,12.8758333525,7.523124972979176,6.883333325249999,10.337070821913489,15.139954175517243,8.799980380470684
2024-12-16 05:00:00,12.203333378333333,9.38527014443327,7.23249991725,11.745833398333334,7.4106249709583425,6.782499909166668,10.443779872640476,13.412411005862815,8.812915286507092
2024-12-16 06:00:00,11.415833393333335,9.38527014443327,7.353333314166666,11.032500107499999,7.350208292312509,7.111666599583332,10.293281263783513,13.173277562116098,8.806943599662183
2024-12-16 07:00:00,10.7358331675,9.38527014443327,15.015000024999999,10.455833275833333,9.237083315687508,22.562500118499997,7.611449421113153,12.610727964193803,9.06178997668102
2024-12-16 08:00:00,10.1308333085,9.38527014443327,13.087499856666668,10.06833330775,10.672083278270842,18.827499707,9.6225135852374,12.677434415003887,9.049956433171445
2024-12-16 09:00:00,9.6733332475,9.38527014443327,12.203333378333333,9.761666615833333,11.914791643541676,17.174166839416667,11.135056948698134,13.236862041061446,8.967320006253379
2024-12-16 10:00:00,9.244166692083333,9.38527014443327,11.415833393333335,9.491666635,12.930416663333343,15.478333472500005,11.871094726173137,12.216061713722315,8.822180526346195
2024-12-16 11:00:00,8.8316666285,9.38527014443327,10.7358331675,9.2783332665,11.860624948958343,6.456666309999999,12.966083676989157,11.709334205445442,8.62685167920239
2024-12-16 12:00:00,8.489166736583334,9.38527014443327,10.1308333085,9.077500184333333,11.121458311916676,7.174166760333332,11.590207184398562,11.462784767852405,8.400033280857135
2024-12-16 13:00:00,8.172500053916666,9.38527014443327,9.6733332475,8.909999926833335,10.488958279208342,7.143333116666668,8.515118052658847,10.20620667831034,8.183728969086152
2024-12-16 14:00:00,7.8975000382500005,9.38527014443327,9.244166692083333,8.696666638166667,9.946041603895841,7.072499990833331,7.908022702108337,10.758486138673831,7.978599362102559
2024-12-16 15:00:00,7.616666674583333,9.38527014443327,8.8316666285,8.491666714416667,9.469999969145842,6.927500089500002,7.555379427357858,10.443228231330945,7.791977314953981
2024-12-16 16:00:00,7.313333352416667,9.38527014443327,8.489166736583334,8.310833295083333,9.059583326166676,6.847500164666668,7.3164300795321076,10.70625740448609,7.634044932386659
2024-12-16 17:00:00,7.036666711166667,9.38527014443327,8.172500053916666,8.108333428666667,8.684375027770843,6.671666860333332,7.1974005706168,10.629331721192464,7.512316221624964
2024-12-16 18:00:00,6.81750007475,9.38527014443327,7.8975000382500005,7.968333323833334,8.34770836431251,6.550833384416668,7.174381391832046,10.46296491037527,7.425994540169038
2024-12-16 19:00:00,6.657499989000001,9.38527014443327,7.616666674583333,7.858333389083334,8.043958375833341,6.401666720666665,8.983930031645663,9.431997341935979,7.378696525386451
2024-12-16 20:00:00,6.443333268166666,9.38527014443327,7.313333352416667,7.811666687416667,7.750000029791675,6.137499968249999,8.75825721914352,10.045111798254293,7.359162412823329
2024-12-16 21:00:00,6.219166676083334,9.38527014443327,7.036666711166667,7.682499925333333,7.466041694104176,5.900833368416668,8.670629284871989,13.539918991878121,7.374674021727403
2024-12-16 22:00:00,6.084166685833334,9.38527014443327,6.81750007475,7.59500002875,7.1960417032291755,5.737500111249999,8.5882779430219,15.581851749913179,7.411598173821057
2024-12-16 23:00:00,5.907499949083333,9.38527014443327,6.657499989000001,7.4674999315,6.956250031833342,5.6983333034166685,8.620715307778266,17.029142244974352,7.474268143059475
2024-12-17 00:00:00,5.7399999697499995,9.38527014443327,6.443333268166666,7.347500006333333,6.7387500107708425,5.573333183916665,8.679199438160008,15.918085714863317,7.533442765032159
2024-12-17 01:00:00,5.6481818283636365,9.38527014443327,6.219166676083334,7.23249991725,6.534375002000009,5.401666641,8.932967243007319,15.34022382679196,7.592677747337213
2024-12-17 02:00:00,6.781666716166666,9.38527014443327,6.084166685833334,7.353333314166666,6.351041654770842,5.350833296916668,9.182256736883966,11.29339349906366,7.6537920144243685
2024-12-17 03:00:00,12.8350001175,9.38527014443327,5.907499949083333,15.015000024999999,6.163541644791675,5.157499909166666,9.391368342889997,19.392216444287726,7.696317434530794
2024-12-17 04:00:00,11.343333244999998,9.38527014443327,5.7399999697499995,13.087499856666668,5.987708320187509,5.036666671333333,9.50954887066825,18.223255815924833,7.717458213865434
2024-12-17 05:00:00,10.530833324166666,9.38527014443327,5.6481818283636365,12.203333378333333,5.844962108257585,5.077196980643939,9.519342369881908,13.63428969385305,7.736859505225489
2024-12-17 06:00:00,9.679166713999999,9.38527014443327,6.781666716166666,11.415833393333335,6.0193371158409175,7.479166746499998,9.469059178776853,12.526733034047977,7.822422127030013
2024-12-17 07:00:00,9.0424997805,9.38527014443327,12.8350001175,10.7358331675,7.751212157945085,19.762500285916666,7.05619186360831,12.017018731596718,8.184579708110306
2024-12-17 08:00:00,8.431666533333333,9.38527014443327,11.343333244999998,10.1308333085,9.152045476757584,16.946666520249998,8.771134214154372,11.303949384818804,8.28868106643095
2024-12-17 09:00:00,8.0891666015,9.38527014443327,10.530833324166666,9.6733332475,10.372708350708342,15.413484819969696,9.846368981074827,11.619161907807264,8.275391756980781
2024-12-17 10:00:00,7.7183333635,9.38527014443327,9.679166713999999,9.244166692083333,11.097083350166676,12.576666711833333,10.138187556065274,12.326708286693124,8.136756957042072
2024-12-17 11:00:00,7.513333280916666,9.38527014443327,9.0424997805,8.8316666285,10.148958265916676,5.2499994435,10.683320630163557,11.183591776306418,7.936676406445634
2024-12-17 12:00:00,7.2183333635833336,9.38527014443327,8.431666533333333,8.489166736583334,9.421041588000008,5.5199998216666675,9.267540514225693,11.152505486614047,7.699275090816906
2024-12-17 13:00:00,6.992499947583333,9.38527014443327,8.0891666015,8.172500053916666,8.810624907333342,5.647499878833335,6.811905555068492,10.484825545623778,7.5011556815853835
2024-12-17 14:00:00,6.791666666833334,9.38527014443327,7.7183333635,7.8975000382500005,8.320416569708343,5.757500013000001,6.468577834841619,10.074009551728022,7.306311532181285
2024-12-17 15:00:00,6.541666706416667,9.38527014443327,7.513333280916666,7.616666674583333,7.938124944812508,5.984166781333332,6.390971007134892,9.774070444468203,7.167058252374698
2024-12-17 16:00:00,6.328333378,9.38527014443327,7.2183333635833336,7.313333352416667,7.634791652375009,6.005000193833334,6.2198734575131756,10.058109521293623,7.045717470635898
2024-12-17 17:00:00,6.1325000525,9.38527014443327,6.992499947583333,7.036666711166667,7.360624988895842,5.895833293666666,6.083780768532618,9.909470587047766,6.965682944177077
2024-12-17 18:00:00,5.94249995525,9.38527014443327,6.791666666833334,6.81750007475,7.128958314729175,5.864999970166667,6.226313601719292,9.071229906791698,6.920630219871221
2024-12-17 19:00:00,5.8408333064999995,9.38527014443327,6.541666706416667,6.657499989000001,6.886041671104175,5.570000131916667,7.623942940073222,6.930893449254227,6.896594279971955
2024-12-17 20:00:00,5.6533332665,9.38527014443327,6.328333378,6.443333268166666,6.663541674708342,5.438333392416666,7.400137572756012,7.558777222851731,6.896317533542412
2024-12-17 21:00:00,5.5,9.38527014443327,6.1325000525,6.219166676083334,6.4485417009375094,5.272500157416667,7.391274509685592,7.858653410432132,6.92212670056431
2024-12-17 22:00:00,5.395000020416667,9.38527014443327,5.94249995525,6.084166685833334,6.236250023041675,5.093333243666666,7.531684316662687,8.355811349317458,6.9635504022457155
2024-12-17 23:00:00,5.289166689083333,9.38527014443327,5.8408333064999995,5.907499949083333,6.061041673062509,5.139999906583332,7.871358744542386,9.412491513587621,7.02652146134961
2024-12-18 00:00:00,5.200000007916667,9.38527014443327,5.6533332665,5.7399999697499995,5.892291645187509,4.978333155,8.122185214633793,9.200619862810923,7.092060397046154
2024-12-18 01:00:00,5.0383333764166665,9.38527014443327,5.5,5.6481818283636365,5.734166632062509,4.8674999475,8.505956186197624,9.618480871378779,7.160206500495098
2024-12-18 02:00:00,4.93416663,9.38527014443327,5.395000020416667,6.781666716166666,5.597291648354176,4.847500085583334,8.876089867376232,10.2074354608942,7.231476108784896
2024-12-18 03:00:00,12.8899998675,9.38527014443327,5.289166689083333,12.8350001175,5.459374994000009,4.737500071666667,9.184649383981846,18.586068954567068,7.304586991930517
2024-12-18 04:00:00,10.70749998,9.38527014443327,5.200000007916667,11.343333244999998,5.346041679354176,4.746666749333333,9.335063476087951,16.579546749289452,7.372490088097964
2024-12-18 05:00:00,9.757500012416665,9.38527014443327,5.0383333764166665,10.530833324166666,5.230625023458343,4.576666752833333,9.319731973141629,14.182424372468253,7.4228152304925965
2024-12-18 06:00:00,9.086666663666668,9.38527014443327,4.93416663,9.679166713999999,5.115416675854176,4.473333239583333,9.00912476083413,13.737557314547345,7.46660807521951
2024-12-18 07:00:00,8.62750013675,9.38527014443327,12.8899998675,9.0424997805,7.015624970458342,20.490833045916666,7.697766949602809,11.890756173503064,8.313996460309395
2024-12-18 08:00:00,8.078333218916667,9.38527014443327,10.70749998,8.431666533333333,8.392499963479176,16.214999952083332,8.75053436671308,11.873126843603787,8.47901093206239
2024-12-18 09:00:00,7.690000057333333,9.38527014443327,9.757500012416665,8.0891666015,9.572291622479176,14.476666648416664,9.354420820924068,10.182213099431209,8.394543195437713
2024-12-18 10:00:00,7.293333292,9.38527014443327,9.086666663666668,7.7183333635,10.610416630895843,13.239166697333335,9.807183630425829,9.352377280028985,8.25314285305377
2024-12-18 11:00:00,6.969999988916666,9.38527014443327,8.62750013675,7.513333280916666,9.544791698208343,4.365000405999998,10.905637722577481,9.310003208565467,8.092071234945767
2024-12-18 12:00:00,6.669999996833333,9.38527014443327,8.078333218916667,7.2183333635833336,8.887500007937508,5.449166457833334,10.112860785519542,9.063151434399378,7.8996383669324155
2024-12-18 13:00:00,6.460833350750001,9.38527014443327,7.690000057333333,6.992499947583333,8.370625019166676,5.622500102250001,7.59669695036744,8.686338951462037,7.711460617632575
2024-12-18 14:00:00,6.245000044583333,9.38527014443327,7.293333292,6.791666666833334,7.922291676250008,5.499999920333332,6.845801525900194,9.35377471443402,7.512535454907627
2024-12-18 15:00:00,6.043333331916667,9.38527014443327,6.969999988916666,6.541666706416667,7.507916639291675,5.3124998410833335,6.164581295843423,7.639375680759868,7.33719979339725
2024-12-18 16:00:00,5.808333357166667,9.38527014443327,6.669999996833333,6.328333378,7.1558333337708415,5.261666774749999,5.613044031750185,8.472814589538372,7.177243489024976
2024-12-18 17:00:00,5.640833377833334,9.38527014443327,6.460833350750001,6.1325000525,6.848541657125009,5.231666644166668,5.503400925882929,7.508114748089712,7.060174339675523
2024-12-18 18:00:00,5.4583332935,9.38527014443327,6.245000044583333,5.94249995525,6.586458345270842,5.196666797166666,5.583334320893112,7.913215194273355,6.99255468082352
2024-12-18 19:00:00,5.320833325333333,9.38527014443327,6.043333331916667,5.8408333064999995,6.354791681020842,5.116666674916668,7.521229731719298,7.104386209510576,6.970329550895343
2024-12-18 20:00:00,5.139999985583334,9.38527014443327,5.808333357166667,5.6533332665,6.1393750211041755,4.946666717500001,7.453742574047878,6.740822045041092,6.986991565096302
2024-12-18 21:00:00,5.017500043,9.38527014443327,5.640833377833334,5.5,5.934375027875009,4.820833404916668,7.655004315933418,8.370378604842703,7.061159465854764
2024-12-18 22:00:00,4.880833307833334,9.38527014443327,5.4583332935,5.395000020416667,5.737708340104176,4.671666542416667,7.832966558233025,10.220045204252637,7.174086529754625
2024-12-18 23:00:00,4.856666724,9.38527014443327,5.320833325333333,5.289166689083333,5.557083338458343,4.598333318749999,7.966121183501477,8.958916050635493,7.316707745276307
2024-12-19 00:00:00,4.7299999395,9.38527014443327,5.139999985583334,5.200000007916667,5.389999995562509,4.471666614,8.066966277617778,10.717140293546237,7.4797237775344785
2024-12-19 01:00:00,4.640833377833333,9.38527014443327,5.017500043,5.0383333764166665,5.234166661854175,4.394166708166666,8.33853669178031,11.64890563076429,7.654634638969878
2024-12-19 02:00:00,4.789166689,9.38527014443327,4.880833307833334,4.93416663,5.089791665437509,4.303333322166668,8.723355945084663,12.589947585796157,7.841207999246591
2024-12-19 03:00:00,11.5200000595,9.38527014443327,4.856666724,12.8899998675,4.973750015104176,4.392500122666667,9.097347766805145,20.22456579539182,8.037380218322095
2024-12-19 04:00:00,10.890833298333334,9.38527014443327,4.7299999395,10.70749998,4.871250003583342,4.319999893416666,9.271650566464045,19.287442506452688,8.208735087440841
2024-12-19 05:00:00,10.126666704583334,9.38527014443327,4.640833377833333,9.757500012416665,4.777083337291676,4.2641667126666665,9.319541816868579,18.332571627927432,8.351745869117075
2024-12-19 06:00:00,9.514999866583333,9.38527014443327,4.789166689,9.086666663666668,4.754166682583342,4.697500070166666,9.351949002902833,19.508986286717843,8.509362427634015
2024-12-19 07:00:00,8.93500002225,9.38527014443327,11.5200000595,8.62750013675,6.420000016458342,18.183333395,5.8580629356436695,13.478896749511659,8.80850898224411
2024-12-19 08:00:00,8.451666673166667,9.38527014443327,10.890833298333334,8.078333218916667,7.960208356166676,17.051666657166667,7.89165489130372,13.928809569257457,8.92413133428726
2024-12-19 09:00:00,8.045833349083333,9.38527014443327,10.126666704583334,7.690000057333333,9.331666687854176,15.612500031333335,9.065378514048737,11.755278663233009,8.86219814547379
2024-12-19 10:00:00,7.70416665075,9.38527014443327,9.514999866583333,7.293333292,10.513124982250009,14.240833044166665,9.569866884422126,10.58940129708068,8.717310748251851
2024-12-19 11:00:00,7.4449999729166665,9.38527014443327,8.93500002225,6.969999988916666,9.86687497293751,6.349999985,10.817551076258194,10.299572770210148,8.506208102010241
2024-12-19 12:00:00,7.209999958666667,9.38527014443327,8.451666673166667,6.669999996833333,9.257083316645843,6.012500048,9.994680107772986,9.934582616503953,8.27257767002296
2024-12-19 13:00:00,6.8775000175,9.38527014443327,8.045833349083333,6.460833350750001,8.736874977770842,5.964999993583332,7.07714492668379,8.908865607691581,8.03435124003948
2024-12-19 14:00:00,6.6700000365,9.38527014443327,7.70416665075,6.245000044583333,8.284166673812509,5.893333434916668,6.506905692860812,9.082628417077714,7.807453334039442
2024-12-19 15:00:00,6.36999992525,9.38527014443327,7.4449999729166665,6.043333331916667,7.911666661479176,5.954999923583333,6.14971800170626,9.561555221123061,7.619176787403128
2024-12-19 16:00:00,6.230000018999999,9.38527014443327,7.209999958666667,5.808333357166667,7.601249982854176,5.968333244166667,5.885601201017371,9.281438766889192,7.475137104070759
2024-12-19 17:00:00,6.0299999715,9.38527014443327,6.8775000175,5.640833377833334,7.3091666499583425,5.709166685916667,5.596499033955073,11.59242875563454,7.338517043763797
2024-12-19 18:00:00,5.77916665875,9.38527014443327,6.6700000365,5.4583332935,7.050624996395841,5.63583342225,5.615703936466025,12.331372481992462,7.257799762224682
2024-12-19 19:00:00,5.617500027166667,9.38527014443327,6.36999992525,5.320833325333333,6.781874984479176,5.294999877583334,7.335983743256622,12.995461311757875,7.205570137456367
2024-12-19 20:00:00,5.4683332839166665,9.38527014443327,6.230000018999999,5.139999985583334,6.536874999562509,5.250000079333332,7.3334010244496906,15.177604507600412,7.220654241459249
2024-12-19 21:00:00,5.335833390833333,9.38527014443327,6.0299999715,5.017500043,6.324999988062509,5.182499925499999,7.436370471641189,14.826156485068255,7.280972720202191
2024-12-19 22:00:00,5.243333379416667,9.38527014443327,5.77916665875,4.880833307833334,6.1022916436250085,4.888333281,7.609593921691256,13.888074079574197,7.361819121603239
2024-12-19 23:00:00,5.065833369916667,9.38527014443327,5.617500027166667,4.856666724,5.914166669104175,4.865000129083334,7.8138388057121295,12.933749103930026,7.482714603531539
2024-12-20 00:00:00,4.96999998875,9.38527014443327,5.4683332839166665,4.7299999395,5.723749985333342,4.706666548833334,8.00599634546211,13.593300480101927,7.634715871647173
2024-12-20 01:00:00,4.934999863,9.38527014443327,5.335833390833333,4.640833377833333,5.550208340166675,4.641666810166666,8.309907417273472,14.076589720197068,7.803365772191967
2024-12-20 02:00:00,5.226666689083333,9.38527014443327,5.243333379416667,4.789166689,5.416250020333342,4.707500100083333,8.715709057074704,13.618068773323262,7.980068082737128
2024-12-20 03:00:00,17.030833403333332,9.38527014443327,5.065833369916667,11.5200000595,5.278333356020842,4.5141667126666665,9.00376865369535,19.439660297330597,8.142745157562818
2024-12-20 04:00:00,15.365833281666667,9.38527014443327,4.96999998875,10.890833298333334,5.153750032229175,4.471666693583333,9.136953673683509,19.727686345444894,8.281711654611012
2024-12-20 05:00:00,14.311666566666666,9.38527014443327,4.934999863,10.126666704583334,5.053541650270843,4.534166335166667,9.245619628938398,18.398465529218758,8.420479631650975
2024-12-20 06:00:00,13.589999993333334,9.38527014443327,5.226666689083333,9.514999866583333,5.049374977687509,5.20999999875,9.22190501415109,17.259959970617015,8.564134304325577
2024-12-20 07:00:00,12.888333479166667,9.38527014443327,17.030833403333332,8.93500002225,8.040624986041674,28.995833436749997,7.605801583694532,15.953430541076907,9.75159248167761
2024-12-20 08:00:00,12.288333255,9.38527014443327,15.365833281666667,8.451666673166667,10.639583309270844,25.761666574583334,9.665449383055385,13.62055060252779,10.250911550975442
2024-12-20 09:00:00,11.783333300833334,9.38527014443327,14.311666566666666,8.045833349083333,12.983749985187508,23.68833327033333,10.994329039374174,12.422452862198432,10.334601222985576
2024-12-20 10:00:00,11.280833324166666,9.38527014443327,13.589999993333334,7.70416665075,15.07458331125001,21.953333297583335,11.869895103704522,11.234662322024102,10.233806372353099
2024-12-20 11:00:00,10.777500073333334,9.38527014443327,12.888333479166667,7.4449999729166665,14.038958330208343,8.745833555,13.401556815869288,11.45083863007321,9.996616887324763
2024-12-20 12:00:00,10.815833330833334,9.38527014443327,12.288333255,7.209999958666667,13.269583323541674,9.210833228333332,12.186743362089318,11.33524473455479,9.719758136313425
2024-12-20 13:00:00,15.925833064999999,9.38527014443327,11.783333300833334,6.8775000175,12.637500007083343,9.255000035000002,9.455809926831249,10.988798691375163,9.427784545042107
2024-12-20 14:00:00,12.618333339166668,9.38527014443327,11.280833324166666,6.6700000365,12.060208339791675,8.971666654999998,8.946183362373105,11.591579810015942,9.136194852246724
2024-12-20 15:00:00,11.569999933333333,9.38527014443327,10.777500073333334,6.36999992525,11.532499988333342,8.666666667500001,8.448378267849263,11.377636085191092,8.858789210287652
2024-12-20 16:00:00,10.879166601666666,9.38527014443327,10.815833330833334,6.230000018999999,11.164375007291676,9.343333406666668,7.880194944444163,12.908241169472289,8.644933584806779
2024-12-20 17:00:00,10.242499988083333,9.38527014443327,15.925833064999999,6.0299999715,12.199999948333343,20.068332829166664,7.3300602887843125,12.702878034071697,9.171914929597023
2024-12-20 18:00:00,9.649999936416666,9.38527014443327,12.618333339166668,5.77916665875,12.534374952083343,13.95583335416667,7.327289758227719,13.102660170740984,8.784134476400366
2024-12-20 19:00:00,9.093333244416668,9.38527014443327,11.569999933333333,5.617500027166667,12.732499917083343,12.362499793333333,10.360727518684476,13.825263766112338,8.494213834879805
2024-12-20 20:00:00,8.609999895166666,9.38527014443327,10.879166601666666,5.4683332839166665,12.748333234791676,10.9424998725,10.970804257439266,12.35953086962964,8.278708300997799
2024-12-20 21:00:00,8.21000011775,9.38527014443327,10.242499988083333,5.335833390833333,11.32749996556251,4.559166911166667,11.93702168625807,12.533974930703366,8.094612347994818
2024-12-20 22:00:00,7.870833357166667,9.38527014443327,9.649999936416666,5.243333379416667,10.585416614875008,6.6816665336666645,11.351673083694017,11.211597030045283,7.939095375237201
2024-12-20 23:00:00,7.464166680999999,9.38527014443327,9.093333244416668,5.065833369916667,9.966249942645842,6.616666555500002,10.105507106051896,10.156571722353393,7.786749028240285
2024-12-21 00:00:00,7.080833355583334,9.38527014443327,8.609999895166666,4.96999998875,9.398958266020841,6.340833188666666,9.609832757763229,8.686877696318584,7.643943030380357
2024-12-21 01:00:00,6.813333352416667,9.38527014443327,8.21000011775,4.934999863,8.89083329843751,6.177500247416669,9.749531956241219,9.318712363650684,7.532688687955362
2024-12-21 02:00:00,6.5191666284166665,9.38527014443327,7.870833357166667,5.226666689083333,8.44604165362501,6.091666777916668,10.007144324809255,9.223802065540992,7.471634211763478
2024-12-21 03:00:00,20.429999669166666,9.38527014443327,7.464166680999999,17.030833403333332,8.038750012770842,5.835000117583331,10.243103185225198,18.79548182565589,7.461646569786145
2024-12-21 04:00:00,17.542500019166667,9.38527014443327,7.080833355583334,15.365833281666667,7.656458377875009,5.551666816000001,10.45824347010871,16.714790233332298,7.513622083249555
2024-12-21 05:00:00,15.769166709166667,9.38527014443327,6.813333352416667,14.311666566666666,7.307291686541675,5.416666587083332,11.3570421496982,13.114430766535145,7.6072040877027725
2024-12-21 06:00:00,14.415000041666666,9.38527014443327,6.5191666284166665,13.589999993333334,6.969375004354176,5.167499899666666,10.738281562419155,12.292021535644233,7.669379500821728
2024-12-21 07:00:00,13.225833415833334,9.38527014443327,20.429999669166666,12.888333479166667,10.210833251395842,33.39583265733333,11.35653214350619,14.327662822443072,9.885884683128657
2024-12-21 08:00:00,12.419166644166665,9.38527014443327,17.542500019166667,12.288333255,12.826249917291676,28.00416668275,12.358664556125616,13.343512625132401,10.737157376611911
2024-12-21 09:00:00,11.632500012500001,9.38527014443327,15.769166709166667,11.783333300833334,15.065208256479176,24.725000065916667,13.090470755656082,12.55684623761427,10.92010570032386
2024-12-21 10:00:00,10.999166726666667,9.38527014443327,14.415000041666666,11.280833324166666,17.039166609791675,22.310833454916665,13.17419862280757,12.631112053555565,10.77838504957239
2024-12-21 11:00:00,10.464999914166667,9.38527014443327,13.225833415833334,10.777500073333334,15.238125046458343,6.021667162500002,13.949482988433486,12.66579734979498,10.472821757435618
2024-12-21 12:00:00,9.89333319575,9.38527014443327,12.419166644166665,10.815833330833334,13.957291702708343,7.295833269166664,12.331604146761265,11.412821960983198,10.109062349799137
2024-12-21 13:00:00,9.397500038083333,9.38527014443327,11.632500012500001,15.925833064999999,12.923125028541675,7.495833315833336,9.35200090161539,10.878554048539057,9.69321314979168
2024-12-21 14:00:00,8.913333415916666,9.38527014443327,10.999166726666667,12.618333339166668,12.069166699791676,7.583333411666668,8.41822109228651,10.09151220658233,9.263844925849806
2024-12-21 15:00:00,8.475000063666668,9.38527014443327,10.464999914166667,11.569999933333333,11.378958324375008,7.704166412499999,7.929053336339524,9.3951506172241,8.903046929225303
2024-12-21 16:00:00,8.051666617166667,9.38527014443327,9.89333319575,10.879166601666666,10.747499962270844,7.3674997473333335,7.440661475814029,8.239058212336344,8.567373974334387
2024-12-21 17:00:00,7.776666641333333,9.38527014443327,9.397500038083333,10.242499988083333,10.188749968666675,7.1625000636666645,6.395418484883997,10.717385280027225,8.278403225072639
2024-12-21 18:00:00,7.469999988916666,9.38527014443327,8.913333415916666,9.649999936416666,9.667291640979176,6.827500105166665,6.436573483101532,10.222198519861678,8.03111669496455
2024-12-21 19:00:00,7.17750004925,9.38527014443327,8.475000063666668,9.093333244416668,9.169791678354175,6.4850002131666695,8.678245499647744,9.065868576636108,7.841927910097518
2024-12-21 20:00:00,6.870833317416667,9.38527014443327,8.051666617166667,8.609999895166666,8.709375033708342,6.210000038583335,8.34774534437931,8.495963683004208,7.686526817789311
2024-12-21 21:00:00,6.604166627000001,9.38527014443327,7.776666641333333,8.21000011775,8.304166684520842,6.155833244583333,8.26305367036886,9.182754057004347,7.59694937972656
2024-12-21 22:00:00,6.476666688833333,9.38527014443327,7.469999988916666,7.870833357166667,7.9433333277708424,6.026666561916667,8.239193089322654,9.077289938312209,7.54479947615194
2024-12-21 23:00:00,6.27666664125,9.38527014443327,7.17750004925,7.464166680999999,7.618958324166675,5.880000034833332,8.319256107347613,8.736848490186427,7.537189234058035
2024-12-22 00:00:00,6.1609090890000004,9.38527014443327,6.870833317416667,7.080833355583334,7.323749999229175,5.690000017666668,8.380186690193646,8.263123049969588,7.551597558585071
2024-12-22 01:00:00,6.1824999250833335,9.38527014443327,6.604166627000001,6.813333352416667,7.030624995645843,5.431666612666668,8.667985383504003,8.006188387119575,7.600118581894514
2024-12-22 02:00:00,6.01249996825,9.38527014443327,6.476666688833333,6.5191666284166665,6.782291670625009,5.48333338875,9.107921579280635,8.429578207151884,7.697572616253678
2024-12-22 03:00:00,25.1399998675,9.38527014443327,6.27666664125,20.429999669166666,6.5570833186250095,5.375833233250001,9.382514527622076,17.959039417000398,7.798158127573067
2024-12-22 04:00:00,22.760909166363636,9.38527014443327,6.1609090890000004,17.542500019166667,6.3796022615208425,5.4509848605833335,9.604480842655658,15.659883353376848,7.914734144395802
2024-12-22 05:00:00,20.9358334525,9.38527014443327,6.1824999250833335,15.769166709166667,6.274185586041677,5.760833223166666,9.671521381198026,14.695899716139133,8.025759003670373
2024-12-22 06:00:00,19.475833415833332,9.38527014443327,6.01249996825,14.415000041666666,6.158143905895843,5.548333247666667,9.47573709688213,14.492075433161222,8.107008851255232
2024-12-22 07:00:00,17.97749996083333,9.38527014443327,25.1399998675,13.225833415833334,10.873977212458342,44.00333309375,11.657601312793018,14.812155177073917,11.3160647828126
2024-12-22 08:00:00,16.7727271,9.38527014443327,22.760909166363636,12.419166644166665,15.02397723179925,39.36090924372727,13.505893845316468,16.10261480138586,12.833323381445298
2024-12-22 09:00:00,15.804166874166667,9.38527014443327,20.9358334525,11.632500012500001,18.712310613653415,35.68916697991666,14.508943173689719,16.688839950628957,13.1413390256235
2024-12-22 10:00:00,14.666666667500001,9.38527014443327,19.475833415833332,10.999166726666667,22.07814397554925,32.93916686341666,15.102577968220793,15.732278559827403,12.938774590406341
2024-12-22 11:00:00,13.87499992,9.38527014443327,17.97749996083333,10.464999914166667,20.287518998882582,10.815000054166664,16.66802031045418,15.290801411080144,12.418296555376557
2024-12-22 12:00:00,13.12272722,9.38527014443327,16.7727271,9.89333319575,18.790473482291674,10.784545033636366,15.266865237760516,14.782187164113864,11.82568536069812
2024-12-22 13:00:00,12.519999900833334,9.38527014443327,15.804166874166667,9.397500038083333,17.507556837708343,10.672500295833334,12.608052745467614,14.665822112430584,11.268418699603966
2024-12-22 14:00:00,11.916666665833333,9.38527014443327,14.666666667500001,8.913333415916666,16.305265150625008,9.85749991916667,11.533285993971756,13.722639459922886,10.704807370365826
2024-12-22 15:00:00,11.223333358333333,9.38527014443327,13.87499992,8.475000063666668,15.279640140416676,9.77249987916667,10.54717302709632,13.30391393150924,10.222355063495442
2024-12-22 16:00:00,10.694999932499998,9.38527014443327,13.12272722,8.051666617166667,14.367140170416675,9.472727339999999,9.802857676381109,12.87271425141847,9.814079519248352
2024-12-22 17:00:00,10.076666673,9.38527014443327,12.519999900833334,7.776666641333333,13.546098427083344,9.2358329275,9.39374008533625,12.918914077633298,9.503413554662682
2024-12-22 18:00:00,9.470000093545455,9.38527014443327,11.916666665833333,7.469999988916666,12.858598426666676,9.166666664166664,9.142269325452824,12.888813092811967,9.236822537501169
2024-12-22 19:00:00,9.018333355583334,9.38527014443327,11.223333358333333,7.17750004925,12.19568178625001,8.571666796666666,11.7686481696138,11.431317706491798,9.005290676963382
2024-12-22 20:00:00,8.6158332825,9.38527014443327,10.694999932499998,6.870833317416667,11.588749964375008,8.267272644999997,11.250261818076886,10.49568978452788,8.807615926925624
2024-12-22 21:00:00,8.188333272916667,9.38527014443327,10.076666673,6.604166627000001,10.977916657416674,7.633333445166667,10.946707189547507,10.498403612182098,8.620513488405392
2024-12-22 22:00:00,7.814545457818181,9.38527014443327,9.470000093545455,6.476666688833333,10.366250014344704,7.023333521257577,10.768864157628462,10.268851893108147,8.453230521613932
2024-12-22 23:00:00,7.5224999585833325,9.38527014443327,9.018333355583334,6.27666664125,9.815000013657205,6.813333352833334,10.691334536896896,10.543186494877004,8.308903343726797
2024-12-23 00:00:00,7.1933333875,9.38527014443327,8.6158332825,6.1609090890000004,9.295208351157207,6.536666632500003,11.295677630774769,10.29311547524899,8.19388879460594
2024-12-23 01:00:00,6.8150000175,9.38527014443327,8.188333272916667,6.1824999250833335,8.823125001136372,6.299999872833334,11.345677758083935,10.443306631025074,8.111294719572024
2024-12-23 02:00:00,6.927272709818182,9.38527014443327,7.814545457818181,6.01249996825,8.409261342204555,6.159090822090908,11.431243172201409,10.521046950427253,8.087762162067238
2024-12-23 03:00:00,13.763333320000001,9.38527014443327,7.5224999585833325,25.1399998675,8.035302992954554,6.0266665615833315,11.561106802207785,18.21437729442117,8.149356322268586
2024-12-23 04:00:00,11.65500013,9.38527014443327,7.1933333875,22.760909166363636,7.679678019204554,5.7708334924999996,11.509608683771251,16.651264466853444,8.263899235113168
2024-12-23 05:00:00,10.532500027500001,9.38527014443327,6.8150000175,20.9358334525,7.336344705350387,5.441666762083333,11.30945295299213,16.653878854901922,8.370678086667795
2024-12-23 06:00:00,9.718333403333334,9.38527014443327,6.927272709818182,19.475833415833332,7.114526518350388,6.039999961818183,11.198814755762864,16.529215801804884,8.49270802965424
2024-12-23 07:00:00,10.323333343416666,9.38527014443327,13.763333320000001,17.97749996083333,8.674734858704555,20.00416668141667,5.7394034034642605,12.302622580436333,8.654364388482074
2024-12-23 08:00:00,10.536666710083333,9.38527014443327,11.65500013,16.7727271,9.790151544329555,16.116666872499998,8.244857250564417,11.438854628175926,8.598279959280022
2024-12-23 09:00:00,9.334166685583334,9.38527014443327,10.532500027500001,15.804166874166667,10.719526546829554,14.250000037500001,9.766280819229777,10.736395715790053,8.416522328539628
2024-12-23 10:00:00,8.668333450916666,9.38527014443327,9.718333403333334,14.666666667500001,11.417291720208343,12.509394096848485,10.546591606760211,11.840619357497259,8.188935047753032
2024-12-23 11:00:00,8.06500005725,9.38527014443327,10.323333343416666,13.87499992,10.557291726062509,6.88333336683333,12.34142410310937,11.675400976158475,8.16442419731418
2024-12-23 12:00:00,7.572500030166666,9.38527014443327,10.536666710083333,13.12272722,10.277708371083342,9.418333290166666,11.387704774727387,12.375308479964001,8.152034242580392
2024-12-23 13:00:00,7.233333388999999,9.38527014443327,9.334166685583334,12.519999900833334,9.978125035604176,8.135833343666667,7.31284361080507,11.504648485430904,7.920958803671421
2024-12-23 14:00:00,6.906666676166666,9.38527014443327,8.668333450916666,11.916666665833333,9.715625047500009,7.618333498499998,6.88974222455464,9.598896177953755,7.669916480004979
2024-12-23 15:00:00,6.5224999984166665,9.38527014443327,8.06500005725,11.223333358333333,9.151041725958342,5.806666771083334,6.443271870478497,9.372797632688908,7.4113326737741945
2024-12-23 16:00:00,6.325000007833334,9.38527014443327,7.572500030166666,10.694999932499998,8.410000055979175,4.60833335025,6.020642365327068,9.739663086842453,7.179646513577805
2024-12-23 17:00:00,6.009166638083333,9.38527014443327,7.233333388999999,10.076666673,7.884791731833342,5.132500092416665,5.630422187898706,10.096163950918559,6.998593134168149
2024-12-23 18:00:00,5.844166676166666,9.38527014443327,6.906666676166666,9.470000093545455,7.444375038145841,5.144999901416666,5.522571115857231,8.810260393893731,6.869460602260512
2024-12-23 19:00:00,5.6316666602500005,9.38527014443327,6.5224999984166665,9.018333355583334,7.058750023437509,4.979999939583333,7.9626756905656375,8.0883546255456,6.779134781491942
2024-12-23 20:00:00,5.495833396999999,9.38527014443327,6.325000007833334,8.6158332825,6.746875017854175,5.077499985500002,7.754072030740149,7.585037155894614,6.7549066565721585
2024-12-23 21:00:00,5.27499997625,9.38527014443327,6.009166638083333,8.188333272916667,6.440833330125009,4.784999887166667,7.735830925838001,8.136031877859663,6.775177763099144
2024-12-23 22:00:00,5.154999971333333,9.38527014443327,5.844166676166666,7.814545457818181,6.17520833012501,4.781666676166666,7.8875288993232155,8.13432887733553,6.870124281198029
2024-12-23 23:00:00,4.988333344416667,9.38527014443327,5.6316666602500005,7.5224999585833325,5.952499995583342,4.7408333220833345,8.215478663514785,7.263354623197947,7.011029355666136
2024-12-24 00:00:00,4.862499992,9.38527014443327,5.495833396999999,7.1933333875,5.745208342875008,4.666666786166664,8.542145599847045,6.582988057857401,7.19996488338391
2024-12-24 01:00:00,4.789999961916666,9.38527014443327,5.27499997625,6.8150000175,5.561666677416675,4.540833314416667,8.615789838583662,7.210652767666329,7.381535596396941
2024-12-24 02:00:00,4.8241666955,9.38527014443327,5.154999971333333,6.927272709818182,5.389375001208341,4.4658332665,8.779971820839807,7.972429980138697,7.545941482251632
2024-12-24 03:00:00,18.35916686166667,9.38527014443327,4.988333344416667,13.763333320000001,5.228541672250008,4.345000028583333,8.855732163919429,17.001681066165244,7.661632309105796
2024-12-24 04:00:00,16.61083324666667,9.38527014443327,4.862499992,11.65500013,5.070208321000009,4.229166587000001,9.040487625642466,15.515980649379117,7.737705404034311
2024-12-24 05:00:00,15.172499975000001,9.38527014443327,4.789999961916666,10.532500027500001,4.948958317416675,4.304999947583332,9.188788146170474,13.236479605805386,7.785153038414351
2024-12-24 06:00:00,13.780833244166667,9.38527014443327,4.8241666955,9.718333403333334,4.866249998458342,4.4933334196666666,9.242897620406787,12.752056385138076,7.81085330059129
2024-12-24 07:00:00,12.771666606666665,9.38527014443327,18.35916686166667,10.323333343416666,8.208958377770843,31.73000037891667,9.266343999281263,14.275634912453544,9.671633103120794
2024-12-24 08:00:00,11.752499976666668,9.38527014443327,16.61083324666667,10.536666710083333,11.14604169143751,28.359166501333338,11.262823743180215,14.723716110075678,10.56349877853427
2024-12-24 09:00:00,10.922499895833333,9.38527014443327,15.172499975000001,9.334166685583334,13.741666694708345,25.554999988083335,12.464821733412602,13.628735955055644,10.787700328696463
2024-12-24 10:00:00,10.3975000375,9.38527014443327,13.780833244166667,8.668333450916666,15.98083333187501,22.737499792833333,12.656973328468895,12.537594311875326,10.617627262484927
2024-12-24 11:00:00,9.93583337575,9.38527014443327,12.771666606666665,8.06500005725,14.58395826812501,7.184166351666661,13.456752017584712,11.608441721039569,10.269576560168007
2024-12-24 12:00:00,9.414999961916667,9.38527014443327,11.752499976666668,7.572500030166666,13.369374950625009,6.894166706666667,11.843367981437414,11.730987944243099,9.816973256220233
2024-12-24 13:00:00,9.157500028666666,9.38527014443327,10.922499895833333,7.233333388999999,12.306874930833343,6.672499816666665,8.837929827193078,10.183989531452063,9.334582177184046
2024-12-24 14:00:00,8.665000041499999,9.38527014443327,10.3975000375,6.906666676166666,11.461041629166676,7.014166830833334,8.247548231922856,10.50310222886737,8.91402752714197
2024-12-24 15:00:00,8.326666752500001,9.38527014443327,9.93583337575,6.5224999984166665,10.75208332143751,7.100000144833336,7.970894867159659,10.282159664748168,8.557815759108454
2024-12-24 16:00:00,7.879166722250001,9.38527014443327,9.414999961916667,6.325000007833334,10.167708317750009,7.077499947166666,7.578767708153382,10.610400298017899,8.235447025801706
2024-12-24 17:00:00,7.589999953916667,9.38527014443327,9.157500028666666,6.009166638083333,9.726458350958342,7.392500161499999,7.397686812257162,10.949282878144427,7.993138087724997
2024-12-24 18:00:00,7.2491666475,9.38527014443327,8.665000041499999,5.844166676166666,9.293333351958342,6.932500045499998,7.151304979855739,10.655069359978283,7.74953318199327
2024-12-24 19:00:00,7.006666740083333,9.38527014443327,8.326666752500001,5.6316666602500005,8.891041696145843,6.717500129250002,9.440641690534653,9.075406523740119,7.557595866614303
2024-12-24 20:00:00,6.765833338166666,9.38527014443327,7.879166722250001,5.495833396999999,8.507083386229176,6.3433334825833345,9.044832802714645,7.276477174709191,7.367254968139093
2024-12-24 21:00:00,6.538333336416667,9.38527014443327,7.589999953916667,5.27499997625,8.115208367541676,6.022499879166668,8.855798157271211,8.0002212244315,7.2234265459700175
2024-12-24 22:00:00,6.349999984083333,9.38527014443327,7.2491666475,5.154999971333333,7.761250019041677,5.833333253500001,8.937259384020239,8.291023505807814,7.121227534633937
2024-12-24 23:00:00,6.223333279166667,9.38527014443327,7.006666740083333,4.988333344416667,7.4312500159375094,5.686666727666665,9.23952608995907,9.334415005882331,7.0722777251898306
2024-12-25 00:00:00,6.0241666235833335,9.38527014443327,6.765833338166666,4.862499992,7.152916669916676,5.652499954083331,9.477344700518884,11.432530183291634,7.073580881988207
2024-12-25 01:00:00,5.850833336416667,9.38527014443327,6.538333336416667,4.789999961916666,6.890000015541677,5.486666718916666,9.761972814455136,12.569318132375068,7.118388605982722
2024-12-25 02:00:00,5.715833306166666,9.38527014443327,6.349999984083333,4.8241666955,6.66520834968751,5.450833320666667,9.974291794142085,13.313209933384213,7.2052629261420895
2024-12-25 03:00:00,20.168333292499998,9.38527014443327,6.223333279166667,18.35916686166667,6.4693749844583435,5.4399998182500005,10.202785426033156,22.330766633277378,7.3368360654510125
2024-12-25 04:00:00,17.949999967500002,9.38527014443327,6.0241666235833335,16.61083324666667,6.28395830581251,5.282499909000001,10.10259980995088,20.058543207042632,7.450255692440495
2024-12-25 05:00:00,16.304166634999998,9.38527014443327,5.850833336416667,15.172499975000001,6.112083305812511,5.163333336416667,10.048304726233834,18.763866971899414,7.533338415683982
2024-12-25 06:00:00,14.679166715000001,9.38527014443327,5.715833306166666,13.780833244166667,5.953541636333343,5.081666628249999,9.877794714349493,18.099374723984532,7.571099497952166
2024-12-25 07:00:00,12.969166676666667,9.38527014443327,20.168333292499998,12.771666606666665,9.439791639666677,34.11333330583333,10.763754800618202,17.078774064446982,10.056345286875084
2024-12-25 08:00:00,11.958333412500002,9.38527014443327,17.949999967500002,11.752499976666668,12.421249975645843,29.87583331141667,11.913545113065322,15.360670902545712,11.167131357061507
2024-12-25 09:00:00,11.2324999175,9.38527014443327,16.304166634999998,10.922499895833333,15.034583300291676,26.75749993358333,12.758462401774057,14.453141139838753,11.418514346471722
2024-12-25 10:00:00,10.901666720833333,9.38527014443327,14.679166715000001,10.3975000375,17.27541665250001,23.642500123833337,12.961231673722308,12.627267579782501,11.172314800603749
2024-12-25 11:00:00,10.5325000275,9.38527014443327,12.969166676666667,9.93583337575,15.475624998541676,5.770000060833336,13.42625628380102,11.914888863332886,10.562937384735452
2024-12-25 12:00:00,10.030833403416667,9.38527014443327,11.958333412500002,9.414999961916667,13.977708359791675,5.966666857500002,11.859454719082228,11.626400413853512,9.929923667041106
2024-12-25 13:00:00,9.66166671125,9.38527014443327,11.2324999175,9.157500028666666,12.709791680416677,6.160833200000003,9.80673683789571,12.08906101184607,9.354449056775575
2024-12-25 14:00:00,9.210833311166667,9.38527014443327,10.901666720833333,8.665000041499999,11.76541668187501,7.124166726666665,9.189196839377805,10.946728814731335,8.926802599302983
2024-12-25 15:00:00,8.815000057083333,9.38527014443327,10.5325000275,8.326666752500001,11.156250019583343,8.095833378333332,8.887909387570962,11.10737721074321,8.58249423759298
2024-12-25 16:00:00,8.337499936416666,9.38527014443327,10.030833403416667,7.879166722250001,10.67437501731251,8.103333394333331,8.566644684013552,11.075902298553661,8.261723273603097
2024-12-25 17:00:00,7.941666722250001,9.38527014443327,9.66166671125,7.589999953916667,10.28166671575001,8.090833504999999,8.307442057840895,11.188647634744719,8.011648921823324
2024-12-25 18:00:00,7.56250003975,9.38527014443327,9.210833311166667,7.2491666475,9.858958363333343,7.5199999015,8.111968854798615,10.569359453490332,7.787825691433001
2024-12-25 19:00:00,7.328333338,9.38527014443327,8.815000057083333,7.006666740083333,9.429583370729176,7.097500086666667,9.791644475848011,7.636468419630078,7.588968291722694
2024-12-25 20:00:00,7.0966666539166665,9.38527014443327,8.337499936416666,6.765833338166666,9.006250003979176,6.644166469416666,9.279358244948327,6.890799687960829,7.401199540618368
2024-12-25 21:00:00,6.84833335875,9.38527014443327,7.941666722250001,6.538333336416667,8.576250006729177,6.221666733250002,9.050204022660324,7.13072954383531,7.261974590307398
2024-12-25 22:00:00,6.520833293583333,9.38527014443327,7.56250003975,6.349999984083333,8.16416668887501,5.914166768333333,8.850169379898622,7.227900209730993,7.171980751366862
2024-12-25 23:00:00,6.30333340175,9.38527014443327,7.328333338,6.223333279166667,7.792500009104177,5.841666618916667,8.938863151886935,7.502617755382014,7.164134762314456
2024-12-26 00:00:00,6.1499999760833335,9.38527014443327,7.0966666539166665,6.0241666235833335,7.482291688479176,5.855833371416667,9.121884131895856,7.176495311797914,7.23287564281208
2024-12-26 01:00:00,6.001666704833333,9.38527014443327,6.84833335875,5.850833336416667,7.2089583476041765,5.754999995249999,9.372724538561853,6.992485911211228,7.365834649657839
2024-12-26 02:00:00,5.939166585416667,9.38527014443327,6.520833293583333,5.715833306166666,6.948541661062509,5.479166547416667,9.542113357708304,7.869124188209949,7.53683675249448
2024-12-26 03:00:00,17.779999971333336,9.38527014443327,6.30333340175,20.168333292499998,6.69229167700001,5.278333465499999,9.75075252094364,18.38665518514221,7.720842378537819
2024-12-26 04:00:00,15.359166542499999,9.38527014443327,6.1499999760833335,17.949999967500002,6.455625007541677,5.2033332982500005,9.881312285780872,16.01818680513569,7.847735456698979
2024-12-26 05:00:00,13.860833247499999,9.38527014443327,6.001666704833333,16.304166634999998,6.243958344062509,5.155000050916667,9.87672274329663,14.6947913210708,7.873254780238084
2024-12-26 06:00:00,12.6158332825,9.38527014443327,5.939166585416667,14.679166715000001,6.098541667020843,5.357499877250001,9.713248589402419,13.957648394393589,7.7942533550339945
2024-12-26 07:00:00,12.209166526666666,9.38527014443327,17.779999971333336,12.969166676666667,8.967708309416677,29.256666540916672,9.981137915676046,10.991338898638675,9.607296462676672
2024-12-26 08:00:00,11.774166741666667,9.38527014443327,15.359166542499999,11.958333412500002,11.269999951020843,24.568333108916665,10.723951355120283,11.41553563484835,10.219207286398293
2024-12-26 09:00:00,10.914999960000001,9.38527014443327,13.860833247499999,11.2324999175,13.234791586687509,21.719999790166664,11.318953226904805,11.229839422728169,10.214464587169768
2024-12-26 10:00:00,10.254166762333334,9.38527014443327,12.6158332825,10.901666720833333,14.903958260958344,19.292499979583333,11.439636002613929,12.565371911828581,9.925627264138003
2024-12-26 11:00:00,9.659999926833335,9.38527014443327,12.209166526666666,10.5325000275,13.511249899791675,6.6383330819999955,12.382555396545392,12.563577782200552,9.651182517138537
2024-12-26 12:00:00,9.121666749416667,9.38527014443327,11.774166741666667,10.030833403416667,12.614999949583343,8.189166940833335,11.305305649444268,11.924685120657582,9.365067207979475
2024-12-26 13:00:00,8.741666714416667,9.38527014443327,10.914999960000001,9.66166671125,11.878541627708342,7.969166672500004,9.161183797818797,10.225704701459332,8.958576513155162
2024-12-26 14:00:00,8.387500047666666,9.38527014443327,10.254166762333334,9.210833311166667,11.288124997666676,7.892500242166667,8.390688777810643,10.443194629633448,8.56783927562295
2024-12-26 15:00:00,8.009166638,9.38527014443327,9.659999926833335,8.815000057083333,10.650833347708344,7.1108333270000035,7.954246001835172,10.038277970545852,8.197947813418885
2024-12-26 16:00:00,7.674166679416667,9.38527014443327,9.121666749416667,8.337499936416666,9.987708349645844,6.469166757166667,7.643115328361695,9.986437580789328,7.876951850595724
2024-12-26 17:00:00,7.537500024,9.38527014443327,8.741666714416667,7.941666722250001,9.44437503825001,6.568333468833332,7.410493040999376,9.50951443387058,7.621386203342696
2024-12-26 18:00:00,7.114166657166667,9.38527014443327,8.387500047666666,7.56250003975,8.977708359583342,6.520833332999999,7.274275486143264,9.858850761385215,7.420725681062121
2024-12-26 19:00:00,6.83333333325,9.38527014443327,8.009166638,7.328333338,8.56500003737501,6.358333349166665,8.861403481270221,8.113494555701312,7.238883631271975
2024-12-26 20:00:00,6.671666622166666,9.38527014443327,7.674166679416667,7.0966666539166665,8.20312501987501,6.226666609416668,8.403761579072752,7.8530884211948075,7.071624011401525
2024-12-26 21:00:00,6.484166662,9.38527014443327,7.537500024,6.84833335875,7.9020833472708425,6.333333333583333,8.389742268970544,7.954734248711287,6.977747038531634
2024-12-26 22:00:00,6.304166674583333,9.38527014443327,7.114166657166667,6.520833293583333,7.5837499996458435,5.840833266666667,8.493831519910445,8.037970800552243,6.888023966931113
2024-12-26 23:00:00,6.105833451083334,9.38527014443327,6.83333333325,6.30333340175,7.2897916734583434,5.6575000284999994,8.882269031676215,7.6809519988607775,6.8611764313613275
2024-12-27 00:00:00,5.9808333317499995,9.38527014443327,6.671666622166666,6.1499999760833335,7.0391666591458435,5.669166564916664,9.305477998060665,7.532664119096975,6.935792621475054
2024-12-27 01:00:00,5.7866666715,9.38527014443327,6.484166662,6.001666704833333,6.775833318645843,5.4308333,9.528218942143047,7.784674618806299,7.083409935733794
2024-12-27 02:00:00,10.040833274999999,9.38527014443327,6.304166674583333,5.939166585416667,6.57333332300001,5.4941666919999985,9.668019740132348,7.800601844077507,7.297171782042618
2024-12-27 03:00:00,23.034999688333333,9.38527014443327,6.105833451083334,17.779999971333336,6.3914583524583435,5.378333568916668,9.829777563508825,16.837811424489637,7.546811155059288
2024-12-27 04:00:00,19.499999840833333,9.38527014443327,5.9808333317499995,15.359166542499999,6.218750029854176,5.290000041333333,9.859063627496074,15.122905518711102,7.7805287821021745
2024-12-27 05:00:00,17.48083321333333,9.38527014443327,5.7866666715,13.860833247499999,6.044375032229176,5.089166681,9.839242721647677,14.614318224693697,7.929271019347672
2024-12-27 06:00:00,16.205714091428572,9.38527014443327,10.040833274999999,12.6158332825,6.978541682333343,13.777499875416666,11.034813732046196,13.18130266290233,8.660943949428914
2024-12-29 00:00:00,5.314166665166667,9.38527014443327,5.92083334925,7.313333312583333,6.141041676250009,5.364166736666665,8.10863897908466,7.896389900876833,7.700198575430306
2024-12-29 01:00:00,5.252499938,9.38527014443327,5.7966667415833335,7.032499948916667,6.014375011166677,5.2900000812500005,8.444557533943932,8.191303148287457,7.885444293113437
2024-12-29 02:00:00,6.217500050583333,9.38527014443327,5.673333287166667,7.996666709666666,5.86729166906251,5.08499991875,8.70552819499789,8.493507325967858,8.042375462903506
2024-12-29 03:00:00,10.210833231333334,9.38527014443327,5.4291666745,12.358333428333333,5.70500001312501,4.78000005075,8.88448748859823,17.274097691398012,8.152201514727878
2024-12-29 04:00:00,9.19916669525,9.38527014443327,5.314166665166667,10.63583326225,5.553333342104176,4.707499981083334,9.094067046004904,15.07902290633246,8.233890611854072
2024-12-29 05:00:00,8.535833358666666,9.38527014443327,5.252499938,9.659999847833333,5.417291641208343,4.708333134416666,9.321693962001017,12.548625187382182,8.312978733856305
2024-12-29 06:00:00,8.018333315833333,9.38527014443327,6.217500050583333,9.158333460583334,5.553333332062509,6.761666814,9.129406368185698,11.939089896712652,8.425990999781929
2024-12-29 07:00:00,7.7150000334166675,9.38527014443327,10.210833231333334,8.646666685666666,6.748749971270843,14.992499788166668,7.76580777342139,11.257719399775054,8.695649503409797
2024-12-29 08:00:00,7.384166717583334,9.38527014443327,9.19916669525,8.173333406416667,7.719999978791677,13.084166725333333,8.518165159068904,10.148293377325627,8.71583818391687
2024-12-29 09:00:00,7.1466667255,9.38527014443327,8.535833358666666,7.608333388916667,8.540833333958343,11.819166779333333,8.327840472989282,9.789421527927475,8.561878550442174
2024-12-29 10:00:00,6.9616666635,9.38527014443327,8.018333315833333,7.48416666175,8.991041650270844,9.819166581083334,8.040710815908511,10.031690215969597,8.306560465967426
2024-12-29 11:00:00,6.89333331575,9.38527014443327,7.7150000334166675,7.181666692083333,8.367083350791676,5.219166835500001,8.40767289603763,9.930408441801966,8.06090437662969
2024-12-29 12:00:00,6.792499979416667,9.38527014443327,7.384166717583334,7.055833379666667,7.91333335637501,5.5691667399166676,7.6837593290086,10.2080279212313,7.836238948771681
2024-12-29 13:00:00,6.43916670475,9.38527014443327,7.1466667255,6.952499985583334,7.5660416980833425,5.757500092333334,6.637786825695288,9.967664023652581,7.633238182378312
2024-12-29 14:00:00,6.1074999967500005,9.38527014443327,6.9616666635,6.724166671333333,7.30187503500001,5.905000011166667,6.438632471068331,9.766356031328726,7.471480748465614
2024-12-29 15:00:00,5.858333349166667,9.38527014443327,6.89333331575,6.610000014250001,7.0964583555833425,6.071666598083332,6.074073849124972,9.605186806313764,7.370416340546953
2024-12-29 16:00:00,5.601666689166667,9.38527014443327,6.792499979416667,6.477499961833334,6.948541671041676,6.200833241250001,5.623276959704493,9.583247124955683,7.300403622291332
2024-12-29 17:00:00,5.505833307916666,9.38527014443327,6.43916670475,6.3033334019166665,6.771666665854177,5.7316666839999995,5.332505188161031,9.263382711978345,7.219531311502333
2024-12-29 18:00:00,5.369166692083333,9.38527014443327,6.1074999967500005,6.261666655583333,6.558124999166677,5.253333330000001,5.370561019769859,9.200293959679524,7.155279873083976
2024-12-29 19:00:00,5.232499957,9.38527014443327,5.858333349166667,6.0783332982500005,6.299375007520843,4.823333382583335,6.110662002997147,8.85290818620018,7.129059003040348
2024-12-29 20:00:00,5.1333333649999995,9.38527014443327,5.601666689166667,5.92083334925,6.0016666849583435,4.410833398916666,6.044880629168368,8.541300356657233,7.14837715658412
2024-12-29 21:00:00,5.05416667475,9.38527014443327,5.505833307916666,5.7966667415833335,5.76833333575001,4.572499911083333,6.306911496080509,8.629047156860139,7.227367050686979
2024-12-29 22:00:00,4.895000020583333,9.38527014443327,5.369166692083333,5.673333287166667,5.583750009583343,4.630833387416665,6.661612258668287,8.89852277117249,7.333611485525294
2024-12-29 23:00:00,4.784166693833334,9.38527014443327,5.232499957,5.4291666745,5.427291661541676,4.606666564833333,7.009525158743041,8.845535080517028,7.472528228007065
2024-12-30 00:00:00,4.695833325250001,9.38527014443327,5.1333333649999995,5.314166665166667,5.310208330500009,4.665000040833332,7.970046227326784,8.668053177836335,7.625665950210687
2024-12-30 01:00:00,4.625833392250001,9.38527014443327,5.05416667475,5.252499938,5.197291672208342,4.602500041583334,8.375388842056138,8.790473253803581,7.79289183093309
2024-12-30 02:00:00,5.840833386,9.38527014443327,4.895000020583333,6.217500050583333,5.078750004333343,4.420833349083333,8.696062385274512,8.686037761418099,7.9368899453573185
2024-12-30 03:00:00,21.333333014166666,9.38527014443327,4.784166693833334,10.210833231333334,4.966666688541677,4.335833430666668,8.970474378371105,17.291075035537027,8.072674783801043
2024-12-30 04:00:00,21.996666590833332,9.38527014443327,4.695833325250001,9.19916669525,4.857291678604176,4.258333285500002,9.165352311851361,15.882244393423413,8.194519161473234
2024-12-30 05:00:00,21.275833448333334,9.38527014443327,4.625833392250001,8.535833358666666,4.750208357979177,4.197500109750001,9.25565703899693,14.598963400134888,8.307898643147318
2024-12-30 06:00:00,20.51833327583333,9.38527014443327,5.840833386,8.018333315833333,4.986666699333344,6.786666751416667,9.682903020319207,14.643575946423406,8.591151460970877
2024-12-30 07:00:00,19.612500032499998,9.38527014443327,21.333333014166666,7.7150000334166675,9.123958279416676,37.8824993345,11.365292496497064,18.425154107112395,11.213302598186768
2024-12-30 08:00:00,18.8550001775,9.38527014443327,21.996666590833332,7.384166717583334,13.44916659581251,39.297499856416664,14.407333041522076,18.151645532850598,13.072443400594542
2024-12-30 09:00:00,18.220000108333334,9.38527014443327,21.275833448333334,7.1466667255,17.611666609833343,37.925833504416666,15.895903874121846,18.193298532369607,13.79575151324762
2024-12-30 10:00:00,17.73333327,9.38527014443327,20.51833327583333,6.9616666635,21.281041582291675,35.19583316566666,16.829742528818542,17.43406372948708,13.893577674750215
2024-12-30 11:00:00,17.352499801666667,9.38527014443327,19.612500032499998,6.89333331575,20.850833336875006,17.89166705083333,18.162580729735396,15.485519697660187,13.602891994488722
2024-12-30 12:00:00,16.96583318833333,9.38527014443327,18.8550001775,6.792499979416667,20.065416733541674,15.713333764166666,16.810264942003723,15.421207060753607,13.154887927210641
2024-12-30 13:00:00,16.7491666475,9.38527014443327,18.220000108333334,6.43916670475,19.301458398541676,15.164166768333335,13.982062489151147,14.528067398133675,12.67433540485788
2024-12-30 14:00:00,16.407499631666667,9.38527014443327,17.73333327,6.1074999967500005,18.60520839708334,14.948333264166667,13.555109258198815,14.042336414561358,12.25071121748615
2024-12-30 15:00:00,15.904166538333333,9.38527014443327,17.352499801666667,5.858333349166667,18.04020833937501,15.092499570833336,13.33436531417224,13.851312219466127,11.900040463902492
2024-12-30 16:00:00,15.378333410000002,9.38527014443327,16.96583318833333,5.601666689166667,17.567916592083343,15.076666199166663,13.217076007597218,14.521509669787376,11.628070472735272
2024-12-30 17:00:00,14.965833425833333,9.38527014443327,16.7491666475,5.505833307916666,17.20020822687501,15.278333186666668,13.208223327289454,15.495405317422117,11.465663453453228
2024-12-30 18:00:00,14.664166689166668,9.38527014443327,16.407499631666667,5.369166692083333,16.868749817291675,15.081665993333335,13.16829433620421,15.265835852340816,11.323637014980225
2024-12-30 19:00:00,14.280833325000001,9.38527014443327,15.904166538333333,5.232499957,16.506666501458344,14.455833275,15.123013016404759,12.588616137785158,11.175545786696818
2024-12-30 20:00:00,13.838333288333333,9.38527014443327,15.378333410000002,5.1333333649999995,16.10979155687501,13.790833631666672,14.685785916657055,12.179283593983614,11.030521119544483
2024-12-30 21:00:00,13.354166745833334,9.38527014443327,14.965833425833333,5.05416667475,15.663958251458343,13.182500204166665,14.396657134309226,12.29587836489853,10.917500240882754
2024-12-30 22:00:00,12.96416672,9.38527014443327,14.664166689166668,4.895000020583333,15.228125015833344,12.92083374666667,14.297681533490985,12.396840570780764,10.822669887951827
2024-12-30 23:00:00,12.6141666575,9.38527014443327,14.280833325000001,4.784166693833334,14.82229171250001,12.65750011166667,14.437960833515369,12.540199571155904,10.72856371665006
2024-12-31 00:00:00,12.119999964166666,9.38527014443327,13.838333288333333,4.695833325250001,14.437291682083345,12.298333166666664,14.645054636590233,11.70112953336904,10.619674815929436
2024-12-31 01:00:00,11.7458333175,9.38527014443327,13.354166745833334,4.625833392250001,14.034375012083343,11.742500065833335,14.844258355159091,12.235805363862621,10.505728174905917
2024-12-31 02:00:00,11.413333496666667,9.38527014443327,12.96416672,5.840833386,13.609375019791676,11.264166750833331,14.983493868530207,12.620659419828254,10.397603245231664
2024-12-31 03:00:00,9.579166730583333,9.38527014443327,12.6141666575,21.333333014166666,13.192708352916677,10.947499989999999,15.024531522161205,18.104732301178828,10.302767909726132
2024-12-31 04:00:00,8.895000060416667,9.38527014443327,12.119999964166666,21.996666590833332,12.763125021875009,10.40166664,14.845852588808537,17.274169645138933,10.172949063756338
2024-12-31 05:00:00,9.56583340975,9.38527014443327,11.7458333175,21.275833448333334,12.361041664791676,10.137499889166667,14.664345451235317,17.780886293861403,10.075739887349238
2024-12-31 06:00:00,12.651666642499999,9.38527014443327,11.413333496666667,20.51833327583333,11.973333358958342,9.862500273333334,14.300366894187103,16.97653175209826,10.019834047856992
2024-12-31 07:00:00,11.7199999475,9.38527014443327,9.579166730583333,19.612500032499998,11.214583377229177,6.544166803666666,6.114380879431404,8.341595226787248,8.676503177510293
2024-12-31 08:00:00,10.502500058333334,9.38527014443327,8.895000060416667,18.8550001775,10.408333401291676,5.670000156666667,8.71160118876072,8.69356522914449,8.022597346543964
2024-12-31 09:00:00,10.1474999585,9.38527014443327,9.56583340975,18.220000108333334,9.863333424354177,7.3858335020000005,10.85679035797543,8.660665097410826,7.854426342598443
2024-12-31 10:00:00,14.020833255,9.38527014443327,12.651666642499999,17.73333327,10.17291671081251,13.88999978833333,13.456096624285266,11.871676900471767,8.580193355819574
2024-12-31 11:00:00,13.2899998825,9.38527014443327,11.7199999475,17.352499801666667,10.708125015041677,13.860833164416666,13.963733290707946,11.827233426341747,8.82028974605268
2024-12-31 12:00:00,10.873333295666667,9.38527014443327,10.502500058333334,16.96583318833333,11.110000014520843,12.110000056250001,12.264875126897932,11.172449574266691,8.707851615080939
2024-12-31 13:00:00,20.943333387,9.38527014443327,10.1474999585,16.7491666475,11.255416651708343,10.729166507249998,8.041488516151299,10.431734239576834,8.587843316151053
2024-12-31 14:00:00,30.924166519166665,9.38527014443327,14.020833255,16.407499631666667,11.597708304833343,15.3899998675,9.969543571144913,11.69286730548335,9.538548570984782
2024-12-31 15:00:00,30.968333242499998,9.38527014443327,13.2899998825,15.904166538333333,11.990208288583343,14.8599998175,8.943319420163812,11.843654435970828,9.748225542477435
2024-12-31 16:00:00,31.034999850000002,9.38527014443327,10.873333295666667,15.378333410000002,12.082916597916675,11.244166533,5.8391618143328685,9.761925467838337,8.805888361540273
2024-12-31 17:00:00,29.957499980833333,9.38527014443327,20.943333387,14.965833425833333,14.781874955041676,31.7391668155,12.575707279545977,13.592625894618724,11.206234602569268
2024-12-31 18:00:00,28.0241669025,9.38527014443327,30.924166519166665,14.664166689166668,19.007708271083345,47.82749978333333,19.89011996872018,17.752591563410224,15.636833045175642
2024-12-31 19:00:00,27.017499922499997,9.38527014443327,30.968333242499998,14.280833325000001,23.42729161108334,48.64666660249999,22.32044163149761,18.986003904619317,17.723389514264653
